date,channel,geo,ad_format,impressions,clicks,revenue,ecpm,fill_rate
2026-01-01,AdMob,US,Banner,240590,5001,629.58,2.7799,0.9413
2026-01-01,AdMob,US,Interstitial,44840,1028,296.49,7.9152,0.8354
2026-01-01,AdMob,US,Rewarded,77275,1835,809.0,13.2806,0.7883
2026-01-01,AdMob,US,Native,137466,2401,583.64,5.6077,0.7571
2026-01-01,AdMob,IN,Banner,376509,6901,70.35,0.2412,0.7747
2026-01-01,AdMob,IN,Interstitial,82684,1565,44.54,0.7423,0.7256
2026-01-01,AdMob,IN,Rewarded,118418,2381,102.28,1.2684,0.6809
2026-01-01,AdMob,IN,Native,205544,3569,70.14,0.5092,0.6701
2026-01-01,AdMob,BR,Banner,130427,2930,45.52,0.3923,0.8896
2026-01-01,AdMob,BR,Interstitial,28241,551,25.63,1.1034,0.8224
2026-01-01,AdMob,BR,Rewarded,39897,928,52.33,1.7983,0.7294
2026-01-01,AdMob,BR,Native,69572,1402,42.77,0.8673,0.7089
2026-01-01,AdMob,ID,Banner,202802,4502,25.78,0.1687,0.7538
2026-01-01,AdMob,ID,Interstitial,45273,1058,20.24,0.6474,0.6907
2026-01-01,AdMob,ID,Rewarded,52592,978,27.5,0.8453,0.6185
2026-01-01,AdMob,ID,Native,96660,1822,24.49,0.4008,0.6321
2026-01-01,AdMob,DE,Banner,93428,2094,134.9,1.6641,0.8677
2026-01-01,AdMob,DE,Interstitial,17447,306,92.48,6.0356,0.8783
2026-01-01,AdMob,DE,Rewarded,25549,557,185.26,8.7705,0.8268
2026-01-01,AdMob,DE,Native,54069,915,143.62,3.522,0.7542
2026-01-01,AdMob,JP,Banner,138616,2288,221.18,1.8444,0.8651
2026-01-01,AdMob,JP,Interstitial,23582,497,116.77,5.7902,0.8552
2026-01-01,AdMob,JP,Rewarded,41856,908,285.41,8.95,0.7619
2026-01-01,AdMob,JP,Native,67389,1344,220.11,4.2515,0.7683
2026-01-01,Unity,US,Banner,176193,2971,388.03,2.513,0.8763
2026-01-01,Unity,US,Interstitial,30080,603,225.3,8.7319,0.8578
2026-01-01,Unity,US,Rewarded,58919,1298,585.52,12.1107,0.8206
2026-01-01,Unity,US,Native,80380,1389,335.16,5.4466,0.7656
2026-01-01,Unity,IN,Banner,316094,7261,63.66,0.2548,0.7904
2026-01-01,Unity,IN,Interstitial,61101,1241,35.28,0.7499,0.7701
2026-01-01,Unity,IN,Rewarded,91747,1548,81.89,1.2951,0.6892
2026-01-01,Unity,IN,Native,128573,2942,48.54,0.5518,0.6841
2026-01-01,Unity,BR,Banner,89468,1590,27.21,0.3608,0.843
2026-01-01,Unity,BR,Interstitial,18605,345,18.22,1.161,0.8433
2026-01-01,Unity,BR,Rewarded,31677,753,44.77,1.8731,0.7546
2026-01-01,Unity,BR,Native,59783,1100,34.47,0.7983,0.7223
2026-01-01,Unity,ID,Banner,130963,2622,15.57,0.1633,0.7279
2026-01-01,Unity,ID,Interstitial,24232,434,9.89,0.5734,0.7119
2026-01-01,Unity,ID,Rewarded,37525,673,22.9,0.8981,0.6795
2026-01-01,Unity,ID,Native,73614,1606,19.39,0.442,0.5959
2026-01-01,Unity,DE,Banner,67223,1363,103.84,1.6937,0.912
2026-01-01,Unity,DE,Interstitial,12279,214,60.51,5.8688,0.8397
2026-01-01,Unity,DE,Rewarded,18106,292,125.38,8.4,0.8244
2026-01-01,Unity,DE,Native,35126,611,99.22,3.6394,0.7761
2026-01-01,Unity,JP,Banner,92512,1581,149.47,1.7592,0.9184
2026-01-01,Unity,JP,Interstitial,16665,383,80.41,5.5362,0.8715
2026-01-01,Unity,JP,Rewarded,24343,497,184.75,9.288,0.8171
2026-01-01,Unity,JP,Native,44139,1023,126.16,3.9832,0.7176
2026-01-01,AppLovin,US,Banner,140015,2631,331.79,2.6179,0.9052
2026-01-01,AppLovin,US,Interstitial,26694,593,222.35,9.1751,0.9078
2026-01-01,AppLovin,US,Rewarded,39097,906,365.61,11.6896,0.8
2026-01-01,AppLovin,US,Native,64495,1374,259.85,5.3659,0.7508
2026-01-01,AppLovin,IN,Banner,170303,3667,29.86,0.2237,0.7838
2026-01-01,AppLovin,IN,Interstitial,41823,748,23.92,0.7559,0.7567
2026-01-01,AppLovin,IN,Rewarded,56857,1295,51.01,1.2592,0.7125
2026-01-01,AppLovin,IN,Native,104728,1983,37.81,0.5677,0.6361
2026-01-01,AppLovin,BR,Banner,69717,1334,21.2,0.3416,0.8902
2026-01-01,AppLovin,BR,Interstitial,16764,335,17.16,1.2315,0.8313
2026-01-01,AppLovin,BR,Rewarded,23019,501,30.69,1.7973,0.7417
2026-01-01,AppLovin,BR,Native,35033,610,19.52,0.7601,0.733
2026-01-01,AppLovin,ID,Banner,113213,2146,16.67,0.1963,0.7499
2026-01-01,AppLovin,ID,Interstitial,17092,405,7.56,0.6514,0.6791
2026-01-01,AppLovin,ID,Rewarded,34172,652,20.9,0.9635,0.6347
2026-01-01,AppLovin,ID,Native,55267,1130,13.23,0.4046,0.5918
2026-01-01,AppLovin,DE,Banner,56542,948,87.87,1.7147,0.9063
2026-01-01,AppLovin,DE,Interstitial,10345,208,51.49,6.0391,0.8242
2026-01-01,AppLovin,DE,Rewarded,16698,361,119.26,8.6473,0.826
2026-01-01,AppLovin,DE,Native,23946,538,69.71,3.6911,0.7887
2026-01-01,AppLovin,JP,Banner,69382,1388,119.12,1.9488,0.881
2026-01-01,AppLovin,JP,Interstitial,13618,304,71.78,6.18,0.8529
2026-01-01,AppLovin,JP,Rewarded,20943,350,142.65,8.7084,0.7821
2026-01-01,AppLovin,JP,Native,31983,650,90.84,3.8102,0.7454
2026-01-01,ironSource,US,Banner,93596,1525,213.07,2.5963,0.8768
2026-01-01,ironSource,US,Interstitial,21935,442,152.49,8.2623,0.8414
2026-01-01,ironSource,US,Rewarded,32429,541,326.86,12.0253,0.8382
2026-01-01,ironSource,US,Native,43275,913,203.44,5.9873,0.7852
2026-01-01,ironSource,IN,Banner,170852,3175,35.08,0.2628,0.7813
2026-01-01,ironSource,IN,Interstitial,34833,579,19.58,0.7633,0.7365
2026-01-01,ironSource,IN,Rewarded,41165,887,39.16,1.311,0.7256
2026-01-01,ironSource,IN,Native,77814,1400,26.08,0.5234,0.6402
2026-01-01,ironSource,BR,Banner,60886,1110,19.74,0.3755,0.8636
2026-01-01,ironSource,BR,Interstitial,13637,284,13.92,1.2571,0.8119
2026-01-01,ironSource,BR,Rewarded,17565,387,22.64,1.7092,0.754
2026-01-01,ironSource,BR,Native,25629,418,13.71,0.7755,0.6897
2026-01-01,ironSource,ID,Banner,88531,1485,11.91,0.1873,0.7181
2026-01-01,ironSource,ID,Interstitial,15959,310,6.3,0.5968,0.6616
2026-01-01,ironSource,ID,Rewarded,23269,380,14.07,0.9209,0.6568
2026-01-01,ironSource,ID,Native,38495,879,10.15,0.4306,0.6122
2026-01-01,ironSource,DE,Banner,41904,885,55.54,1.5388,0.8614
2026-01-01,ironSource,DE,Interstitial,6863,141,34.27,5.5944,0.8926
2026-01-01,ironSource,DE,Rewarded,11597,236,79.39,8.4864,0.8066
2026-01-01,ironSource,DE,Native,22648,526,68.19,3.7623,0.8003
2026-01-01,ironSource,JP,Banner,45436,733,63.15,1.645,0.8449
2026-01-01,ironSource,JP,Interstitial,8783,162,43.71,6.2196,0.8002
2026-01-01,ironSource,JP,Rewarded,16551,302,110.08,8.1419,0.8169
2026-01-01,ironSource,JP,Native,22136,509,73.21,4.3653,0.7576
2026-01-02,AdMob,US,Banner,267630,4661,651.45,2.7048,0.8999
2026-01-02,AdMob,US,Interstitial,53759,1037,444.68,9.0216,0.9169
2026-01-02,AdMob,US,Rewarded,72120,1690,790.67,13.4549,0.8148
2026-01-02,AdMob,US,Native,138440,3050,650.93,5.8655,0.8016
2026-01-02,AdMob,IN,Banner,352374,7967,71.31,0.2593,0.7804
2026-01-02,AdMob,IN,Interstitial,75681,1217,47.88,0.8633,0.7328
2026-01-02,AdMob,IN,Rewarded,134593,3176,102.23,1.1019,0.6893
2026-01-02,AdMob,IN,Native,227036,4447,86.66,0.5682,0.6717
2026-01-02,AdMob,BR,Banner,140694,3097,42.29,0.3477,0.8647
2026-01-02,AdMob,BR,Interstitial,32624,651,32.08,1.2695,0.7745
2026-01-02,AdMob,BR,Rewarded,39027,901,53.96,1.8178,0.7605
2026-01-02,AdMob,BR,Native,71645,1582,38.72,0.7757,0.6967
2026-01-02,AdMob,ID,Banner,207093,4474,23.67,0.1656,0.6901
2026-01-02,AdMob,ID,Interstitial,34873,580,15.55,0.6386,0.6981
2026-01-02,AdMob,ID,Rewarded,52527,996,33.19,0.9876,0.6399
2026-01-02,AdMob,ID,Native,109383,2409,32.12,0.4576,0.6417
2026-01-02,AdMob,DE,Banner,96287,1970,134.71,1.5126,0.9249
2026-01-02,AdMob,DE,Interstitial,19545,389,95.52,5.947,0.8218
2026-01-02,AdMob,DE,Rewarded,25602,433,162.47,8.1983,0.7741
2026-01-02,AdMob,DE,Native,44262,914,137.56,3.9649,0.7838
2026-01-02,AdMob,JP,Banner,142331,3266,215.1,1.755,0.8611
2026-01-02,AdMob,JP,Interstitial,22926,544,119.52,6.5559,0.7952
2026-01-02,AdMob,JP,Rewarded,32360,774,249.4,9.7041,0.7942
2026-01-02,AdMob,JP,Native,54508,1100,181.21,4.2452,0.7831
2026-01-02,Unity,US,Banner,181793,3821,441.17,2.6498,0.9158
2026-01-02,Unity,US,Interstitial,35885,654,274.89,9.182,0.8343
2026-01-02,Unity,US,Rewarded,59593,1249,675.22,13.7452,0.8243
2026-01-02,Unity,US,Native,81656,1537,354.95,5.5789,0.7792
2026-01-02,Unity,IN,Banner,287027,6856,51.53,0.2197,0.817
2026-01-02,Unity,IN,Interstitial,59329,1335,34.75,0.8058,0.7269
2026-01-02,Unity,IN,Rewarded,88655,2001,72.51,1.119,0.7308
2026-01-02,Unity,IN,Native,158891,3073,62.36,0.5853,0.6705
2026-01-02,Unity,BR,Banner,118630,1923,37.19,0.3864,0.8113
2026-01-02,Unity,BR,Interstitial,20221,347,21.83,1.2745,0.8468
2026-01-02,Unity,BR,Rewarded,32389,736,45.58,1.7571,0.8009
2026-01-02,Unity,BR,Native,57828,1051,34.58,0.8347,0.7163
2026-01-02,Unity,ID,Banner,121367,2912,17.4,0.1931,0.7425
2026-01-02,Unity,ID,Interstitial,32171,757,13.71,0.6067,0.7024
2026-01-02,Unity,ID,Rewarded,46405,790,25.57,0.8545,0.6448
2026-01-02,Unity,ID,Native,79535,1699,20.31,0.4289,0.5954
2026-01-02,Unity,DE,Banner,72480,1549,100.54,1.6032,0.8652
2026-01-02,Unity,DE,Interstitial,14085,321,69.98,5.7996,0.8567
2026-01-02,Unity,DE,Rewarded,21327,410,149.69,8.3505,0.8405
2026-01-02,Unity,DE,Native,31157,653,85.24,3.4872,0.7845
2026-01-02,Unity,JP,Banner,92857,1496,133.6,1.6967,0.848
2026-01-02,Unity,JP,Interstitial,16715,325,84.43,6.1079,0.827
2026-01-02,Unity,JP,Rewarded,29432,655,203.71,8.7269,0.7931
2026-01-02,Unity,JP,Native,42392,1000,141.37,4.3026,0.7751
2026-01-02,AppLovin,US,Banner,111765,2019,284.35,2.7676,0.9193
2026-01-02,AppLovin,US,Interstitial,24693,460,200.91,9.3161,0.8734
2026-01-02,AppLovin,US,Rewarded,39000,664,373.77,12.0874,0.7929
2026-01-02,AppLovin,US,Native,55525,1173,231.68,5.5358,0.7538
2026-01-02,AppLovin,IN,Banner,180912,3580,34.12,0.2326,0.8109
2026-01-02,AppLovin,IN,Interstitial,42010,685,22.56,0.7476,0.7182
2026-01-02,AppLovin,IN,Rewarded,54040,902,42.1,1.1469,0.6793
2026-01-02,AppLovin,IN,Native,88619,1676,31.69,0.5556,0.6435
2026-01-02,AppLovin,BR,Banner,75076,1681,22.75,0.3737,0.8108
2026-01-02,AppLovin,BR,Interstitial,15575,363,14.35,1.0996,0.8377
2026-01-02,AppLovin,BR,Rewarded,19537,429,26.49,1.7197,0.7884
2026-01-02,AppLovin,BR,Native,33950,674,19.16,0.7912,0.7131
2026-01-02,AppLovin,ID,Banner,103547,2275,13.02,0.1753,0.7173
2026-01-02,AppLovin,ID,Interstitial,17220,398,6.86,0.5703,0.6986
2026-01-02,AppLovin,ID,Rewarded,30105,589,16.98,0.9058,0.6225
2026-01-02,AppLovin,ID,Native,50489,960,12.03,0.3984,0.5979
2026-01-02,AppLovin,DE,Banner,42801,796,59.53,1.5913,0.874
2026-01-02,AppLovin,DE,Interstitial,8859,189,45.33,5.9296,0.863
2026-01-02,AppLovin,DE,Rewarded,16301,330,104.4,8.2474,0.7765
2026-01-02,AppLovin,DE,Native,25651,436,78.72,4.039,0.7598
2026-01-02,AppLovin,JP,Banner,58445,1201,91.36,1.7507,0.8928
2026-01-02,AppLovin,JP,Interstitial,11960,214,66.53,6.5838,0.8448
2026-01-02,AppLovin,JP,Rewarded,16510,285,106.73,8.3751,0.7719
2026-01-02,AppLovin,JP,Native,28311,656,82.34,4.0195,0.7236
2026-01-02,ironSource,US,Banner,87407,2085,204.22,2.5625,0.9118
2026-01-02,ironSource,US,Interstitial,17672,405,134.64,8.3264,0.915
2026-01-02,ironSource,US,Rewarded,32853,701,319.17,12.1327,0.8007
2026-01-02,ironSource,US,Native,56440,1029,267.49,6.0175,0.7876
2026-01-02,ironSource,IN,Banner,172935,3355,29.81,0.225,0.7662
2026-01-02,ironSource,IN,Interstitial,32073,669,17.34,0.7588,0.7125
2026-01-02,ironSource,IN,Rewarded,44956,892,37.16,1.2195,0.6777
2026-01-02,ironSource,IN,Native,80782,1379,26.86,0.5098,0.6522
2026-01-02,ironSource,BR,Banner,52140,1172,17.21,0.3953,0.8349
2026-01-02,ironSource,BR,Interstitial,11116,230,11.45,1.2436,0.8285
2026-01-02,ironSource,BR,Rewarded,17846,418,23.78,1.7683,0.7534
2026-01-02,ironSource,BR,Native,32975,720,21.05,0.9181,0.6954
2026-01-02,ironSource,ID,Banner,90520,1985,10.51,0.1685,0.6888
2026-01-02,ironSource,ID,Interstitial,16357,365,6.91,0.641,0.6594
2026-01-02,ironSource,ID,Rewarded,21851,492,11.49,0.8395,0.6262
2026-01-02,ironSource,ID,Native,41982,966,10.69,0.4219,0.6034
2026-01-02,ironSource,DE,Banner,38709,736,60.75,1.7545,0.8945
2026-01-02,ironSource,DE,Interstitial,7910,158,36.6,5.2815,0.8762
2026-01-02,ironSource,DE,Rewarded,11035,224,78.71,8.9093,0.8006
2026-01-02,ironSource,DE,Native,22438,527,65.13,3.9457,0.7357
2026-01-02,ironSource,JP,Banner,51915,1160,76.65,1.7406,0.8483
2026-01-02,ironSource,JP,Interstitial,10360,231,54.37,6.0402,0.8689
2026-01-02,ironSource,JP,Rewarded,13432,294,89.82,8.6611,0.7721
2026-01-02,ironSource,JP,Native,21501,494,70.29,4.2587,0.7676
2026-01-03,AdMob,US,Banner,273879,6236,657.18,2.7138,0.8842
2026-01-03,AdMob,US,Interstitial,51074,878,382.68,8.3254,0.9
2026-01-03,AdMob,US,Rewarded,79244,1674,892.99,13.3167,0.8462
2026-01-03,AdMob,US,Native,152114,2854,696.1,6.0008,0.7626
2026-01-03,AdMob,IN,Banner,416060,7991,84.95,0.2596,0.7865
2026-01-03,AdMob,IN,Interstitial,90951,1881,56.7,0.8716,0.7153
2026-01-03,AdMob,IN,Rewarded,138243,3176,113.31,1.2267,0.6682
2026-01-03,AdMob,IN,Native,259816,6074,99.64,0.5673,0.676
2026-01-03,AdMob,BR,Banner,183224,3820,52.57,0.335,0.8565
2026-01-03,AdMob,BR,Interstitial,33714,789,35.7,1.2567,0.8426
2026-01-03,AdMob,BR,Rewarded,50986,1157,67.92,1.6608,0.8021
2026-01-03,AdMob,BR,Native,76538,1542,52.22,0.9107,0.7492
2026-01-03,AdMob,ID,Banner,236298,4414,28.67,0.1764,0.6879
2026-01-03,AdMob,ID,Interstitial,50179,962,18.24,0.5406,0.6726
2026-01-03,AdMob,ID,Rewarded,69774,1310,43.43,0.9756,0.638
2026-01-03,AdMob,ID,Native,123193,2416,30.5,0.416,0.5951
2026-01-03,AdMob,DE,Banner,102609,1985,142.49,1.5432,0.8999
2026-01-03,AdMob,DE,Interstitial,25862,544,119.22,5.3486,0.8619
2026-01-03,AdMob,DE,Rewarded,29460,697,196.76,8.5198,0.7839
2026-01-03,AdMob,DE,Native,51439,1233,142.74,3.7843,0.7333
2026-01-03,AdMob,JP,Banner,143844,3164,222.14,1.8343,0.8419
2026-01-03,AdMob,JP,Interstitial,26247,459,137.95,6.4777,0.8113
2026-01-03,AdMob,JP,Rewarded,37129,613,264.88,8.9497,0.7971
2026-01-03,AdMob,JP,Native,77816,1519,242.77,4.1608,0.7498
2026-01-03,Unity,US,Banner,195258,3408,447.56,2.5804,0.8883
2026-01-03,Unity,US,Interstitial,44618,810,356.47,9.2584,0.8629
2026-01-03,Unity,US,Rewarded,62983,1086,621.79,12.5173,0.7887
2026-01-03,Unity,US,Native,107144,1904,490.05,6.1391,0.745
2026-01-03,Unity,IN,Banner,296021,4982,54.57,0.2483,0.7425
2026-01-03,Unity,IN,Interstitial,70194,1256,39.53,0.7486,0.7523
2026-01-03,Unity,IN,Rewarded,84991,1941,69.43,1.1384,0.7176
2026-01-03,Unity,IN,Native,176949,3121,65.43,0.5485,0.6741
2026-01-03,Unity,BR,Banner,113256,1889,35.58,0.3885,0.8086
2026-01-03,Unity,BR,Interstitial,22033,455,18.71,1.0864,0.7818
2026-01-03,Unity,BR,Rewarded,35371,662,54.2,1.9414,0.7893
2026-01-03,Unity,BR,Native,56017,1016,33.48,0.8198,0.729
2026-01-03,Unity,ID,Banner,166996,3254,21.36,0.1767,0.7237
2026-01-03,Unity,ID,Interstitial,30214,517,13.87,0.6538,0.702
2026-01-03,Unity,ID,Rewarded,53639,1201,32.43,0.8977,0.6736
2026-01-03,Unity,ID,Native,78693,1600,17.87,0.3799,0.5978
2026-01-03,Unity,DE,Banner,83723,1898,114.04,1.5701,0.8675
2026-01-03,Unity,DE,Interstitial,18439,335,84.29,5.5283,0.8269
2026-01-03,Unity,DE,Rewarded,20660,425,143.79,8.9336,0.779
2026-01-03,Unity,DE,Native,37521,849,113.4,3.8917,0.7766
2026-01-03,Unity,JP,Banner,91762,2128,126.37,1.624,0.848
2026-01-03,Unity,JP,Interstitial,22382,477,115.61,6.1169,0.8444
2026-01-03,Unity,JP,Rewarded,27247,519,208.61,9.7459,0.7856
2026-01-03,Unity,JP,Native,50598,1108,139.73,3.8195,0.723
2026-01-03,AppLovin,US,Banner,125758,2403,293.45,2.6026,0.8966
2026-01-03,AppLovin,US,Interstitial,26927,494,198.52,8.2546,0.8931
2026-01-03,AppLovin,US,Rewarded,43984,1033,469.68,12.6889,0.8416
2026-01-03,AppLovin,US,Native,76889,1391,321.54,5.6108,0.7453
2026-01-03,AppLovin,IN,Banner,236560,4914,40.3,0.2185,0.7797
2026-01-03,AppLovin,IN,Interstitial,43712,725,26.24,0.8433,0.7118
2026-01-03,AppLovin,IN,Rewarded,73723,1436,63.22,1.1989,0.7152
2026-01-03,AppLovin,IN,Native,106250,2290,43.22,0.5957,0.6829
2026-01-03,AppLovin,BR,Banner,80354,1344,24.68,0.3665,0.8382
2026-01-03,AppLovin,BR,Interstitial,19409,379,18.23,1.1128,0.8439
2026-01-03,AppLovin,BR,Rewarded,23430,512,33.75,1.8151,0.7935
2026-01-03,AppLovin,BR,Native,47091,1073,30.05,0.8667,0.7364
2026-01-03,AppLovin,ID,Banner,106363,2542,13.37,0.1796,0.6999
2026-01-03,AppLovin,ID,Interstitial,26064,609,9.91,0.5447,0.6981
2026-01-03,AppLovin,ID,Rewarded,31193,507,19.21,0.9122,0.6749
2026-01-03,AppLovin,ID,Native,60905,1447,15.66,0.403,0.638
2026-01-03,AppLovin,DE,Banner,65163,1482,99.75,1.6415,0.9326
2026-01-03,AppLovin,DE,Interstitial,10875,225,51.98,5.8618,0.8154
2026-01-03,AppLovin,DE,Rewarded,15852,341,93.75,7.6239,0.7757
2026-01-03,AppLovin,DE,Native,27368,506,80.57,4.0231,0.7317
2026-01-03,AppLovin,JP,Banner,72726,1527,119.69,1.9047,0.8641
2026-01-03,AppLovin,JP,Interstitial,16039,259,80.12,6.139,0.8137
2026-01-03,AppLovin,JP,Rewarded,23956,484,160.19,8.1383,0.8217
2026-01-03,AppLovin,JP,Native,40671,764,142.15,4.451,0.7852
2026-01-03,ironSource,US,Banner,124217,2611,285.12,2.5,0.9181
2026-01-03,ironSource,US,Interstitial,25578,494,214.01,9.3229,0.8974
2026-01-03,ironSource,US,Rewarded,33686,568,362.79,13.3558,0.8064
2026-01-03,ironSource,US,Native,54992,982,239.99,5.6968,0.7661
2026-01-03,ironSource,IN,Banner,158723,3082,28.16,0.2169,0.818
2026-01-03,ironSource,IN,Interstitial,35522,838,21.2,0.8287,0.7201
2026-01-03,ironSource,IN,Rewarded,59941,1380,45.97,1.1015,0.6962
2026-01-03,ironSource,IN,Native,104274,1807,38.9,0.5563,0.6705
2026-01-03,ironSource,BR,Banner,79167,1678,23.94,0.3407,0.8876
2026-01-03,ironSource,BR,Interstitial,14246,248,13.47,1.203,0.7858
2026-01-03,ironSource,BR,Rewarded,18964,356,25.16,1.6871,0.7864
2026-01-03,ironSource,BR,Native,29923,700,20.63,0.9188,0.7502
2026-01-03,ironSource,ID,Banner,105659,2331,12.67,0.1683,0.7125
2026-01-03,ironSource,ID,Interstitial,19482,346,7.68,0.5585,0.7056
2026-01-03,ironSource,ID,Rewarded,25313,522,15.01,0.9067,0.654
2026-01-03,ironSource,ID,Native,40362,687,10.9,0.4517,0.5977
2026-01-03,ironSource,DE,Banner,51364,1154,86.24,1.8004,0.9326
2026-01-03,ironSource,DE,Interstitial,9628,185,43.85,5.5559,0.8197
2026-01-03,ironSource,DE,Rewarded,13272,265,86.31,7.8536,0.8281
2026-01-03,ironSource,DE,Native,20109,333,56.94,3.6345,0.779
2026-01-03,ironSource,JP,Banner,63558,1318,100.38,1.7983,0.8783
2026-01-03,ironSource,JP,Interstitial,12620,259,62.47,5.8174,0.8509
2026-01-03,ironSource,JP,Rewarded,16044,341,126.68,9.6815,0.8156
2026-01-03,ironSource,JP,Native,31773,721,109.38,4.5085,0.7636
2026-01-04,AdMob,US,Banner,304531,6706,748.95,2.6419,0.9309
2026-01-04,AdMob,US,Interstitial,51610,837,427.96,9.1475,0.9065
2026-01-04,AdMob,US,Rewarded,94680,2078,910.09,11.8036,0.8143
2026-01-04,AdMob,US,Native,129120,2590,660.21,6.3284,0.808
2026-01-04,AdMob,IN,Banner,391881,9346,71.06,0.2298,0.7891
2026-01-04,AdMob,IN,Interstitial,95638,1943,54.69,0.7616,0.7509
2026-01-04,AdMob,IN,Rewarded,149585,3041,119.14,1.1057,0.7203
2026-01-04,AdMob,IN,Native,261946,6144,95.43,0.5423,0.6718
2026-01-04,AdMob,BR,Banner,151929,2513,51.51,0.3915,0.866
2026-01-04,AdMob,BR,Interstitial,32439,670,31.33,1.25,0.7726
2026-01-04,AdMob,BR,Rewarded,49357,1133,66.45,1.8435,0.7302
2026-01-04,AdMob,BR,Native,98501,1678,67.02,0.9188,0.7405
2026-01-04,AdMob,ID,Banner,247820,4606,27.67,0.1629,0.6856
2026-01-04,AdMob,ID,Interstitial,45843,897,20.19,0.6324,0.6965
2026-01-04,AdMob,ID,Rewarded,64314,1261,40.93,0.9895,0.6432
2026-01-04,AdMob,ID,Native,103395,1836,28.69,0.4448,0.6239
2026-01-04,AdMob,DE,Banner,100592,1829,157.16,1.7096,0.9139
2026-01-04,AdMob,DE,Interstitial,26110,614,113.44,5.1162,0.8492
2026-01-04,AdMob,DE,Rewarded,33669,612,228.86,8.4786,0.8017
2026-01-04,AdMob,DE,Native,65848,1174,197.93,3.7802,0.7951
2026-01-04,AdMob,JP,Banner,131377,2489,191.45,1.6312,0.8933
2026-01-04,AdMob,JP,Interstitial,31892,557,166.56,5.9679,0.8751
2026-01-04,AdMob,JP,Rewarded,47894,1089,370.03,9.4979,0.8135
2026-01-04,AdMob,JP,Native,77503,1260,240.42,4.306,0.7204
2026-01-04,Unity,US,Banner,226658,4499,560.28,2.6095,0.9473
2026-01-04,Unity,US,Interstitial,35628,692,249.38,7.8628,0.8902
2026-01-04,Unity,US,Rewarded,54950,1135,553.89,12.7286,0.7919
2026-01-04,Unity,US,Native,93651,1839,452.93,6.3041,0.7672
2026-01-04,Unity,IN,Banner,274822,5452,46.54,0.2195,0.7716
2026-01-04,Unity,IN,Interstitial,66332,1517,38.42,0.7667,0.7554
2026-01-04,Unity,IN,Rewarded,104710,1763,79.93,1.0895,0.7006
2026-01-04,Unity,IN,Native,148540,2969,58.35,0.6145,0.6393
2026-01-04,Unity,BR,Banner,125030,2010,40.05,0.3746,0.8551
2026-01-04,Unity,BR,Interstitial,22892,430,21.34,1.2043,0.7742
2026-01-04,Unity,BR,Rewarded,31152,531,38.88,1.6483,0.7571
2026-01-04,Unity,BR,Native,61598,1084,39.97,0.8718,0.7442
2026-01-04,Unity,ID,Banner,144939,3138,17.53,0.1658,0.7298
2026-01-04,Unity,ID,Interstitial,27675,562,11.8,0.6523,0.6534
2026-01-04,Unity,ID,Rewarded,51329,1150,32.84,0.9668,0.6619
2026-01-04,Unity,ID,Native,76622,1774,20.06,0.4464,0.5863
2026-01-04,Unity,DE,Banner,81649,1726,128.33,1.7547,0.8957
2026-01-04,Unity,DE,Interstitial,16227,267,76.5,5.7547,0.8192
2026-01-04,Unity,DE,Rewarded,22317,396,144.15,7.6882,0.8401
2026-01-04,Unity,DE,Native,45996,1026,126.88,3.7244,0.7407
2026-01-04,Unity,JP,Banner,105415,2293,167.84,1.7994,0.8849
2026-01-04,Unity,JP,Interstitial,18485,391,106.76,6.5956,0.8757
2026-01-04,Unity,JP,Rewarded,27466,446,194.16,9.3244,0.7581
2026-01-04,Unity,JP,Native,46655,1017,150.83,4.1686,0.7755
2026-01-04,AppLovin,US,Banner,154216,2925,350.91,2.512,0.9058
2026-01-04,AppLovin,US,Interstitial,32955,679,230.46,7.7182,0.9061
2026-01-04,AppLovin,US,Rewarded,42330,973,466.39,13.3244,0.8269
2026-01-04,AppLovin,US,Native,80515,1669,360.53,5.8568,0.7645
2026-01-04,AppLovin,IN,Banner,258453,5441,46.14,0.2261,0.7896
2026-01-04,AppLovin,IN,Interstitial,49216,1145,27.61,0.7411,0.757
2026-01-04,AppLovin,IN,Rewarded,62369,1088,52.13,1.137,0.7351
2026-01-04,AppLovin,IN,Native,127226,2921,45.97,0.5591,0.6462
2026-01-04,AppLovin,BR,Banner,84834,1759,25.67,0.3611,0.838
2026-01-04,AppLovin,BR,Interstitial,15508,280,15.39,1.1739,0.8454
2026-01-04,AppLovin,BR,Rewarded,27091,461,36.98,1.7371,0.7859
2026-01-04,AppLovin,BR,Native,49203,816,28.8,0.8322,0.7034
2026-01-04,AppLovin,ID,Banner,103606,2344,13.26,0.1807,0.7083
2026-01-04,AppLovin,ID,Interstitial,22523,487,8.88,0.5698,0.692
2026-01-04,AppLovin,ID,Rewarded,31053,679,16.12,0.8402,0.618
2026-01-04,AppLovin,ID,Native,60325,1354,15.96,0.4179,0.6331
2026-01-04,AppLovin,DE,Banner,58972,996,91.26,1.7715,0.8735
2026-01-04,AppLovin,DE,Interstitial,10705,251,46.02,5.0128,0.8577
2026-01-04,AppLovin,DE,Rewarded,14866,348,91.39,7.6265,0.8061
2026-01-04,AppLovin,DE,Native,27164,466,76.45,3.8556,0.7299
2026-01-04,AppLovin,JP,Banner,82367,1945,135.55,1.9674,0.8364
2026-01-04,AppLovin,JP,Interstitial,14974,301,80.27,6.4415,0.8322
2026-01-04,AppLovin,JP,Rewarded,21490,348,152.59,9.3004,0.7635
2026-01-04,AppLovin,JP,Native,33866,724,107.45,4.3719,0.7257
2026-01-04,ironSource,US,Banner,131211,2565,287.7,2.3429,0.9359
2026-01-04,ironSource,US,Interstitial,25540,579,180.9,7.9512,0.8908
2026-01-04,ironSource,US,Rewarded,39101,818,427.8,13.2173,0.8278
2026-01-04,ironSource,US,Native,63863,1497,287.19,6.034,0.7453
2026-01-04,ironSource,IN,Banner,194461,4136,36.62,0.2485,0.7578
2026-01-04,ironSource,IN,Interstitial,35628,757,20.9,0.8242,0.7118
2026-01-04,ironSource,IN,Rewarded,63470,1222,50.96,1.0916,0.7355
2026-01-04,ironSource,IN,Native,102232,2239,40.37,0.5916,0.6674
2026-01-04,ironSource,BR,Banner,76835,1639,22.66,0.3531,0.8353
2026-01-04,ironSource,BR,Interstitial,15074,293,15.83,1.2629,0.8315
2026-01-04,ironSource,BR,Rewarded,22673,363,28.98,1.6633,0.7684
2026-01-04,ironSource,BR,Native,32684,704,19.11,0.8176,0.715
2026-01-04,ironSource,ID,Banner,88924,1688,11.11,0.1782,0.7011
2026-01-04,ironSource,ID,Interstitial,16894,360,6.41,0.5488,0.6911
2026-01-04,ironSource,ID,Rewarded,28589,654,16.35,0.8934,0.6402
2026-01-04,ironSource,ID,Native,46263,866,11.28,0.4183,0.583
2026-01-04,ironSource,DE,Banner,44346,898,65.04,1.6166,0.9072
2026-01-04,ironSource,DE,Interstitial,9497,206,48.5,5.7914,0.8818
2026-01-04,ironSource,DE,Rewarded,15685,251,91.83,7.4551,0.7854
2026-01-04,ironSource,DE,Native,24017,562,74.41,4.1565,0.7454
2026-01-04,ironSource,JP,Banner,49914,839,84.66,1.9564,0.8669
2026-01-04,ironSource,JP,Interstitial,11451,211,53.47,5.7081,0.818
2026-01-04,ironSource,JP,Rewarded,18818,392,132.63,9.0705,0.7771
2026-01-04,ironSource,JP,Native,30614,519,91.01,4.009,0.7415
2026-01-05,AdMob,US,Banner,226086,4567,532.1,2.6424,0.8907
2026-01-05,AdMob,US,Interstitial,53135,959,366.15,7.8317,0.8799
2026-01-05,AdMob,US,Rewarded,85415,1742,926.26,12.708,0.8533
2026-01-05,AdMob,US,Native,107877,2245,538.57,6.1085,0.8173
2026-01-05,AdMob,IN,Banner,438302,7756,85.95,0.2584,0.7588
2026-01-05,AdMob,IN,Interstitial,82663,1917,49.77,0.7858,0.7662
2026-01-05,AdMob,IN,Rewarded,114723,2087,94.13,1.1368,0.7217
2026-01-05,AdMob,IN,Native,219356,3677,81.54,0.5515,0.6741
2026-01-05,AdMob,BR,Banner,155573,2698,47.55,0.3565,0.8574
2026-01-05,AdMob,BR,Interstitial,32131,538,32.45,1.2871,0.7846
2026-01-05,AdMob,BR,Rewarded,38569,785,55.2,1.8511,0.7732
2026-01-05,AdMob,BR,Native,68968,1377,41.33,0.8217,0.7293
2026-01-05,AdMob,ID,Banner,229267,4409,28.09,0.1669,0.7341
2026-01-05,AdMob,ID,Interstitial,39138,936,17.08,0.6261,0.6972
2026-01-05,AdMob,ID,Rewarded,53311,1099,29.27,0.8287,0.6625
2026-01-05,AdMob,ID,Native,93224,2158,21.04,0.3847,0.5866
2026-01-05,AdMob,DE,Banner,90756,1709,126.46,1.5917,0.8754
2026-01-05,AdMob,DE,Interstitial,17416,390,78.66,5.521,0.818
2026-01-05,AdMob,DE,Rewarded,27603,585,193.0,8.316,0.8408
2026-01-05,AdMob,DE,Native,50494,1078,141.1,3.7147,0.7522
2026-01-05,AdMob,JP,Banner,143530,3135,236.07,1.8583,0.8851
2026-01-05,AdMob,JP,Interstitial,24739,585,113.88,5.4722,0.8412
2026-01-05,AdMob,JP,Rewarded,33847,686,242.94,9.342,0.7683
2026-01-05,AdMob,JP,Native,54937,1031,175.25,4.1583,0.7672
2026-01-05,Unity,US,Banner,183657,3283,475.81,2.7007,0.9593
2026-01-05,Unity,US,Interstitial,33942,794,246.18,7.9091,0.917
2026-01-05,Unity,US,Rewarded,53129,1115,600.51,13.6222,0.8297
2026-01-05,Unity,US,Native,76714,1734,361.2,6.2538,0.7529
2026-01-05,Unity,IN,Banner,303690,5595,56.48,0.25,0.7438
2026-01-05,Unity,IN,Interstitial,52020,1222,28.74,0.7776,0.7104
2026-01-05,Unity,IN,Rewarded,85355,1671,68.39,1.1533,0.6948
2026-01-05,Unity,IN,Native,144224,2880,55.97,0.5618,0.6908
2026-01-05,Unity,BR,Banner,120502,2825,38.31,0.3853,0.8252
2026-01-05,Unity,BR,Interstitial,18583,427,18.92,1.2762,0.7979
2026-01-05,Unity,BR,Rewarded,34978,644,52.59,1.9101,0.7872
2026-01-05,Unity,BR,Native,45899,989,26.42,0.8237,0.6989
2026-01-05,Unity,ID,Banner,133536,3015,19.22,0.1971,0.7301
2026-01-05,Unity,ID,Interstitial,24913,495,11.43,0.6434,0.7129
2026-01-05,Unity,ID,Rewarded,43338,867,25.75,0.9477,0.6269
2026-01-05,Unity,ID,Native,67871,1122,16.0,0.3903,0.6039
2026-01-05,Unity,DE,Banner,60042,1224,86.48,1.5296,0.9417
2026-01-05,Unity,DE,Interstitial,15956,319,72.63,5.4257,0.8389
2026-01-05,Unity,DE,Rewarded,20618,365,128.7,7.5993,0.8214
2026-01-05,Unity,DE,Native,36255,597,106.16,3.9657,0.7384
2026-01-05,Unity,JP,Banner,94869,2272,142.48,1.7855,0.8411
2026-01-05,Unity,JP,Interstitial,15178,271,82.93,6.234,0.8764
2026-01-05,Unity,JP,Rewarded,23432,393,151.34,8.3185,0.7764
2026-01-05,Unity,JP,Native,46272,1109,132.77,3.8323,0.7487
2026-01-05,AppLovin,US,Banner,136773,2871,321.9,2.6088,0.9022
2026-01-05,AppLovin,US,Interstitial,25202,581,177.65,8.3743,0.8417
2026-01-05,AppLovin,US,Rewarded,36935,713,361.27,11.9713,0.8171
2026-01-05,AppLovin,US,Native,68641,1104,343.3,6.228,0.8031
2026-01-05,AppLovin,IN,Banner,194969,3524,34.61,0.2391,0.7425
2026-01-05,AppLovin,IN,Interstitial,43123,764,23.79,0.7419,0.7436
2026-01-05,AppLovin,IN,Rewarded,51218,1147,42.86,1.1379,0.7354
2026-01-05,AppLovin,IN,Native,113787,2319,40.5,0.5586,0.6371
2026-01-05,AppLovin,BR,Banner,73973,1472,23.22,0.3848,0.8158
2026-01-05,AppLovin,BR,Interstitial,13425,265,12.85,1.1579,0.8267
2026-01-05,AppLovin,BR,Rewarded,21662,482,29.08,1.762,0.7619
2026-01-05,AppLovin,BR,Native,41910,776,28.55,0.9165,0.7432
2026-01-05,AppLovin,ID,Banner,105644,2400,13.19,0.1778,0.7023
2026-01-05,AppLovin,ID,Interstitial,17230,363,7.61,0.6482,0.6814
2026-01-05,AppLovin,ID,Rewarded,31434,657,20.05,0.9711,0.6569
2026-01-05,AppLovin,ID,Native,43499,952,10.83,0.4215,0.5906
2026-01-05,AppLovin,DE,Banner,50183,836,73.67,1.7095,0.8588
2026-01-05,AppLovin,DE,Interstitial,10648,171,43.82,5.0293,0.8183
2026-01-05,AppLovin,DE,Rewarded,17054,313,117.62,8.6419,0.7981
2026-01-05,AppLovin,DE,Native,23872,417,75.37,4.0615,0.7773
2026-01-05,AppLovin,JP,Banner,56389,1247,83.46,1.6554,0.8941
2026-01-05,AppLovin,JP,Interstitial,11618,275,50.49,5.4251,0.8011
2026-01-05,AppLovin,JP,Rewarded,17599,335,133.85,9.4846,0.8019
2026-01-05,AppLovin,JP,Native,28490,632,83.68,3.882,0.7566
2026-01-05,ironSource,US,Banner,104317,2477,234.93,2.5655,0.8779
2026-01-05,ironSource,US,Interstitial,21792,453,162.63,8.1478,0.9159
2026-01-05,ironSource,US,Rewarded,30741,653,351.25,13.3826,0.8538
2026-01-05,ironSource,US,Native,44421,790,208.56,5.7575,0.8155
2026-01-05,ironSource,IN,Banner,153864,3216,28.24,0.2367,0.7753
2026-01-05,ironSource,IN,Interstitial,36253,637,19.6,0.7585,0.713
2026-01-05,ironSource,IN,Rewarded,53571,1206,45.45,1.235,0.687
2026-01-05,ironSource,IN,Native,88672,1597,36.68,0.5988,0.6908
2026-01-05,ironSource,BR,Banner,64590,1409,20.28,0.3572,0.8791
2026-01-05,ironSource,BR,Interstitial,12995,264,12.57,1.2375,0.7815
2026-01-05,ironSource,BR,Rewarded,20617,357,29.46,1.9575,0.7301
2026-01-05,ironSource,BR,Native,26685,472,17.46,0.878,0.7455
2026-01-05,ironSource,ID,Banner,80140,1629,11.35,0.1923,0.7368
2026-01-05,ironSource,ID,Interstitial,16433,337,6.62,0.601,0.6702
2026-01-05,ironSource,ID,Rewarded,25359,560,16.11,0.9672,0.6568
2026-01-05,ironSource,ID,Native,35920,645,8.71,0.4168,0.582
2026-01-05,ironSource,DE,Banner,42717,820,66.88,1.8123,0.8639
2026-01-05,ironSource,DE,Interstitial,8720,190,38.79,5.1744,0.8597
2026-01-05,ironSource,DE,Rewarded,12417,276,76.67,7.7352,0.7983
2026-01-05,ironSource,DE,Native,20325,330,55.35,3.469,0.785
2026-01-05,ironSource,JP,Banner,53686,1017,83.64,1.6929,0.9203
2026-01-05,ironSource,JP,Interstitial,9480,218,43.35,5.5787,0.8197
2026-01-05,ironSource,JP,Rewarded,17233,375,118.99,8.763,0.7879
2026-01-05,ironSource,JP,Native,27896,538,88.3,4.2782,0.7399
2026-01-06,AdMob,US,Banner,264671,4987,565.91,2.2966,0.931
2026-01-06,AdMob,US,Interstitial,54412,1079,374.6,7.8081,0.8817
2026-01-06,AdMob,US,Rewarded,78202,1602,759.76,11.6404,0.8346
2026-01-06,AdMob,US,Native,127274,2856,615.12,6.0732,0.7958
2026-01-06,AdMob,IN,Banner,372378,6187,74.23,0.2556,0.7799
2026-01-06,AdMob,IN,Interstitial,69405,1503,40.91,0.7735,0.7621
2026-01-06,AdMob,IN,Rewarded,130390,2240,109.56,1.2041,0.6978
2026-01-06,AdMob,IN,Native,189691,3369,66.64,0.5526,0.6357
2026-01-06,AdMob,BR,Banner,154420,3623,51.95,0.377,0.8924
2026-01-06,AdMob,BR,Interstitial,31283,697,30.24,1.1811,0.8185
2026-01-06,AdMob,BR,Rewarded,39847,759,55.71,1.7676,0.791
2026-01-06,AdMob,BR,Native,76617,1447,45.82,0.8547,0.6997
2026-01-06,AdMob,ID,Banner,190070,4305,21.24,0.1629,0.6857
2026-01-06,AdMob,ID,Interstitial,37276,876,15.04,0.6022,0.6702
2026-01-06,AdMob,ID,Rewarded,55667,1265,33.2,0.8873,0.6722
2026-01-06,AdMob,ID,Native,90583,1799,24.59,0.4454,0.6094
2026-01-06,AdMob,DE,Banner,89004,1777,123.84,1.5116,0.9205
2026-01-06,AdMob,DE,Interstitial,19621,338,99.07,5.7525,0.8777
2026-01-06,AdMob,DE,Rewarded,30992,658,196.83,7.6483,0.8304
2026-01-06,AdMob,DE,Native,56849,1037,146.22,3.5181,0.7311
2026-01-06,AdMob,JP,Banner,116063,2088,181.63,1.7089,0.9158
2026-01-06,AdMob,JP,Interstitial,23289,517,122.26,6.3113,0.8318
2026-01-06,AdMob,JP,Rewarded,32610,538,221.05,8.9776,0.7551
2026-01-06,AdMob,JP,Native,70120,1352,205.06,3.897,0.7504
2026-01-06,Unity,US,Banner,166985,3558,402.84,2.7539,0.876
2026-01-06,Unity,US,Interstitial,39865,654,312.81,8.6023,0.9122
2026-01-06,Unity,US,Rewarded,51220,1221,526.67,12.1384,0.8471
2026-01-06,Unity,US,Native,81108,1664,377.28,6.1335,0.7584
2026-01-06,Unity,IN,Banner,276970,5205,57.36,0.2627,0.7885
2026-01-06,Unity,IN,Interstitial,49516,891,26.56,0.7442,0.7206
2026-01-06,Unity,IN,Rewarded,92835,1570,79.35,1.2147,0.7036
2026-01-06,Unity,IN,Native,155125,3360,57.56,0.585,0.6343
2026-01-06,Unity,BR,Banner,106371,2114,29.7,0.3299,0.8465
2026-01-06,Unity,BR,Interstitial,18894,403,20.64,1.307,0.8358
2026-01-06,Unity,BR,Rewarded,31143,634,42.76,1.7682,0.7765
2026-01-06,Unity,BR,Native,45605,897,28.6,0.8421,0.7446
2026-01-06,Unity,ID,Banner,121182,2189,16.11,0.1903,0.6985
2026-01-06,Unity,ID,Interstitial,25183,507,10.24,0.5796,0.7016
2026-01-06,Unity,ID,Rewarded,38281,879,24.92,0.968,0.6726
2026-01-06,Unity,ID,Native,64514,1430,17.22,0.4159,0.6417
2026-01-06,Unity,DE,Banner,60070,1398,81.15,1.5065,0.8968
2026-01-06,Unity,DE,Interstitial,14162,301,63.94,5.4976,0.8213
2026-01-06,Unity,DE,Rewarded,23029,546,154.35,8.0527,0.8323
2026-01-06,Unity,DE,Native,31889,712,92.35,3.868,0.7487
2026-01-06,Unity,JP,Banner,89536,1716,149.98,1.8484,0.9062
2026-01-06,Unity,JP,Interstitial,19679,424,95.96,6.0396,0.8074
2026-01-06,Unity,JP,Rewarded,28559,663,203.11,8.6702,0.8203
2026-01-06,Unity,JP,Native,40821,719,135.59,4.6062,0.7211
2026-01-06,AppLovin,US,Banner,113158,1948,290.81,2.7509,0.9342
2026-01-06,AppLovin,US,Interstitial,24552,566,178.83,8.696,0.8376
2026-01-06,AppLovin,US,Rewarded,40915,791,452.59,12.7633,0.8667
2026-01-06,AppLovin,US,Native,71577,1240,348.86,6.1498,0.7925
2026-01-06,AppLovin,IN,Banner,222915,3589,39.74,0.2365,0.7537
2026-01-06,AppLovin,IN,Interstitial,40717,941,24.8,0.8044,0.7573
2026-01-06,AppLovin,IN,Rewarded,52429,1198,44.77,1.2556,0.6801
2026-01-06,AppLovin,IN,Native,109571,2028,41.88,0.5646,0.6769
2026-01-06,AppLovin,BR,Banner,74351,1402,24.12,0.3832,0.8465
2026-01-06,AppLovin,BR,Interstitial,14973,260,15.21,1.2788,0.7942
2026-01-06,AppLovin,BR,Rewarded,23931,428,33.7,1.9174,0.7344
2026-01-06,AppLovin,BR,Native,33472,736,19.6,0.8145,0.7189
2026-01-06,AppLovin,ID,Banner,104534,2376,13.67,0.1844,0.7094
2026-01-06,AppLovin,ID,Interstitial,19827,337,9.04,0.6575,0.6932
2026-01-06,AppLovin,ID,Rewarded,31585,522,18.11,0.8685,0.6601
2026-01-06,AppLovin,ID,Native,45123,1024,12.08,0.4499,0.5953
2026-01-06,AppLovin,DE,Banner,46689,938,72.7,1.6972,0.9175
2026-01-06,AppLovin,DE,Interstitial,9415,173,39.78,5.1839,0.8151
2026-01-06,AppLovin,DE,Rewarded,15689,347,118.27,8.9732,0.8401
2026-01-06,AppLovin,DE,Native,27163,631,80.66,3.977,0.7467
2026-01-06,AppLovin,JP,Banner,65701,1286,101.23,1.8218,0.8458
2026-01-06,AppLovin,JP,Interstitial,12351,235,66.78,6.4375,0.8399
2026-01-06,AppLovin,JP,Rewarded,21432,350,139.78,8.2993,0.7859
2026-01-06,AppLovin,JP,Native,33499,766,111.53,4.5512,0.7315
2026-01-06,ironSource,US,Banner,93766,2104,244.09,2.7595,0.9434
2026-01-06,ironSource,US,Interstitial,17108,315,142.01,9.2868,0.8938
2026-01-06,ironSource,US,Rewarded,32964,557,345.2,12.1929,0.8589
2026-01-06,ironSource,US,Native,53055,951,238.83,5.9984,0.7504
2026-01-06,ironSource,IN,Banner,136595,2839,24.91,0.2385,0.7645
2026-01-06,ironSource,IN,Interstitial,30053,492,17.52,0.768,0.759
2026-01-06,ironSource,IN,Rewarded,53801,1116,49.33,1.2845,0.7138
2026-01-06,ironSource,IN,Native,89415,1601,29.8,0.5248,0.6351
2026-01-06,ironSource,BR,Banner,65302,1564,18.27,0.3265,0.857
2026-01-06,ironSource,BR,Interstitial,13280,300,12.36,1.2051,0.7723
2026-01-06,ironSource,BR,Rewarded,18534,431,22.6,1.6614,0.7339
2026-01-06,ironSource,BR,Native,31522,648,21.16,0.8953,0.7499
2026-01-06,ironSource,ID,Banner,80418,1566,10.09,0.1775,0.7068
2026-01-06,ironSource,ID,Interstitial,17314,338,7.54,0.6122,0.7108
2026-01-06,ironSource,ID,Rewarded,24771,535,14.96,0.9236,0.6539
2026-01-06,ironSource,ID,Native,36849,702,9.12,0.421,0.5878
2026-01-06,ironSource,DE,Banner,39852,829,63.73,1.7002,0.9405
2026-01-06,ironSource,DE,Interstitial,8584,142,40.96,5.5069,0.8665
2026-01-06,ironSource,DE,Rewarded,11115,181,72.03,8.0221,0.8078
2026-01-06,ironSource,DE,Native,17840,332,52.56,3.6781,0.8011
2026-01-06,ironSource,JP,Banner,49730,907,74.8,1.6906,0.8897
2026-01-06,ironSource,JP,Interstitial,9120,146,43.63,6.0199,0.7947
2026-01-06,ironSource,JP,Rewarded,13735,256,85.35,8.1661,0.761
2026-01-06,ironSource,JP,Native,27269,500,87.01,4.2605,0.7489
2026-01-07,AdMob,US,Banner,282381,5912,622.03,2.4975,0.882
2026-01-07,AdMob,US,Interstitial,44207,1016,318.48,8.2369,0.8746
2026-01-07,AdMob,US,Rewarded,74854,1276,862.72,13.2658,0.8688
2026-01-07,AdMob,US,Native,116552,2248,526.72,5.8245,0.7759
2026-01-07,AdMob,IN,Banner,448913,8293,88.58,0.2503,0.7884
2026-01-07,AdMob,IN,Interstitial,87770,1405,58.59,0.8728,0.7648
2026-01-07,AdMob,IN,Rewarded,124910,2058,93.46,1.0923,0.685
2026-01-07,AdMob,IN,Native,206227,3932,76.36,0.5809,0.6374
2026-01-07,AdMob,BR,Banner,148030,2864,42.44,0.3506,0.8178
2026-01-07,AdMob,BR,Interstitial,32260,607,27.38,1.097,0.7736
2026-01-07,AdMob,BR,Rewarded,50963,962,73.84,1.8607,0.7787
2026-01-07,AdMob,BR,Native,77107,1797,42.79,0.7577,0.7323
2026-01-07,AdMob,ID,Banner,206754,3507,29.44,0.1935,0.7361
2026-01-07,AdMob,ID,Interstitial,44829,768,16.86,0.548,0.6863
2026-01-07,AdMob,ID,Rewarded,51210,1018,28.8,0.886,0.6347
2026-01-07,AdMob,ID,Native,102315,2094,23.0,0.3817,0.5889
2026-01-07,AdMob,DE,Banner,95295,2169,150.25,1.7256,0.9137
2026-01-07,AdMob,DE,Interstitial,21154,385,99.78,5.4229,0.8698
2026-01-07,AdMob,DE,Rewarded,28256,632,198.66,8.7268,0.8057
2026-01-07,AdMob,DE,Native,54836,1066,180.27,4.1253,0.7969
2026-01-07,AdMob,JP,Banner,118207,2459,187.87,1.8296,0.8687
2026-01-07,AdMob,JP,Interstitial,26541,460,136.41,6.2261,0.8255
2026-01-07,AdMob,JP,Rewarded,36718,689,252.5,8.3567,0.8229
2026-01-07,AdMob,JP,Native,56021,1181,161.61,3.8014,0.7589
2026-01-07,Unity,US,Banner,166631,3080,354.2,2.3316,0.9117
2026-01-07,Unity,US,Interstitial,36859,653,275.83,8.6798,0.8622
2026-01-07,Unity,US,Rewarded,60186,1030,641.39,12.6327,0.8436
2026-01-07,Unity,US,Native,87121,2065,367.26,5.3878,0.7824
2026-01-07,Unity,IN,Banner,270273,5163,43.78,0.2179,0.7434
2026-01-07,Unity,IN,Interstitial,50288,989,27.66,0.7237,0.76
2026-01-07,Unity,IN,Rewarded,78688,1860,68.84,1.296,0.6751
2026-01-07,Unity,IN,Native,132186,2989,53.43,0.6035,0.6698
2026-01-07,Unity,BR,Banner,120246,2298,36.86,0.3448,0.8892
2026-01-07,Unity,BR,Interstitial,20278,349,19.1,1.1617,0.8108
2026-01-07,Unity,BR,Rewarded,32007,725,45.61,1.815,0.785
2026-01-07,Unity,BR,Native,51561,905,29.33,0.8068,0.7051
2026-01-07,Unity,ID,Banner,121421,2881,14.89,0.1743,0.7035
2026-01-07,Unity,ID,Interstitial,28484,487,11.42,0.5817,0.6895
2026-01-07,Unity,ID,Rewarded,41294,793,24.66,0.9227,0.6473
2026-01-07,Unity,ID,Native,80370,1652,22.5,0.4519,0.6196
2026-01-07,Unity,DE,Banner,72533,1183,100.22,1.5514,0.8906
2026-01-07,Unity,DE,Interstitial,13897,329,64.12,5.5473,0.8317
2026-01-07,Unity,DE,Rewarded,23579,541,165.12,8.6165,0.8127
2026-01-07,Unity,DE,Native,31121,695,93.35,4.0737,0.7363
2026-01-07,Unity,JP,Banner,81613,1402,145.2,1.9358,0.9191
2026-01-07,Unity,JP,Interstitial,17304,396,94.99,6.5772,0.8346
2026-01-07,Unity,JP,Rewarded,26948,474,183.28,8.7756,0.775
2026-01-07,Unity,JP,Native,47186,940,145.04,4.1047,0.7488
2026-01-07,AppLovin,US,Banner,127897,2463,337.46,2.7364,0.9642
2026-01-07,AppLovin,US,Interstitial,27456,649,216.34,8.9497,0.8804
2026-01-07,AppLovin,US,Rewarded,34130,665,343.91,11.7536,0.8573
2026-01-07,AppLovin,US,Native,69005,1591,331.16,6.4178,0.7478
2026-01-07,AppLovin,IN,Banner,196899,4609,37.4,0.2405,0.7899
2026-01-07,AppLovin,IN,Interstitial,34229,745,20.58,0.7963,0.7549
2026-01-07,AppLovin,IN,Rewarded,63465,1197,48.56,1.1123,0.6879
2026-01-07,AppLovin,IN,Native,109133,2582,37.61,0.5352,0.6438
2026-01-07,AppLovin,BR,Banner,63949,1447,21.9,0.3958,0.865
2026-01-07,AppLovin,BR,Interstitial,14075,319,12.61,1.0834,0.8267
2026-01-07,AppLovin,BR,Rewarded,24123,534,31.63,1.6714,0.7844
2026-01-07,AppLovin,BR,Native,39283,821,25.98,0.8847,0.7475
2026-01-07,AppLovin,ID,Banner,87658,1688,10.85,0.1796,0.6896
2026-01-07,AppLovin,ID,Interstitial,19442,328,7.18,0.5479,0.6737
2026-01-07,AppLovin,ID,Rewarded,32774,774,19.93,0.9806,0.6203
2026-01-07,AppLovin,ID,Native,50338,1007,11.89,0.4032,0.5861
2026-01-07,AppLovin,DE,Banner,54417,902,80.37,1.7183,0.8595
2026-01-07,AppLovin,DE,Interstitial,9708,177,42.61,5.2748,0.8321
2026-01-07,AppLovin,DE,Rewarded,16365,380,117.62,8.9582,0.8023
2026-01-07,AppLovin,DE,Native,23661,499,67.46,3.8319,0.744
2026-01-07,AppLovin,JP,Banner,71480,1514,113.92,1.8373,0.8675
2026-01-07,AppLovin,JP,Interstitial,11085,217,59.94,6.4664,0.8363
2026-01-07,AppLovin,JP,Rewarded,19232,412,134.49,9.2246,0.7581
2026-01-07,AppLovin,JP,Native,28830,646,97.49,4.3797,0.7721
2026-01-07,ironSource,US,Banner,101575,2255,230.71,2.5603,0.8871
2026-01-07,ironSource,US,Interstitial,18628,317,135.31,8.4944,0.8551
2026-01-07,ironSource,US,Rewarded,31166,577,307.14,11.6135,0.8486
2026-01-07,ironSource,US,Native,42502,773,189.22,5.9632,0.7466
2026-01-07,ironSource,IN,Banner,169934,2724,30.01,0.219,0.8065
2026-01-07,ironSource,IN,Interstitial,29569,497,18.04,0.8385,0.7274
2026-01-07,ironSource,IN,Rewarded,45987,851,38.23,1.1449,0.7261
2026-01-07,ironSource,IN,Native,86934,2023,34.58,0.6039,0.6586
2026-01-07,ironSource,BR,Banner,57791,1242,18.53,0.3934,0.8151
2026-01-07,ironSource,BR,Interstitial,11977,259,11.5,1.173,0.8182
2026-01-07,ironSource,BR,Rewarded,15323,326,20.11,1.6801,0.7813
2026-01-07,ironSource,BR,Native,34194,739,22.82,0.8839,0.7551
2026-01-07,ironSource,ID,Banner,75153,1589,9.22,0.1658,0.7403
2026-01-07,ironSource,ID,Interstitial,13831,276,5.77,0.5832,0.7152
2026-01-07,ironSource,ID,Rewarded,23515,445,13.2,0.8924,0.6291
2026-01-07,ironSource,ID,Native,38437,743,9.24,0.3824,0.6284
2026-01-07,ironSource,DE,Banner,43866,932,67.7,1.7656,0.8741
2026-01-07,ironSource,DE,Interstitial,7933,169,39.0,5.9182,0.8307
2026-01-07,ironSource,DE,Rewarded,12387,262,76.5,7.9122,0.7806
2026-01-07,ironSource,DE,Native,21431,410,61.67,3.708,0.7761
2026-01-07,ironSource,JP,Banner,53198,973,82.29,1.6917,0.9143
2026-01-07,ironSource,JP,Interstitial,9603,193,42.21,5.4697,0.8035
2026-01-07,ironSource,JP,Rewarded,13954,265,100.99,9.6039,0.7536
2026-01-07,ironSource,JP,Native,23780,459,64.99,3.7962,0.7199
2026-01-08,AdMob,US,Banner,249464,5179,575.82,2.5012,0.9228
2026-01-08,AdMob,US,Interstitial,42648,859,329.14,8.439,0.9145
2026-01-08,AdMob,US,Rewarded,78994,1752,824.55,12.2703,0.8507
2026-01-08,AdMob,US,Native,125798,2029,617.05,6.5165,0.7527
2026-01-08,AdMob,IN,Banner,432418,7837,82.66,0.2547,0.7504
2026-01-08,AdMob,IN,Interstitial,68421,1378,39.95,0.7669,0.7612
2026-01-08,AdMob,IN,Rewarded,114531,2107,89.32,1.1692,0.667
2026-01-08,AdMob,IN,Native,208787,3380,87.82,0.6131,0.686
2026-01-08,AdMob,BR,Banner,167935,3302,55.82,0.3804,0.8738
2026-01-08,AdMob,BR,Interstitial,29082,518,25.89,1.1527,0.7724
2026-01-08,AdMob,BR,Rewarded,41579,822,58.48,1.7943,0.7839
2026-01-08,AdMob,BR,Native,65051,1449,45.0,0.9169,0.7545
2026-01-08,AdMob,ID,Banner,229479,3810,31.39,0.1816,0.7533
2026-01-08,AdMob,ID,Interstitial,38388,657,14.44,0.567,0.6632
2026-01-08,AdMob,ID,Rewarded,62203,1068,38.62,0.9506,0.6531
2026-01-08,AdMob,ID,Native,109333,2338,28.54,0.4314,0.6052
2026-01-08,AdMob,DE,Banner,92797,1700,139.11,1.5989,0.9376
2026-01-08,AdMob,DE,Interstitial,19819,326,102.56,5.9292,0.8728
2026-01-08,AdMob,DE,Rewarded,26825,525,163.73,7.4379,0.8206
2026-01-08,AdMob,DE,Native,44514,798,143.54,4.2026,0.7673
2026-01-08,AdMob,JP,Banner,125022,2275,196.46,1.8647,0.8427
2026-01-08,AdMob,JP,Interstitial,27302,531,136.47,5.9516,0.8399
2026-01-08,AdMob,JP,Rewarded,32368,572,214.12,8.3983,0.7877
2026-01-08,AdMob,JP,Native,54062,1208,190.25,4.4887,0.784
2026-01-08,Unity,US,Banner,193573,3402,450.53,2.4184,0.9624
2026-01-08,Unity,US,Interstitial,39740,947,331.31,9.3412,0.8925
2026-01-08,Unity,US,Rewarded,53595,1112,535.2,12.1368,0.8228
2026-01-08,Unity,US,Native,76293,1336,381.17,6.0956,0.8196
2026-01-08,Unity,IN,Banner,304577,7212,64.4,0.2596,0.8146
2026-01-08,Unity,IN,Interstitial,56360,974,37.54,0.8764,0.7601
2026-01-08,Unity,IN,Rewarded,83417,1762,71.49,1.2524,0.6843
2026-01-08,Unity,IN,Native,146997,3259,51.23,0.5222,0.6673
2026-01-08,Unity,BR,Banner,104965,1979,27.56,0.3249,0.8083
2026-01-08,Unity,BR,Interstitial,23685,421,22.0,1.1349,0.8183
2026-01-08,Unity,BR,Rewarded,29814,499,44.92,1.9253,0.7825
2026-01-08,Unity,BR,Native,51377,1094,28.19,0.7609,0.7211
2026-01-08,Unity,ID,Banner,123977,2895,15.23,0.1724,0.7126
2026-01-08,Unity,ID,Interstitial,32143,609,12.3,0.5454,0.7019
2026-01-08,Unity,ID,Rewarded,40644,959,25.95,0.9458,0.6751
2026-01-08,Unity,ID,Native,71619,1289,18.4,0.408,0.6296
2026-01-08,Unity,DE,Banner,71345,1278,104.56,1.6033,0.9141
2026-01-08,Unity,DE,Interstitial,12704,254,62.16,5.9601,0.821
2026-01-08,Unity,DE,Rewarded,19241,334,111.31,7.4892,0.7724
2026-01-08,Unity,DE,Native,38851,802,114.38,3.6825,0.7995
2026-01-08,Unity,JP,Banner,85836,1894,138.37,1.8288,0.8815
2026-01-08,Unity,JP,Interstitial,16358,385,82.78,5.8237,0.8689
2026-01-08,Unity,JP,Rewarded,29341,581,211.54,8.855,0.8142
2026-01-08,Unity,JP,Native,43717,764,130.41,3.9519,0.7548
2026-01-08,AppLovin,US,Banner,118683,1966,289.47,2.7311,0.8931
2026-01-08,AppLovin,US,Interstitial,21767,419,176.08,9.2493,0.8746
2026-01-08,AppLovin,US,Rewarded,40997,883,454.12,13.6064,0.8141
2026-01-08,AppLovin,US,Native,67583,1554,312.89,6.134,0.7548
2026-01-08,AppLovin,IN,Banner,202345,3298,35.96,0.2296,0.7742
2026-01-08,AppLovin,IN,Interstitial,35534,686,21.07,0.8425,0.704
2026-01-08,AppLovin,IN,Rewarded,60405,1075,48.55,1.0931,0.7352
2026-01-08,AppLovin,IN,Native,94125,1507,32.67,0.538,0.6451
2026-01-08,AppLovin,BR,Banner,80160,1707,26.08,0.3936,0.8266
2026-01-08,AppLovin,BR,Interstitial,16088,296,16.55,1.2836,0.8013
2026-01-08,AppLovin,BR,Rewarded,21320,372,31.58,1.8765,0.7892
2026-01-08,AppLovin,BR,Native,36048,860,24.36,0.9075,0.7447
2026-01-08,AppLovin,ID,Banner,107627,2291,13.77,0.1762,0.7265
2026-01-08,AppLovin,ID,Interstitial,17470,302,7.38,0.6053,0.6983
2026-01-08,AppLovin,ID,Rewarded,32525,531,20.16,0.9151,0.6773
2026-01-08,AppLovin,ID,Native,46479,1009,11.94,0.4285,0.5995
2026-01-08,AppLovin,DE,Banner,53885,1081,73.76,1.5188,0.9012
2026-01-08,AppLovin,DE,Interstitial,9607,207,50.7,5.9762,0.883
2026-01-08,AppLovin,DE,Rewarded,15964,344,110.32,8.1868,0.8441
2026-01-08,AppLovin,DE,Native,26717,599,82.47,4.1285,0.7477
2026-01-08,AppLovin,JP,Banner,56785,1353,85.73,1.7443,0.8655
2026-01-08,AppLovin,JP,Interstitial,13837,283,73.84,6.2414,0.855
2026-01-08,AppLovin,JP,Rewarded,21264,367,149.65,8.9933,0.7825
2026-01-08,AppLovin,JP,Native,33933,549,110.31,4.3969,0.7393
2026-01-08,ironSource,US,Banner,110169,2617,237.95,2.3008,0.9387
2026-01-08,ironSource,US,Interstitial,19625,442,140.89,8.0495,0.8919
2026-01-08,ironSource,US,Rewarded,30417,609,335.37,13.9409,0.7909
2026-01-08,ironSource,US,Native,53276,1193,257.34,6.3815,0.7569
2026-01-08,ironSource,IN,Banner,162529,3725,28.7,0.235,0.7513
2026-01-08,ironSource,IN,Interstitial,28709,659,16.03,0.7696,0.7254
2026-01-08,ironSource,IN,Rewarded,50486,1060,43.93,1.2712,0.6845
2026-01-08,ironSource,IN,Native,81721,1315,33.68,0.5973,0.6899
2026-01-08,ironSource,BR,Banner,63132,1155,17.67,0.3277,0.8542
2026-01-08,ironSource,BR,Interstitial,11304,211,10.76,1.1647,0.8173
2026-01-08,ironSource,BR,Rewarded,19256,428,24.89,1.7656,0.732
2026-01-08,ironSource,BR,Native,28071,523,17.12,0.8287,0.7359
2026-01-08,ironSource,ID,Banner,69358,1465,9.15,0.1755,0.752
2026-01-08,ironSource,ID,Interstitial,16823,325,6.87,0.6159,0.6634
2026-01-08,ironSource,ID,Rewarded,25806,469,13.54,0.8282,0.6336
2026-01-08,ironSource,ID,Native,39184,789,10.56,0.4604,0.5855
2026-01-08,ironSource,DE,Banner,36152,695,56.47,1.8053,0.8652
2026-01-08,ironSource,DE,Interstitial,8570,160,41.63,5.725,0.8484
2026-01-08,ironSource,DE,Rewarded,11631,231,71.88,7.8611,0.7861
2026-01-08,ironSource,DE,Native,18611,441,53.31,3.6863,0.777
2026-01-08,ironSource,JP,Banner,51554,1217,71.58,1.6477,0.8427
2026-01-08,ironSource,JP,Interstitial,9391,197,43.69,5.5105,0.8443
2026-01-08,ironSource,JP,Rewarded,15668,371,101.32,8.5813,0.7536
2026-01-08,ironSource,JP,Native,23131,482,76.78,4.3479,0.7635
2026-01-09,AdMob,US,Banner,235968,5410,533.4,2.4333,0.929
2026-01-09,AdMob,US,Interstitial,56701,1335,374.64,7.83,0.8438
2026-01-09,AdMob,US,Rewarded,80322,1662,885.76,13.7266,0.8034
2026-01-09,AdMob,US,Native,132542,2136,633.05,6.1643,0.7748
2026-01-09,AdMob,IN,Banner,409951,9699,72.59,0.2281,0.7761
2026-01-09,AdMob,IN,Interstitial,77576,1658,47.58,0.8544,0.7179
2026-01-09,AdMob,IN,Rewarded,137172,2670,101.12,1.1045,0.6675
2026-01-09,AdMob,IN,Native,175557,3418,71.26,0.5878,0.6905
2026-01-09,AdMob,BR,Banner,139142,2236,42.96,0.3553,0.869
2026-01-09,AdMob,BR,Interstitial,30805,552,30.95,1.2272,0.8186
2026-01-09,AdMob,BR,Rewarded,47889,1102,58.73,1.6529,0.742
2026-01-09,AdMob,BR,Native,80371,1423,42.93,0.7583,0.7043
2026-01-09,AdMob,ID,Banner,186248,3663,21.92,0.1709,0.6885
2026-01-09,AdMob,ID,Interstitial,42792,712,18.25,0.6128,0.6958
2026-01-09,AdMob,ID,Rewarded,68126,1538,43.72,0.9609,0.6678
2026-01-09,AdMob,ID,Native,112981,2365,28.42,0.4237,0.5937
2026-01-09,AdMob,DE,Banner,107286,1775,167.26,1.7285,0.9019
2026-01-09,AdMob,DE,Interstitial,19226,390,98.85,5.9628,0.8622
2026-01-09,AdMob,DE,Rewarded,27919,595,188.84,8.0329,0.842
2026-01-09,AdMob,DE,Native,54310,976,160.56,3.8148,0.775
2026-01-09,AdMob,JP,Banner,132704,2812,205.97,1.7739,0.8749
2026-01-09,AdMob,JP,Interstitial,28272,518,133.65,5.4768,0.8631
2026-01-09,AdMob,JP,Rewarded,36869,738,232.95,8.1394,0.7762
2026-01-09,AdMob,JP,Native,54178,912,177.16,4.1925,0.7799
2026-01-09,Unity,US,Banner,188883,3415,441.87,2.5039,0.9343
2026-01-09,Unity,US,Interstitial,31424,549,208.25,7.9228,0.8365
2026-01-09,Unity,US,Rewarded,55086,1183,645.6,13.7233,0.854
2026-01-09,Unity,US,Native,77273,1390,337.83,5.6991,0.7671
2026-01-09,Unity,IN,Banner,281260,5296,52.27,0.2417,0.7688
2026-01-09,Unity,IN,Interstitial,61519,1434,37.84,0.8463,0.7268
2026-01-09,Unity,IN,Rewarded,95410,1912,76.46,1.1584,0.6918
2026-01-09,Unity,IN,Native,158527,3034,60.77,0.6021,0.6367
2026-01-09,Unity,BR,Banner,106681,2439,31.66,0.3602,0.824
2026-01-09,Unity,BR,Interstitial,22114,486,23.7,1.2811,0.8365
2026-01-09,Unity,BR,Rewarded,30925,661,42.05,1.8398,0.739
2026-01-09,Unity,BR,Native,47448,803,29.1,0.8726,0.703
2026-01-09,Unity,ID,Banner,125941,2752,15.02,0.1621,0.7357
2026-01-09,Unity,ID,Interstitial,28125,454,10.31,0.5594,0.6555
2026-01-09,Unity,ID,Rewarded,37788,711,23.15,0.9704,0.6313
2026-01-09,Unity,ID,Native,61712,1287,15.01,0.3967,0.6132
2026-01-09,Unity,DE,Banner,64652,1155,86.56,1.5041,0.8902
2026-01-09,Unity,DE,Interstitial,12822,262,66.61,6.0058,0.8649
2026-01-09,Unity,DE,Rewarded,20469,441,135.39,8.1328,0.8133
2026-01-09,Unity,DE,Native,37122,716,102.16,3.5972,0.765
2026-01-09,Unity,JP,Banner,97226,1645,158.57,1.8473,0.8829
2026-01-09,Unity,JP,Interstitial,18054,309,82.26,5.5406,0.8224
2026-01-09,Unity,JP,Rewarded,27762,643,184.25,8.4713,0.7834
2026-01-09,Unity,JP,Native,39869,643,124.44,4.2066,0.742
2026-01-09,AppLovin,US,Banner,135978,2785,290.76,2.3302,0.9176
2026-01-09,AppLovin,US,Interstitial,25963,417,195.22,8.8207,0.8524
2026-01-09,AppLovin,US,Rewarded,40013,903,439.73,12.8409,0.8558
2026-01-09,AppLovin,US,Native,68937,1539,314.48,5.9323,0.769
2026-01-09,AppLovin,IN,Banner,197077,4544,35.78,0.2248,0.8077
2026-01-09,AppLovin,IN,Interstitial,39595,888,21.24,0.7321,0.7327
2026-01-09,AppLovin,IN,Rewarded,67231,1547,50.97,1.1288,0.6716
2026-01-09,AppLovin,IN,Native,96682,1598,37.89,0.5647,0.694
2026-01-09,AppLovin,BR,Banner,78337,1757,21.66,0.3293,0.8394
2026-01-09,AppLovin,BR,Interstitial,14700,272,15.75,1.3193,0.8123
2026-01-09,AppLovin,BR,Rewarded,20610,341,27.18,1.7462,0.7552
2026-01-09,AppLovin,BR,Native,36032,765,22.2,0.834,0.7386
2026-01-09,AppLovin,ID,Banner,106262,2262,12.07,0.1623,0.6997
2026-01-09,AppLovin,ID,Interstitial,19903,441,7.58,0.5406,0.7048
2026-01-09,AppLovin,ID,Rewarded,30435,629,16.64,0.822,0.6653
2026-01-09,AppLovin,ID,Native,54229,1092,15.08,0.4411,0.6305
2026-01-09,AppLovin,DE,Banner,44604,978,69.33,1.7065,0.9108
2026-01-09,AppLovin,DE,Interstitial,9009,198,41.33,5.1645,0.8884
2026-01-09,AppLovin,DE,Rewarded,16837,357,119.48,8.6769,0.8179
2026-01-09,AppLovin,DE,Native,27918,481,84.63,3.9107,0.7751
2026-01-09,AppLovin,JP,Banner,62011,1092,100.13,1.8779,0.8598
2026-01-09,AppLovin,JP,Interstitial,11801,228,54.53,5.6898,0.8122
2026-01-09,AppLovin,JP,Rewarded,21044,349,145.53,9.0127,0.7673
2026-01-09,AppLovin,JP,Native,33088,703,104.78,4.1016,0.7721
2026-01-09,ironSource,US,Banner,108887,1972,248.49,2.4337,0.9377
2026-01-09,ironSource,US,Interstitial,22634,410,169.7,8.7318,0.8587
2026-01-09,ironSource,US,Rewarded,27218,565,290.13,13.2463,0.8047
2026-01-09,ironSource,US,Native,46469,1032,230.25,6.1427,0.8066
2026-01-09,ironSource,IN,Banner,172520,3724,29.03,0.225,0.7479
2026-01-09,ironSource,IN,Interstitial,30736,555,17.13,0.7892,0.7063
2026-01-09,ironSource,IN,Rewarded,41284,844,36.45,1.291,0.684
2026-01-09,ironSource,IN,Native,68935,1598,25.98,0.5787,0.6513
2026-01-09,ironSource,BR,Banner,66986,1605,20.57,0.3474,0.8841
2026-01-09,ironSource,BR,Interstitial,13171,271,13.3,1.2828,0.7872
2026-01-09,ironSource,BR,Rewarded,15663,291,20.81,1.6542,0.8032
2026-01-09,ironSource,BR,Native,32233,772,21.51,0.8915,0.7484
2026-01-09,ironSource,ID,Banner,73795,1257,8.61,0.1635,0.7136
2026-01-09,ironSource,ID,Interstitial,13707,281,5.62,0.5833,0.7034
2026-01-09,ironSource,ID,Rewarded,22652,365,13.25,0.9278,0.6306
2026-01-09,ironSource,ID,Native,43172,704,11.67,0.4304,0.6281
2026-01-09,ironSource,DE,Banner,44045,924,67.39,1.6894,0.9057
2026-01-09,ironSource,DE,Interstitial,8874,212,42.8,5.5956,0.8619
2026-01-09,ironSource,DE,Rewarded,12924,247,87.14,8.1548,0.8268
2026-01-09,ironSource,DE,Native,18373,430,57.52,3.9246,0.7978
2026-01-09,ironSource,JP,Banner,47628,1141,73.67,1.81,0.8546
2026-01-09,ironSource,JP,Interstitial,11443,248,60.91,6.1794,0.8614
2026-01-09,ironSource,JP,Rewarded,15419,329,99.64,8.196,0.7884
2026-01-09,ironSource,JP,Native,26331,456,84.18,4.0934,0.781
2026-01-10,AdMob,US,Banner,287531,6092,714.11,2.6474,0.9381
2026-01-10,AdMob,US,Interstitial,53623,1115,376.02,7.9156,0.8859
2026-01-10,AdMob,US,Rewarded,77953,1663,852.87,13.2731,0.8243
2026-01-10,AdMob,US,Native,158298,3519,654.82,5.557,0.7444
2026-01-10,AdMob,IN,Banner,475138,10653,95.63,0.2496,0.8064
2026-01-10,AdMob,IN,Interstitial,104721,2012,62.45,0.8057,0.7401
2026-01-10,AdMob,IN,Rewarded,123662,2890,103.33,1.2174,0.6863
2026-01-10,AdMob,IN,Native,235740,3869,87.86,0.5704,0.6534
2026-01-10,AdMob,BR,Banner,148267,3092,42.82,0.3545,0.8147
2026-01-10,AdMob,BR,Interstitial,38443,680,40.74,1.2919,0.8203
2026-01-10,AdMob,BR,Rewarded,57385,1256,82.54,1.939,0.7418
2026-01-10,AdMob,BR,Native,80726,1311,54.54,0.8908,0.7584
2026-01-10,AdMob,ID,Banner,257418,5076,35.8,0.1844,0.7541
2026-01-10,AdMob,ID,Interstitial,50793,839,18.71,0.5475,0.6727
2026-01-10,AdMob,ID,Rewarded,78839,1853,50.62,0.9571,0.6708
2026-01-10,AdMob,ID,Native,100686,1780,24.2,0.4104,0.5857
2026-01-10,AdMob,DE,Banner,105663,1775,152.33,1.6398,0.8792
2026-01-10,AdMob,DE,Interstitial,20705,457,94.78,5.112,0.8954
2026-01-10,AdMob,DE,Rewarded,39341,880,253.97,8.1506,0.792
2026-01-10,AdMob,DE,Native,54502,928,149.96,3.6955,0.7445
2026-01-10,AdMob,JP,Banner,133247,2198,208.52,1.7479,0.8953
2026-01-10,AdMob,JP,Interstitial,26253,492,134.89,6.3708,0.8065
2026-01-10,AdMob,JP,Rewarded,47842,950,304.24,8.3789,0.759
2026-01-10,AdMob,JP,Native,67614,1156,221.65,4.2533,0.7707
2026-01-10,Unity,US,Banner,206122,4326,466.87,2.5528,0.8873
2026-01-10,Unity,US,Interstitial,37516,738,266.41,8.4793,0.8375
2026-01-10,Unity,US,Rewarded,56869,1100,610.76,13.5721,0.7913
2026-01-10,Unity,US,Native,99370,2120,486.75,6.2178,0.7878
2026-01-10,Unity,IN,Banner,348762,7081,68.71,0.2574,0.7655
2026-01-10,Unity,IN,Interstitial,70970,1346,47.99,0.8783,0.7699
2026-01-10,Unity,IN,Rewarded,87765,1750,75.56,1.1975,0.719
2026-01-10,Unity,IN,Native,160187,3664,62.62,0.5979,0.6538
2026-01-10,Unity,BR,Banner,117374,2593,34.52,0.3476,0.8461
2026-01-10,Unity,BR,Interstitial,21440,373,20.39,1.1271,0.844
2026-01-10,Unity,BR,Rewarded,36961,782,51.65,1.8286,0.7642
2026-01-10,Unity,BR,Native,55481,1181,33.59,0.8488,0.7133
2026-01-10,Unity,ID,Banner,143671,2618,18.29,0.1826,0.6973
2026-01-10,Unity,ID,Interstitial,29482,539,11.7,0.5619,0.7063
2026-01-10,Unity,ID,Rewarded,54489,934,35.01,0.9846,0.6526
2026-01-10,Unity,ID,Native,77470,1293,20.82,0.445,0.6039
2026-01-10,Unity,DE,Banner,81871,1424,133.82,1.7639,0.9266
2026-01-10,Unity,DE,Interstitial,16934,389,73.06,5.1926,0.8309
2026-01-10,Unity,DE,Rewarded,22336,512,135.09,7.8594,0.7696
2026-01-10,Unity,DE,Native,43783,753,135.55,3.948,0.7841
2026-01-10,Unity,JP,Banner,99366,1976,146.51,1.7464,0.8443
2026-01-10,Unity,JP,Interstitial,22665,400,101.08,5.4481,0.8186
2026-01-10,Unity,JP,Rewarded,27816,548,213.78,9.7352,0.7895
2026-01-10,Unity,JP,Native,54245,1054,158.44,3.9098,0.747
2026-01-10,AppLovin,US,Banner,147929,2837,392.0,2.8048,0.9448
2026-01-10,AppLovin,US,Interstitial,31575,556,208.83,7.9402,0.833
2026-01-10,AppLovin,US,Rewarded,41060,956,439.39,12.777,0.8375
2026-01-10,AppLovin,US,Native,72087,1173,320.41,5.9515,0.7468
2026-01-10,AppLovin,IN,Banner,233530,4036,44.64,0.237,0.8065
2026-01-10,AppLovin,IN,Interstitial,39444,646,22.54,0.7918,0.7215
2026-01-10,AppLovin,IN,Rewarded,73649,1343,57.84,1.1068,0.7096
2026-01-10,AppLovin,IN,Native,103735,1985,38.72,0.5465,0.683
2026-01-10,AppLovin,BR,Banner,92738,1659,26.97,0.333,0.8732
2026-01-10,AppLovin,BR,Interstitial,18168,346,18.6,1.2158,0.8422
2026-01-10,AppLovin,BR,Rewarded,22507,454,28.93,1.6269,0.79
2026-01-10,AppLovin,BR,Native,46685,758,26.41,0.7954,0.7113
2026-01-10,AppLovin,ID,Banner,130921,2372,18.3,0.186,0.7512
2026-01-10,AppLovin,ID,Interstitial,23769,541,9.92,0.6214,0.6715
2026-01-10,AppLovin,ID,Rewarded,39128,712,25.16,0.9693,0.6635
2026-01-10,AppLovin,ID,Native,53732,1167,14.35,0.4589,0.582
2026-01-10,AppLovin,DE,Banner,61057,1129,97.45,1.6905,0.9441
2026-01-10,AppLovin,DE,Interstitial,10947,198,46.87,5.0368,0.8501
2026-01-10,AppLovin,DE,Rewarded,16439,287,122.31,8.802,0.8453
2026-01-10,AppLovin,DE,Native,27650,462,84.54,4.18,0.7315
2026-01-10,AppLovin,JP,Banner,64603,1533,100.63,1.8343,0.8492
2026-01-10,AppLovin,JP,Interstitial,14145,279,69.17,6.0018,0.8148
2026-01-10,AppLovin,JP,Rewarded,22609,466,173.55,9.4521,0.8121
2026-01-10,AppLovin,JP,Native,40297,662,138.09,4.4666,0.7672
2026-01-10,ironSource,US,Banner,97987,1890,220.2,2.4033,0.935
2026-01-10,ironSource,US,Interstitial,22326,519,185.68,9.1538,0.9086
2026-01-10,ironSource,US,Rewarded,32573,570,348.86,13.2372,0.8091
2026-01-10,ironSource,US,Native,52059,1179,232.93,5.7621,0.7765
2026-01-10,ironSource,IN,Banner,163017,2983,32.05,0.2513,0.7825
2026-01-10,ironSource,IN,Interstitial,36720,714,21.1,0.768,0.7481
2026-01-10,ironSource,IN,Rewarded,49642,1152,38.79,1.108,0.7053
2026-01-10,ironSource,IN,Native,87693,2056,34.62,0.5861,0.6735
2026-01-10,ironSource,BR,Banner,75644,1753,23.82,0.3648,0.8633
2026-01-10,ironSource,BR,Interstitial,13384,302,11.91,1.1584,0.768
2026-01-10,ironSource,BR,Rewarded,22569,444,28.84,1.6576,0.7709
2026-01-10,ironSource,BR,Native,30553,505,19.74,0.9207,0.7019
2026-01-10,ironSource,ID,Banner,94617,2012,12.25,0.1886,0.6863
2026-01-10,ironSource,ID,Interstitial,18578,381,6.79,0.5524,0.6616
2026-01-10,ironSource,ID,Rewarded,25913,618,16.96,0.9789,0.6687
2026-01-10,ironSource,ID,Native,42683,801,11.92,0.4595,0.6078
2026-01-10,ironSource,DE,Banner,39794,782,54.84,1.5024,0.9173
2026-01-10,ironSource,DE,Interstitial,8445,174,39.61,5.6254,0.8339
2026-01-10,ironSource,DE,Rewarded,13217,261,97.05,8.7839,0.836
2026-01-10,ironSource,DE,Native,21970,409,64.85,3.7442,0.7884
2026-01-10,ironSource,JP,Banner,52481,1042,75.97,1.6505,0.8771
2026-01-10,ironSource,JP,Interstitial,12676,284,59.32,5.6655,0.8261
2026-01-10,ironSource,JP,Rewarded,18924,348,131.24,8.7923,0.7888
2026-01-10,ironSource,JP,Native,32480,697,98.34,3.8797,0.7804
2026-01-11,AdMob,US,Banner,290223,5590,615.72,2.3117,0.9178
2026-01-11,AdMob,US,Interstitial,51656,1058,414.4,8.7659,0.9152
2026-01-11,AdMob,US,Rewarded,91806,1554,878.25,11.6495,0.8212
2026-01-11,AdMob,US,Native,148614,2469,764.29,6.4718,0.7947
2026-01-11,AdMob,IN,Banner,439943,9973,82.39,0.2424,0.7725
2026-01-11,AdMob,IN,Interstitial,100684,1816,60.25,0.8179,0.7316
2026-01-11,AdMob,IN,Rewarded,121683,2604,98.67,1.1652,0.6959
2026-01-11,AdMob,IN,Native,240913,4204,80.9,0.5119,0.6561
2026-01-11,AdMob,BR,Banner,154740,2994,48.14,0.3836,0.8111
2026-01-11,AdMob,BR,Interstitial,31065,554,32.57,1.291,0.8121
2026-01-11,AdMob,BR,Rewarded,51787,919,78.03,1.8833,0.8
2026-01-11,AdMob,BR,Native,96242,2029,66.13,0.913,0.7526
2026-01-11,AdMob,ID,Banner,238957,4838,31.14,0.1765,0.7382
2026-01-11,AdMob,ID,Interstitial,48448,1094,20.05,0.5914,0.6998
2026-01-11,AdMob,ID,Rewarded,61681,1403,38.52,0.9599,0.6506
2026-01-11,AdMob,ID,Native,112629,2028,29.42,0.4098,0.6374
2026-01-11,AdMob,DE,Banner,126875,2343,188.07,1.6447,0.9013
2026-01-11,AdMob,DE,Interstitial,23503,427,101.75,5.3077,0.8156
2026-01-11,AdMob,DE,Rewarded,29391,563,225.22,9.0393,0.8477
2026-01-11,AdMob,DE,Native,61439,1378,178.37,3.7313,0.7781
2026-01-11,AdMob,JP,Banner,163016,2955,260.23,1.7641,0.9049
2026-01-11,AdMob,JP,Interstitial,32979,701,151.28,5.4309,0.8447
2026-01-11,AdMob,JP,Rewarded,45557,794,313.24,8.3167,0.8267
2026-01-11,AdMob,JP,Native,74521,1518,216.87,3.967,0.7336
2026-01-11,Unity,US,Banner,196250,3796,415.0,2.3767,0.8897
2026-01-11,Unity,US,Interstitial,43356,830,333.27,9.1765,0.8377
2026-01-11,Unity,US,Rewarded,53134,1106,514.9,11.5173,0.8414
2026-01-11,Unity,US,Native,90452,2051,379.48,5.6332,0.7448
2026-01-11,Unity,IN,Banner,367855,8441,62.13,0.2225,0.7591
2026-01-11,Unity,IN,Interstitial,72639,1185,40.46,0.7871,0.7077
2026-01-11,Unity,IN,Rewarded,98743,2040,77.56,1.1743,0.6689
2026-01-11,Unity,IN,Native,137395,2242,52.9,0.5922,0.6502
2026-01-11,Unity,BR,Banner,123950,2522,38.91,0.3526,0.8903
2026-01-11,Unity,BR,Interstitial,22521,523,22.22,1.2503,0.789
2026-01-11,Unity,BR,Rewarded,34863,676,46.31,1.818,0.7306
2026-01-11,Unity,BR,Native,66394,1182,41.58,0.8913,0.7026
2026-01-11,Unity,ID,Banner,176325,3456,23.81,0.1955,0.6909
2026-01-11,Unity,ID,Interstitial,30629,541,12.94,0.6445,0.6555
2026-01-11,Unity,ID,Rewarded,51958,1015,27.56,0.8192,0.6475
2026-01-11,Unity,ID,Native,76500,1322,19.31,0.4111,0.6138
2026-01-11,Unity,DE,Banner,82238,1417,132.95,1.7508,0.9234
2026-01-11,Unity,DE,Interstitial,14405,277,63.7,5.245,0.8431
2026-01-11,Unity,DE,Rewarded,25451,487,147.78,7.5185,0.7723
2026-01-11,Unity,DE,Native,42630,770,119.53,3.6139,0.7758
2026-01-11,Unity,JP,Banner,112279,2003,188.03,1.9424,0.8622
2026-01-11,Unity,JP,Interstitial,19589,442,94.77,5.6886,0.8504
2026-01-11,Unity,JP,Rewarded,31755,547,238.55,9.5838,0.7838
2026-01-11,Unity,JP,Native,53904,979,167.44,4.0828,0.7608
2026-01-11,AppLovin,US,Banner,125690,3004,312.78,2.8012,0.8884
2026-01-11,AppLovin,US,Interstitial,32866,677,262.63,8.9995,0.8879
2026-01-11,AppLovin,US,Rewarded,47861,1002,482.43,12.2131,0.8253
2026-01-11,AppLovin,US,Native,69960,1435,315.35,5.8637,0.7687
2026-01-11,AppLovin,IN,Banner,254189,5468,46.69,0.2257,0.8139
2026-01-11,AppLovin,IN,Interstitial,50461,813,31.09,0.809,0.7617
2026-01-11,AppLovin,IN,Rewarded,75590,1809,60.07,1.0896,0.7294
2026-01-11,AppLovin,IN,Native,107895,1944,38.74,0.5276,0.6806
2026-01-11,AppLovin,BR,Banner,95708,2281,25.95,0.3314,0.8182
2026-01-11,AppLovin,BR,Interstitial,18149,388,18.48,1.2833,0.7933
2026-01-11,AppLovin,BR,Rewarded,26606,548,38.07,1.8371,0.779
2026-01-11,AppLovin,BR,Native,42207,751,25.12,0.8024,0.7419
2026-01-11,AppLovin,ID,Banner,121636,2673,15.11,0.1704,0.729
2026-01-11,AppLovin,ID,Interstitial,21059,439,7.59,0.5472,0.6588
2026-01-11,AppLovin,ID,Rewarded,38116,713,20.68,0.8181,0.6632
2026-01-11,AppLovin,ID,Native,57129,1126,15.68,0.456,0.6017
2026-01-11,AppLovin,DE,Banner,49111,796,65.21,1.5119,0.8783
2026-01-11,AppLovin,DE,Interstitial,11953,207,55.65,5.419,0.8591
2026-01-11,AppLovin,DE,Rewarded,16193,265,116.96,8.5203,0.8477
2026-01-11,AppLovin,DE,Native,32117,642,96.66,3.9092,0.7699
2026-01-11,AppLovin,JP,Banner,62590,1172,91.93,1.6524,0.8889
2026-01-11,AppLovin,JP,Interstitial,16174,351,76.77,5.8879,0.8062
2026-01-11,AppLovin,JP,Rewarded,20225,469,147.76,9.0458,0.8077
2026-01-11,AppLovin,JP,Native,39087,921,129.41,4.3481,0.7614
2026-01-11,ironSource,US,Banner,107955,1915,222.79,2.2956,0.899
2026-01-11,ironSource,US,Interstitial,24116,388,185.67,8.7273,0.8822
2026-01-11,ironSource,US,Rewarded,36867,754,381.67,12.3,0.8417
2026-01-11,ironSource,US,Native,54787,1241,226.7,5.5151,0.7503
2026-01-11,ironSource,IN,Banner,207095,3979,38.35,0.2472,0.7491
2026-01-11,ironSource,IN,Interstitial,39327,629,23.68,0.8448,0.7127
2026-01-11,ironSource,IN,Rewarded,58712,945,46.86,1.1656,0.6848
2026-01-11,ironSource,IN,Native,93112,1911,38.69,0.5993,0.6933
2026-01-11,ironSource,BR,Banner,69299,1319,19.54,0.3301,0.8542
2026-01-11,ironSource,BR,Interstitial,14243,238,13.14,1.1733,0.7865
2026-01-11,ironSource,BR,Rewarded,19550,467,23.95,1.6548,0.7403
2026-01-11,ironSource,BR,Native,33921,812,21.49,0.8454,0.7495
2026-01-11,ironSource,ID,Banner,94282,1739,12.76,0.1912,0.7075
2026-01-11,ironSource,ID,Interstitial,17862,330,7.72,0.6207,0.6965
2026-01-11,ironSource,ID,Rewarded,24562,506,14.16,0.9238,0.6239
2026-01-11,ironSource,ID,Native,48669,1118,13.34,0.4369,0.6275
2026-01-11,ironSource,DE,Banner,45999,804,72.31,1.726,0.9107
2026-01-11,ironSource,DE,Interstitial,7890,165,35.3,5.263,0.8501
2026-01-11,ironSource,DE,Rewarded,15248,361,92.12,7.7488,0.7797
2026-01-11,ironSource,DE,Native,20295,412,60.03,3.8334,0.7715
2026-01-11,ironSource,JP,Banner,50359,1041,69.83,1.6405,0.8453
2026-01-11,ironSource,JP,Interstitial,11652,262,56.1,5.6805,0.8475
2026-01-11,ironSource,JP,Rewarded,14877,268,108.01,8.9966,0.807
2026-01-11,ironSource,JP,Native,27092,609,90.51,4.2955,0.7778
2026-01-12,AdMob,US,Banner,256234,5413,620.3,2.6674,0.9076
2026-01-12,AdMob,US,Interstitial,49492,1012,351.83,7.9729,0.8916
2026-01-12,AdMob,US,Rewarded,71818,1330,781.25,13.7989,0.7883
2026-01-12,AdMob,US,Native,108383,2021,541.91,6.2672,0.7978
2026-01-12,AdMob,IN,Banner,421079,8267,79.16,0.235,0.8
2026-01-12,AdMob,IN,Interstitial,77894,1321,48.94,0.8696,0.7225
2026-01-12,AdMob,IN,Rewarded,123043,2029,112.0,1.3126,0.6934
2026-01-12,AdMob,IN,Native,190358,4047,68.37,0.5607,0.6406
2026-01-12,AdMob,BR,Banner,172398,3311,51.49,0.3565,0.8377
2026-01-12,AdMob,BR,Interstitial,26536,506,27.45,1.292,0.8006
2026-01-12,AdMob,BR,Rewarded,47155,777,65.13,1.7791,0.7763
2026-01-12,AdMob,BR,Native,82058,1939,54.99,0.914,0.7332
2026-01-12,AdMob,ID,Banner,179085,3698,23.34,0.1792,0.7273
2026-01-12,AdMob,ID,Interstitial,38817,742,14.84,0.5806,0.6585
2026-01-12,AdMob,ID,Rewarded,53927,888,31.97,0.9422,0.6291
2026-01-12,AdMob,ID,Native,101570,2093,27.59,0.428,0.6348
2026-01-12,AdMob,DE,Banner,95364,1586,150.8,1.75,0.9036
2026-01-12,AdMob,DE,Interstitial,20395,374,102.66,5.9488,0.8461
2026-01-12,AdMob,DE,Rewarded,26791,556,165.43,7.6749,0.8046
2026-01-12,AdMob,DE,Native,43709,904,143.62,4.1885,0.7845
2026-01-12,AdMob,JP,Banner,137316,2889,198.78,1.6489,0.878
2026-01-12,AdMob,JP,Interstitial,27464,646,142.32,6.3402,0.8174
2026-01-12,AdMob,JP,Rewarded,33273,579,266.97,9.6752,0.8293
2026-01-12,AdMob,JP,Native,66663,1341,188.37,3.8138,0.7409
2026-01-12,Unity,US,Banner,179233,3557,465.02,2.7723,0.9358
2026-01-12,Unity,US,Interstitial,38251,912,294.97,9.2659,0.8322
2026-01-12,Unity,US,Rewarded,45981,784,504.61,13.5517,0.8098
2026-01-12,Unity,US,Native,85921,1412,406.4,6.1213,0.7727
2026-01-12,Unity,IN,Banner,288354,5112,57.64,0.2593,0.7709
2026-01-12,Unity,IN,Interstitial,55035,1244,30.63,0.7277,0.7647
2026-01-12,Unity,IN,Rewarded,86217,1762,72.61,1.1647,0.723
2026-01-12,Unity,IN,Native,153689,3194,60.23,0.5747,0.6819
2026-01-12,Unity,BR,Banner,102295,2131,34.31,0.393,0.8535
2026-01-12,Unity,BR,Interstitial,19239,336,19.25,1.2302,0.8133
2026-01-12,Unity,BR,Rewarded,27338,551,39.44,1.8376,0.7852
2026-01-12,Unity,BR,Native,48196,941,28.96,0.868,0.6922
2026-01-12,Unity,ID,Banner,125861,2403,14.83,0.1686,0.6986
2026-01-12,Unity,ID,Interstitial,24229,481,9.75,0.5877,0.6848
2026-01-12,Unity,ID,Rewarded,40523,812,24.34,0.961,0.625
2026-01-12,Unity,ID,Native,60802,1248,14.39,0.384,0.6165
2026-01-12,Unity,DE,Banner,77938,1277,122.46,1.6691,0.9414
2026-01-12,Unity,DE,Interstitial,12311,250,50.96,4.9985,0.8281
2026-01-12,Unity,DE,Rewarded,21917,498,139.09,7.5002,0.8461
2026-01-12,Unity,DE,Native,32864,559,85.68,3.5244,0.7397
2026-01-12,Unity,JP,Banner,77611,1464,120.26,1.8067,0.8576
2026-01-12,Unity,JP,Interstitial,20069,343,109.06,6.2212,0.8735
2026-01-12,Unity,JP,Rewarded,25321,405,174.74,9.0985,0.7585
2026-01-12,Unity,JP,Native,45986,915,147.24,4.3191,0.7413
2026-01-12,AppLovin,US,Banner,121829,2121,254.34,2.3072,0.9049
2026-01-12,AppLovin,US,Interstitial,21988,479,180.04,9.2764,0.8827
2026-01-12,AppLovin,US,Rewarded,35422,594,356.33,12.4775,0.8062
2026-01-12,AppLovin,US,Native,56481,1150,283.38,6.304,0.7959
2026-01-12,AppLovin,IN,Banner,198505,3621,38.58,0.2603,0.7467
2026-01-12,AppLovin,IN,Interstitial,38199,684,25.1,0.8452,0.7775
2026-01-12,AppLovin,IN,Rewarded,66737,1280,58.29,1.2793,0.6827
2026-01-12,AppLovin,IN,Native,97290,2178,38.31,0.6136,0.6418
2026-01-12,AppLovin,BR,Banner,71269,1470,22.63,0.3766,0.8432
2026-01-12,AppLovin,BR,Interstitial,16496,271,17.58,1.273,0.8371
2026-01-12,AppLovin,BR,Rewarded,23796,485,30.15,1.6704,0.7586
2026-01-12,AppLovin,BR,Native,36405,621,23.28,0.8433,0.7584
2026-01-12,AppLovin,ID,Banner,105263,1817,12.87,0.1763,0.6936
2026-01-12,AppLovin,ID,Interstitial,22695,543,10.43,0.6456,0.7118
2026-01-12,AppLovin,ID,Rewarded,27374,543,15.77,0.874,0.659
2026-01-12,AppLovin,ID,Native,48775,1004,12.29,0.4081,0.6177
2026-01-12,AppLovin,DE,Banner,44921,923,66.69,1.6407,0.9048
2026-01-12,AppLovin,DE,Interstitial,9130,171,42.88,5.7665,0.8144
2026-01-12,AppLovin,DE,Rewarded,16260,350,107.42,8.3554,0.7907
2026-01-12,AppLovin,DE,Native,25505,532,81.44,4.0781,0.783
2026-01-12,AppLovin,JP,Banner,62278,1205,89.23,1.6679,0.859
2026-01-12,AppLovin,JP,Interstitial,12872,206,63.37,6.0164,0.8183
2026-01-12,AppLovin,JP,Rewarded,18728,303,130.77,8.6141,0.8106
2026-01-12,AppLovin,JP,Native,32045,633,105.99,4.5708,0.7236
2026-01-12,ironSource,US,Banner,87742,1689,212.08,2.6141,0.9246
2026-01-12,ironSource,US,Interstitial,20128,325,156.49,9.1742,0.8475
2026-01-12,ironSource,US,Rewarded,33254,690,370.4,12.9466,0.8603
2026-01-12,ironSource,US,Native,54652,1273,256.98,5.8663,0.8015
2026-01-12,ironSource,IN,Banner,163461,2875,27.98,0.2247,0.762
2026-01-12,ironSource,IN,Interstitial,29569,612,16.94,0.769,0.7451
2026-01-12,ironSource,IN,Rewarded,46941,784,38.76,1.2277,0.6726
2026-01-12,ironSource,IN,Native,72123,1317,26.11,0.562,0.644
2026-01-12,ironSource,BR,Banner,58205,1233,18.0,0.3825,0.8087
2026-01-12,ironSource,BR,Interstitial,12607,203,13.51,1.2717,0.8424
2026-01-12,ironSource,BR,Rewarded,16130,330,23.83,1.939,0.7618
2026-01-12,ironSource,BR,Native,31467,754,20.64,0.8701,0.7537
2026-01-12,ironSource,ID,Banner,85283,1398,10.98,0.1723,0.7473
2026-01-12,ironSource,ID,Interstitial,14709,261,6.36,0.6477,0.6673
2026-01-12,ironSource,ID,Rewarded,21394,457,13.37,0.9646,0.648
2026-01-12,ironSource,ID,Native,36868,682,10.22,0.4417,0.6279
2026-01-12,ironSource,DE,Banner,38928,823,57.05,1.5542,0.9429
2026-01-12,ironSource,DE,Interstitial,9042,200,42.0,5.2837,0.8791
2026-01-12,ironSource,DE,Rewarded,12689,216,91.7,9.0183,0.8014
2026-01-12,ironSource,DE,Native,21030,371,65.27,4.0266,0.7707
2026-01-12,ironSource,JP,Banner,50066,1059,75.77,1.7324,0.8736
2026-01-12,ironSource,JP,Interstitial,10735,194,50.48,5.6787,0.8281
2026-01-12,ironSource,JP,Rewarded,13643,258,106.96,9.5101,0.8244
2026-01-12,ironSource,JP,Native,26884,469,94.32,4.5335,0.7739
2026-01-13,AdMob,US,Banner,284221,4689,639.88,2.4871,0.9052
2026-01-13,AdMob,US,Interstitial,49792,922,332.4,7.8353,0.852
2026-01-13,AdMob,US,Rewarded,81948,1874,911.72,13.7075,0.8116
2026-01-13,AdMob,US,Native,138396,2978,654.07,6.2649,0.7544
2026-01-13,AdMob,IN,Banner,453402,9070,86.49,0.2488,0.7669
2026-01-13,AdMob,IN,Interstitial,83497,1544,47.72,0.8017,0.7128
2026-01-13,AdMob,IN,Rewarded,130886,3091,113.94,1.2867,0.6765
2026-01-13,AdMob,IN,Native,189729,4268,74.56,0.5782,0.6797
2026-01-13,AdMob,BR,Banner,170058,2900,51.89,0.3465,0.8805
2026-01-13,AdMob,BR,Interstitial,31845,573,32.93,1.2581,0.8219
2026-01-13,AdMob,BR,Rewarded,50036,1087,61.46,1.6808,0.7309
2026-01-13,AdMob,BR,Native,74448,1291,47.77,0.8986,0.7141
2026-01-13,AdMob,ID,Banner,220186,4791,27.92,0.1818,0.6976
2026-01-13,AdMob,ID,Interstitial,40133,908,16.75,0.6125,0.6813
2026-01-13,AdMob,ID,Rewarded,65932,1497,38.48,0.9377,0.6224
2026-01-13,AdMob,ID,Native,105130,2421,27.7,0.4366,0.6036
2026-01-13,AdMob,DE,Banner,106761,2465,144.91,1.5222,0.8917
2026-01-13,AdMob,DE,Interstitial,17283,363,90.36,6.0076,0.8703
2026-01-13,AdMob,DE,Rewarded,27935,513,185.13,7.8355,0.8458
2026-01-13,AdMob,DE,Native,54132,870,150.4,3.7677,0.7374
2026-01-13,AdMob,JP,Banner,126659,2388,216.84,1.9713,0.8685
2026-01-13,AdMob,JP,Interstitial,23830,549,119.31,6.0247,0.831
2026-01-13,AdMob,JP,Rewarded,37562,896,258.46,9.014,0.7634
2026-01-13,AdMob,JP,Native,57811,1200,168.83,3.8416,0.7602
2026-01-13,Unity,US,Banner,170545,2995,405.1,2.5103,0.9462
2026-01-13,Unity,US,Interstitial,38362,754,291.09,8.7529,0.8669
2026-01-13,Unity,US,Rewarded,48667,903,540.38,13.3929,0.8291
2026-01-13,Unity,US,Native,90021,2103,457.41,6.5399,0.7769
2026-01-13,Unity,IN,Banner,266981,5165,44.18,0.2186,0.7569
2026-01-13,Unity,IN,Interstitial,51289,1166,28.5,0.72,0.7718
2026-01-13,Unity,IN,Rewarded,90105,1490,68.17,1.1203,0.6753
2026-01-13,Unity,IN,Native,149409,2532,59.81,0.608,0.6584
2026-01-13,Unity,BR,Banner,105390,2210,30.88,0.3491,0.8394
2026-01-13,Unity,BR,Interstitial,22377,536,19.07,1.1065,0.77
2026-01-13,Unity,BR,Rewarded,28974,472,35.21,1.6394,0.7413
2026-01-13,Unity,BR,Native,50796,993,32.17,0.8908,0.711
2026-01-13,Unity,ID,Banner,147374,3379,19.83,0.1803,0.746
2026-01-13,Unity,ID,Interstitial,23883,571,10.31,0.6334,0.6813
2026-01-13,Unity,ID,Rewarded,41788,751,27.42,0.9876,0.6645
2026-01-13,Unity,ID,Native,70806,1188,20.71,0.4613,0.6339
2026-01-13,Unity,DE,Banner,74333,1429,101.7,1.599,0.8556
2026-01-13,Unity,DE,Interstitial,12885,291,63.41,5.8508,0.8411
2026-01-13,Unity,DE,Rewarded,17853,319,111.75,7.9329,0.789
2026-01-13,Unity,DE,Native,30465,558,84.58,3.6091,0.7692
2026-01-13,Unity,JP,Banner,85331,1983,136.79,1.7557,0.9131
2026-01-13,Unity,JP,Interstitial,17463,412,81.29,5.7962,0.8031
2026-01-13,Unity,JP,Rewarded,22786,422,152.7,8.6358,0.776
2026-01-13,Unity,JP,Native,39343,829,125.67,4.4379,0.7198
2026-01-13,AppLovin,US,Banner,110894,1942,247.55,2.331,0.9577
2026-01-13,AppLovin,US,Interstitial,27409,648,196.77,8.5759,0.8371
2026-01-13,AppLovin,US,Rewarded,34653,791,379.16,13.6671,0.8006
2026-01-13,AppLovin,US,Native,53373,1253,255.63,5.964,0.8031
2026-01-13,AppLovin,IN,Banner,224552,3950,46.46,0.2553,0.8103
2026-01-13,AppLovin,IN,Interstitial,37410,716,20.98,0.7662,0.7319
2026-01-13,AppLovin,IN,Rewarded,60801,1054,48.65,1.1184,0.7154
2026-01-13,AppLovin,IN,Native,94309,2066,36.08,0.5604,0.6827
2026-01-13,AppLovin,BR,Banner,78274,1307,22.41,0.3352,0.854
2026-01-13,AppLovin,BR,Interstitial,14448,262,13.12,1.1792,0.7703
2026-01-13,AppLovin,BR,Rewarded,25575,418,37.84,1.9633,0.7537
2026-01-13,AppLovin,BR,Native,33889,580,21.02,0.8219,0.7549
2026-01-13,AppLovin,ID,Banner,107905,2055,13.51,0.1659,0.7547
2026-01-13,AppLovin,ID,Interstitial,21651,379,8.72,0.5811,0.6927
2026-01-13,AppLovin,ID,Rewarded,26814,619,17.72,0.9789,0.6751
2026-01-13,AppLovin,ID,Native,51881,969,13.55,0.4459,0.5856
2026-01-13,AppLovin,DE,Banner,47205,811,70.96,1.6948,0.887
2026-01-13,AppLovin,DE,Interstitial,10289,175,50.82,5.8458,0.8449
2026-01-13,AppLovin,DE,Rewarded,13635,288,84.6,7.8168,0.7938
2026-01-13,AppLovin,DE,Native,25757,581,77.75,4.001,0.7545
2026-01-13,AppLovin,JP,Banner,56951,993,92.35,1.7889,0.9065
2026-01-13,AppLovin,JP,Interstitial,11036,236,58.67,6.4604,0.8229
2026-01-13,AppLovin,JP,Rewarded,16080,264,116.79,9.3421,0.7774
2026-01-13,AppLovin,JP,Native,32279,537,95.06,3.9823,0.7395
2026-01-13,ironSource,US,Banner,89414,2082,193.03,2.447,0.8823
2026-01-13,ironSource,US,Interstitial,17036,314,121.4,8.4726,0.8411
2026-01-13,ironSource,US,Rewarded,33834,597,348.53,11.8873,0.8666
2026-01-13,ironSource,US,Native,53623,1095,261.51,6.0055,0.8121
2026-01-13,ironSource,IN,Banner,161658,3771,27.47,0.2254,0.754
2026-01-13,ironSource,IN,Interstitial,30347,567,17.98,0.7795,0.7603
2026-01-13,ironSource,IN,Rewarded,54509,1256,48.57,1.2571,0.7088
2026-01-13,ironSource,IN,Native,69190,1232,24.36,0.5328,0.6607
2026-01-13,ironSource,BR,Banner,64390,1206,21.19,0.3902,0.8435
2026-01-13,ironSource,BR,Interstitial,13661,257,13.08,1.1868,0.8066
2026-01-13,ironSource,BR,Rewarded,20211,454,28.95,1.8248,0.7851
2026-01-13,ironSource,BR,Native,28576,540,17.71,0.8289,0.7477
2026-01-13,ironSource,ID,Banner,87054,1909,12.43,0.1959,0.7289
2026-01-13,ironSource,ID,Interstitial,17464,286,7.58,0.6414,0.6768
2026-01-13,ironSource,ID,Rewarded,23293,512,13.99,0.9313,0.6448
2026-01-13,ironSource,ID,Native,38283,842,9.79,0.4313,0.5928
2026-01-13,ironSource,DE,Banner,40548,891,55.47,1.5523,0.8813
2026-01-13,ironSource,DE,Interstitial,7958,172,36.95,5.1876,0.895
2026-01-13,ironSource,DE,Rewarded,13645,316,89.63,8.1297,0.808
2026-01-13,ironSource,DE,Native,20150,394,60.28,4.0096,0.746
2026-01-13,ironSource,JP,Banner,44351,723,62.82,1.6942,0.8361
2026-01-13,ironSource,JP,Interstitial,11431,259,55.27,5.6908,0.8497
2026-01-13,ironSource,JP,Rewarded,15227,316,103.31,8.3757,0.8101
2026-01-13,ironSource,JP,Native,26734,550,92.73,4.4266,0.7836
2026-01-14,AdMob,US,Banner,238123,5519,550.4,2.6257,0.8803
2026-01-14,AdMob,US,Interstitial,44290,920,327.73,8.2073,0.9016
2026-01-14,AdMob,US,Rewarded,72606,1359,789.46,12.6823,0.8574
2026-01-14,AdMob,US,Native,138861,3163,609.3,5.4599,0.8036
2026-01-14,AdMob,IN,Banner,361818,7834,64.55,0.2367,0.7539
2026-01-14,AdMob,IN,Interstitial,80848,1430,47.73,0.8217,0.7185
2026-01-14,AdMob,IN,Rewarded,103493,2366,84.58,1.1573,0.7062
2026-01-14,AdMob,IN,Native,210015,4568,80.45,0.5528,0.693
2026-01-14,AdMob,BR,Banner,169357,2781,50.85,0.362,0.8295
2026-01-14,AdMob,BR,Interstitial,32034,649,28.12,1.1091,0.7916
2026-01-14,AdMob,BR,Rewarded,45869,873,62.28,1.8362,0.7395
2026-01-14,AdMob,BR,Native,77636,1815,52.72,0.9189,0.7389
2026-01-14,AdMob,ID,Banner,215732,4602,27.59,0.1833,0.6978
2026-01-14,AdMob,ID,Interstitial,41480,839,17.35,0.6123,0.6833
2026-01-14,AdMob,ID,Rewarded,57019,1279,32.37,0.9035,0.6284
2026-01-14,AdMob,ID,Native,90573,1926,21.21,0.3851,0.6081
2026-01-14,AdMob,DE,Banner,98131,1842,140.03,1.5763,0.9052
2026-01-14,AdMob,DE,Interstitial,22597,420,115.27,5.9649,0.8552
2026-01-14,AdMob,DE,Rewarded,32134,600,194.35,7.4856,0.808
2026-01-14,AdMob,DE,Native,56308,1234,150.45,3.4742,0.769
2026-01-14,AdMob,JP,Banner,124438,2506,189.31,1.6507,0.9216
2026-01-14,AdMob,JP,Interstitial,25856,502,122.66,5.6839,0.8346
2026-01-14,AdMob,JP,Rewarded,32717,586,222.09,8.2911,0.8187
2026-01-14,AdMob,JP,Native,56780,936,183.35,4.2041,0.7681
2026-01-14,Unity,US,Banner,179032,2940,370.04,2.3558,0.8774
2026-01-14,Unity,US,Interstitial,38508,751,252.2,7.8506,0.8342
2026-01-14,Unity,US,Rewarded,57917,945,577.82,12.1441,0.8215
2026-01-14,Unity,US,Native,86163,1607,410.02,6.0424,0.7875
2026-01-14,Unity,IN,Banner,264504,4442,45.01,0.2211,0.7696
2026-01-14,Unity,IN,Interstitial,60478,1386,41.04,0.8746,0.7758
2026-01-14,Unity,IN,Rewarded,86539,1821,74.2,1.2482,0.6869
2026-01-14,Unity,IN,Native,138137,2521,52.42,0.558,0.6801
2026-01-14,Unity,BR,Banner,99268,1973,31.49,0.3906,0.8123
2026-01-14,Unity,BR,Interstitial,23600,424,23.48,1.2265,0.8112
2026-01-14,Unity,BR,Rewarded,30018,603,44.51,1.9267,0.7695
2026-01-14,Unity,BR,Native,46193,878,26.5,0.7587,0.756
2026-01-14,Unity,ID,Banner,144334,3386,17.45,0.1649,0.7332
2026-01-14,Unity,ID,Interstitial,28635,633,10.96,0.5551,0.6896
2026-01-14,Unity,ID,Rewarded,40820,946,26.0,0.9684,0.6576
2026-01-14,Unity,ID,Native,72593,1278,16.95,0.389,0.6004
2026-01-14,Unity,DE,Banner,78585,1446,124.94,1.7359,0.9159
2026-01-14,Unity,DE,Interstitial,12672,225,62.48,5.7821,0.8528
2026-01-14,Unity,DE,Rewarded,21734,429,129.59,7.4916,0.7959
2026-01-14,Unity,DE,Native,31303,533,98.19,4.2232,0.7427
2026-01-14,Unity,JP,Banner,79717,1636,132.08,1.8969,0.8734
2026-01-14,Unity,JP,Interstitial,14985,337,67.8,5.4413,0.8315
2026-01-14,Unity,JP,Rewarded,29283,682,192.21,8.2561,0.795
2026-01-14,Unity,JP,Native,42279,992,136.39,4.4768,0.7206
2026-01-14,AppLovin,US,Banner,134428,2541,349.27,2.7751,0.9362
2026-01-14,AppLovin,US,Interstitial,28286,611,197.34,8.1185,0.8593
2026-01-14,AppLovin,US,Rewarded,40484,906,450.39,13.845,0.8036
2026-01-14,AppLovin,US,Native,66972,1223,281.22,5.4309,0.7732
2026-01-14,AppLovin,IN,Banner,188269,4093,39.2,0.2632,0.7911
2026-01-14,AppLovin,IN,Interstitial,45719,890,27.23,0.7804,0.7634
2026-01-14,AppLovin,IN,Rewarded,66651,1183,54.91,1.1234,0.7334
2026-01-14,AppLovin,IN,Native,94786,1977,36.6,0.5887,0.656
2026-01-14,AppLovin,BR,Banner,73752,1214,23.02,0.3775,0.8269
2026-01-14,AppLovin,BR,Interstitial,14099,265,13.14,1.1938,0.7807
2026-01-14,AppLovin,BR,Rewarded,21824,503,27.62,1.6407,0.7714
2026-01-14,AppLovin,BR,Native,33582,649,21.12,0.8564,0.7344
2026-01-14,AppLovin,ID,Banner,106032,1702,13.5,0.1768,0.7203
2026-01-14,AppLovin,ID,Interstitial,21150,400,8.55,0.6194,0.6524
2026-01-14,AppLovin,ID,Rewarded,34311,798,19.7,0.8857,0.6481
2026-01-14,AppLovin,ID,Native,53258,1220,14.33,0.4269,0.6302
2026-01-14,AppLovin,DE,Banner,49353,1171,72.09,1.6418,0.8897
2026-01-14,AppLovin,DE,Interstitial,10591,210,47.31,5.0415,0.886
2026-01-14,AppLovin,DE,Rewarded,13059,300,87.4,8.332,0.8033
2026-01-14,AppLovin,DE,Native,22779,374,71.88,4.1014,0.7694
2026-01-14,AppLovin,JP,Banner,71347,1409,110.93,1.8045,0.8616
2026-01-14,AppLovin,JP,Interstitial,13841,235,64.67,5.7659,0.8103
2026-01-14,AppLovin,JP,Rewarded,17612,313,132.19,9.5041,0.7898
2026-01-14,AppLovin,JP,Native,28120,527,89.14,4.0595,0.7809
2026-01-14,ironSource,US,Banner,114643,2651,259.55,2.5425,0.8905
2026-01-14,ironSource,US,Interstitial,19762,324,160.37,8.8564,0.9163
2026-01-14,ironSource,US,Rewarded,26370,460,284.32,13.3122,0.8099
2026-01-14,ironSource,US,Native,43090,735,186.3,5.381,0.8035
2026-01-14,ironSource,IN,Banner,158450,2569,30.07,0.2451,0.7744
2026-01-14,ironSource,IN,Interstitial,34721,803,19.05,0.7217,0.7604
2026-01-14,ironSource,IN,Rewarded,47032,898,39.81,1.2085,0.7004
2026-01-14,ironSource,IN,Native,89298,1868,35.18,0.6041,0.6521
2026-01-14,ironSource,BR,Banner,67684,1328,22.65,0.3933,0.8508
2026-01-14,ironSource,BR,Interstitial,11203,231,11.43,1.3101,0.7787
2026-01-14,ironSource,BR,Rewarded,16825,403,21.93,1.7204,0.7577
2026-01-14,ironSource,BR,Native,25994,448,15.35,0.8532,0.6923
2026-01-14,ironSource,ID,Banner,78549,1455,9.96,0.1804,0.7026
2026-01-14,ironSource,ID,Interstitial,14017,330,5.78,0.5764,0.7159
2026-01-14,ironSource,ID,Rewarded,22811,366,14.04,0.9128,0.6745
2026-01-14,ironSource,ID,Native,43728,756,11.75,0.4577,0.587
2026-01-14,ironSource,DE,Banner,45528,822,64.81,1.6624,0.8563
2026-01-14,ironSource,DE,Interstitial,7879,188,39.38,5.7122,0.8749
2026-01-14,ironSource,DE,Rewarded,11235,216,75.9,8.3131,0.8127
2026-01-14,ironSource,DE,Native,18014,360,60.18,4.2176,0.792
2026-01-14,ironSource,JP,Banner,51548,1111,77.54,1.7018,0.8839
2026-01-14,ironSource,JP,Interstitial,10045,190,55.94,6.5883,0.8453
2026-01-14,ironSource,JP,Rewarded,16224,304,106.78,8.4068,0.7829
2026-01-14,ironSource,JP,Native,24488,547,81.14,4.4367,0.7468
2026-01-15,AdMob,US,Banner,255736,4579,599.02,2.4695,0.9485
2026-01-15,AdMob,US,Interstitial,45865,737,332.88,8.5077,0.8531
2026-01-15,AdMob,US,Rewarded,78336,1859,824.31,12.7783,0.8235
2026-01-15,AdMob,US,Native,127669,2624,614.23,6.3825,0.7538
2026-01-15,AdMob,IN,Banner,444157,8428,86.37,0.244,0.797
2026-01-15,AdMob,IN,Interstitial,70218,1610,40.84,0.7933,0.7332
2026-01-15,AdMob,IN,Rewarded,110783,1991,106.71,1.312,0.7342
2026-01-15,AdMob,IN,Native,190883,3731,80.05,0.6043,0.6939
2026-01-15,AdMob,BR,Banner,141944,2581,44.48,0.3619,0.866
2026-01-15,AdMob,BR,Interstitial,32128,613,27.06,1.0924,0.7711
2026-01-15,AdMob,BR,Rewarded,43021,798,57.0,1.7336,0.7643
2026-01-15,AdMob,BR,Native,68075,1313,41.63,0.808,0.7568
2026-01-15,AdMob,ID,Banner,196682,3527,27.13,0.1828,0.7548
2026-01-15,AdMob,ID,Interstitial,42175,704,18.25,0.6259,0.6913
2026-01-15,AdMob,ID,Rewarded,63183,1384,33.96,0.8215,0.6542
2026-01-15,AdMob,ID,Native,91329,2077,23.9,0.4487,0.5833
2026-01-15,AdMob,DE,Banner,98809,2334,133.37,1.5568,0.867
2026-01-15,AdMob,DE,Interstitial,17435,365,75.88,5.169,0.842
2026-01-15,AdMob,DE,Rewarded,30403,544,184.0,7.6323,0.793
2026-01-15,AdMob,DE,Native,45703,810,134.91,3.7816,0.7806
2026-01-15,AdMob,JP,Banner,120000,2836,194.79,1.7607,0.9219
2026-01-15,AdMob,JP,Interstitial,27251,505,124.03,5.69,0.7999
2026-01-15,AdMob,JP,Rewarded,34876,797,255.8,9.0107,0.814
2026-01-15,AdMob,JP,Native,68966,1276,214.53,4.0821,0.762
2026-01-15,Unity,US,Banner,151947,2928,352.66,2.6528,0.8749
2026-01-15,Unity,US,Interstitial,33208,612,263.07,8.8287,0.8973
2026-01-15,Unity,US,Rewarded,57408,1252,577.96,12.2245,0.8236
2026-01-15,Unity,US,Native,92564,1971,459.68,6.53,0.7605
2026-01-15,Unity,IN,Banner,289213,6366,56.62,0.2599,0.7532
2026-01-15,Unity,IN,Interstitial,57146,1066,32.27,0.7639,0.7391
2026-01-15,Unity,IN,Rewarded,85998,1810,78.62,1.2934,0.7069
2026-01-15,Unity,IN,Native,140787,2806,46.31,0.5097,0.6453
2026-01-15,Unity,BR,Banner,99022,1840,28.38,0.3371,0.8504
2026-01-15,Unity,BR,Interstitial,19476,456,18.05,1.1914,0.7779
2026-01-15,Unity,BR,Rewarded,34974,776,48.18,1.8747,0.7349
2026-01-15,Unity,BR,Native,57350,1213,35.25,0.885,0.6946
2026-01-15,Unity,ID,Banner,154041,3029,20.57,0.1828,0.7305
2026-01-15,Unity,ID,Interstitial,28241,470,10.66,0.5441,0.6935
2026-01-15,Unity,ID,Rewarded,41181,702,23.13,0.8627,0.6509
2026-01-15,Unity,ID,Native,74024,1246,19.47,0.4448,0.5914
2026-01-15,Unity,DE,Banner,62555,1234,100.18,1.7745,0.9025
2026-01-15,Unity,DE,Interstitial,12348,279,62.0,5.6645,0.8865
2026-01-15,Unity,DE,Rewarded,21794,357,128.1,7.5492,0.7786
2026-01-15,Unity,DE,Native,32453,619,86.49,3.5695,0.7466
2026-01-15,Unity,JP,Banner,99128,2149,165.86,1.8397,0.9095
2026-01-15,Unity,JP,Interstitial,15465,326,79.41,6.2831,0.8172
2026-01-15,Unity,JP,Rewarded,24997,455,191.28,9.8958,0.7733
2026-01-15,Unity,JP,Native,49402,1077,143.21,3.8007,0.7627
2026-01-15,AppLovin,US,Banner,137614,2273,370.29,2.792,0.9638
2026-01-15,AppLovin,US,Interstitial,27413,466,212.7,8.7487,0.8869
2026-01-15,AppLovin,US,Rewarded,39189,764,472.32,13.9803,0.8621
2026-01-15,AppLovin,US,Native,53874,1164,251.72,5.7861,0.8075
2026-01-15,AppLovin,IN,Banner,197560,3902,33.45,0.2186,0.7743
2026-01-15,AppLovin,IN,Interstitial,45142,911,27.0,0.8226,0.727
2026-01-15,AppLovin,IN,Rewarded,52188,1034,47.44,1.3134,0.6922
2026-01-15,AppLovin,IN,Native,95658,2077,37.41,0.5804,0.6738
2026-01-15,AppLovin,BR,Banner,69783,1482,19.8,0.3467,0.8181
2026-01-15,AppLovin,BR,Interstitial,12929,299,13.25,1.2234,0.8374
2026-01-15,AppLovin,BR,Rewarded,22156,473,28.98,1.7853,0.7326
2026-01-15,AppLovin,BR,Native,41114,933,23.49,0.7971,0.7168
2026-01-15,AppLovin,ID,Banner,111313,1952,13.75,0.1708,0.7236
2026-01-15,AppLovin,ID,Interstitial,17611,388,8.07,0.6493,0.7059
2026-01-15,AppLovin,ID,Rewarded,25938,486,16.07,0.9619,0.644
2026-01-15,AppLovin,ID,Native,50697,1047,12.27,0.3857,0.6277
2026-01-15,AppLovin,DE,Banner,45298,745,61.08,1.5471,0.8716
2026-01-15,AppLovin,DE,Interstitial,10263,168,49.06,5.8744,0.8137
2026-01-15,AppLovin,DE,Rewarded,15327,288,107.08,8.7772,0.796
2026-01-15,AppLovin,DE,Native,25722,562,68.91,3.6761,0.7288
2026-01-15,AppLovin,JP,Banner,64855,1388,106.91,1.8291,0.9013
2026-01-15,AppLovin,JP,Interstitial,11397,194,53.41,5.823,0.8047
2026-01-15,AppLovin,JP,Rewarded,19741,415,157.78,9.6455,0.8286
2026-01-15,AppLovin,JP,Native,28288,583,84.42,3.8687,0.7714
2026-01-15,ironSource,US,Banner,103548,2348,261.81,2.6935,0.9387
2026-01-15,ironSource,US,Interstitial,17337,317,139.92,8.9208,0.9047
2026-01-15,ironSource,US,Rewarded,31264,508,332.34,12.2761,0.8659
2026-01-15,ironSource,US,Native,51196,891,227.04,5.5531,0.7986
2026-01-15,ironSource,IN,Banner,147298,2606,28.69,0.2397,0.8124
2026-01-15,ironSource,IN,Interstitial,28584,665,17.82,0.8414,0.741
2026-01-15,ironSource,IN,Rewarded,42911,740,36.21,1.235,0.6832
2026-01-15,ironSource,IN,Native,84402,1559,32.74,0.5705,0.6799
2026-01-15,ironSource,BR,Banner,59063,1083,18.59,0.3532,0.8911
2026-01-15,ironSource,BR,Interstitial,11261,202,10.66,1.1651,0.8127
2026-01-15,ironSource,BR,Rewarded,20242,340,27.62,1.7156,0.7953
2026-01-15,ironSource,BR,Native,31409,745,19.93,0.9084,0.6986
2026-01-15,ironSource,ID,Banner,78869,1452,11.33,0.196,0.7327
2026-01-15,ironSource,ID,Interstitial,14503,248,5.49,0.5764,0.6562
2026-01-15,ironSource,ID,Rewarded,21153,362,12.51,0.8861,0.6672
2026-01-15,ironSource,ID,Native,35563,596,9.12,0.432,0.5935
2026-01-15,ironSource,DE,Banner,36002,678,59.86,1.7898,0.9289
2026-01-15,ironSource,DE,Interstitial,8373,179,40.37,5.541,0.8701
2026-01-15,ironSource,DE,Rewarded,12463,244,75.73,7.8641,0.7727
2026-01-15,ironSource,DE,Native,22345,534,68.94,3.9035,0.7904
2026-01-15,ironSource,JP,Banner,44954,1071,75.23,1.869,0.8953
2026-01-15,ironSource,JP,Interstitial,11456,256,58.08,6.224,0.8146
2026-01-15,ironSource,JP,Rewarded,13231,252,103.69,9.5053,0.8245
2026-01-15,ironSource,JP,Native,25979,480,79.97,4.1413,0.7433
2026-01-16,AdMob,US,Banner,269659,4691,718.12,2.7725,0.9605
2026-01-16,AdMob,US,Interstitial,55621,919,422.13,8.9036,0.8524
2026-01-16,AdMob,US,Rewarded,69779,1518,808.01,13.8011,0.839
2026-01-16,AdMob,US,Native,115893,2202,536.34,6.2111,0.7451
2026-01-16,AdMob,IN,Banner,415210,7424,74.56,0.223,0.8052
2026-01-16,AdMob,IN,Interstitial,83654,1410,49.12,0.7848,0.7481
2026-01-16,AdMob,IN,Rewarded,102608,2314,91.36,1.2983,0.6858
2026-01-16,AdMob,IN,Native,229961,4898,78.56,0.5277,0.6474
2026-01-16,AdMob,BR,Banner,170945,3822,56.68,0.3899,0.8502
2026-01-16,AdMob,BR,Interstitial,26721,462,29.68,1.3146,0.845
2026-01-16,AdMob,BR,Rewarded,42292,952,52.36,1.6561,0.7475
2026-01-16,AdMob,BR,Native,72262,1723,39.61,0.7709,0.7111
2026-01-16,AdMob,ID,Banner,207781,4963,25.59,0.177,0.696
2026-01-16,AdMob,ID,Interstitial,43850,721,16.47,0.5738,0.6546
2026-01-16,AdMob,ID,Rewarded,53166,1061,32.86,0.9145,0.6758
2026-01-16,AdMob,ID,Native,110288,2410,28.63,0.4155,0.6248
2026-01-16,AdMob,DE,Banner,90218,1494,132.04,1.6042,0.9124
2026-01-16,AdMob,DE,Interstitial,19169,379,95.27,5.5383,0.8974
2026-01-16,AdMob,DE,Rewarded,32844,681,222.91,8.1379,0.834
2026-01-16,AdMob,DE,Native,55798,1173,163.1,3.7814,0.773
2026-01-16,AdMob,JP,Banner,121901,1966,172.07,1.672,0.8442
2026-01-16,AdMob,JP,Interstitial,27801,608,128.29,5.6838,0.8119
2026-01-16,AdMob,JP,Rewarded,35475,839,244.63,9.0109,0.7653
2026-01-16,AdMob,JP,Native,69092,1526,230.68,4.5056,0.741
2026-01-16,Unity,US,Banner,156303,3234,314.78,2.2994,0.8758
2026-01-16,Unity,US,Interstitial,34531,669,244.77,8.5306,0.831
2026-01-16,Unity,US,Rewarded,55934,999,597.28,12.6039,0.8472
2026-01-16,Unity,US,Native,95719,1712,440.14,6.0552,0.7594
2026-01-16,Unity,IN,Banner,290754,5252,57.53,0.2558,0.7734
2026-01-16,Unity,IN,Interstitial,62165,1237,37.9,0.8271,0.7372
2026-01-16,Unity,IN,Rewarded,76547,1834,65.18,1.2304,0.6921
2026-01-16,Unity,IN,Native,139167,3247,51.86,0.5584,0.6674
2026-01-16,Unity,BR,Banner,114475,2368,35.45,0.3565,0.8686
2026-01-16,Unity,BR,Interstitial,20951,376,18.98,1.1262,0.8046
2026-01-16,Unity,BR,Rewarded,35420,717,49.3,1.7407,0.7996
2026-01-16,Unity,BR,Native,54571,1037,32.17,0.8472,0.6957
2026-01-16,Unity,ID,Banner,123164,2737,16.27,0.1844,0.7162
2026-01-16,Unity,ID,Interstitial,25651,600,9.73,0.5597,0.6776
2026-01-16,Unity,ID,Rewarded,44651,744,25.66,0.8854,0.6491
2026-01-16,Unity,ID,Native,80176,1658,20.84,0.434,0.5989
2026-01-16,Unity,DE,Banner,61799,1309,97.06,1.8037,0.8707
2026-01-16,Unity,DE,Interstitial,12930,276,65.21,5.7393,0.8787
2026-01-16,Unity,DE,Rewarded,21721,405,149.95,8.8976,0.7759
2026-01-16,Unity,DE,Native,32357,707,103.44,4.2258,0.7565
2026-01-16,Unity,JP,Banner,92349,1685,134.26,1.6963,0.857
2026-01-16,Unity,JP,Interstitial,17033,392,77.01,5.6812,0.7958
2026-01-16,Unity,JP,Rewarded,29916,480,203.15,8.7148,0.7792
2026-01-16,Unity,JP,Native,46115,796,148.85,4.4734,0.7216
2026-01-16,AppLovin,US,Banner,135878,2850,311.34,2.6093,0.8781
2026-01-16,AppLovin,US,Interstitial,23566,529,175.07,8.2768,0.8976
2026-01-16,AppLovin,US,Rewarded,36379,806,414.49,13.8902,0.8203
2026-01-16,AppLovin,US,Native,62197,1038,325.14,6.4231,0.8139
2026-01-16,AppLovin,IN,Banner,226189,3982,46.41,0.2556,0.8027
2026-01-16,AppLovin,IN,Interstitial,43661,1031,27.11,0.856,0.7254
2026-01-16,AppLovin,IN,Rewarded,51897,1069,40.81,1.116,0.7046
2026-01-16,AppLovin,IN,Native,104354,1706,36.61,0.5059,0.6935
2026-01-16,AppLovin,BR,Banner,66968,1570,18.62,0.325,0.8557
2026-01-16,AppLovin,BR,Interstitial,15746,320,15.45,1.2774,0.7682
2026-01-16,AppLovin,BR,Rewarded,22227,477,29.29,1.7996,0.7323
2026-01-16,AppLovin,BR,Native,37536,645,23.95,0.8845,0.7214
2026-01-16,AppLovin,ID,Banner,104447,2183,13.12,0.1682,0.7468
2026-01-16,AppLovin,ID,Interstitial,17943,297,8.06,0.6555,0.6853
2026-01-16,AppLovin,ID,Rewarded,31141,701,17.79,0.8556,0.6677
2026-01-16,AppLovin,ID,Native,57184,1259,14.64,0.4202,0.6092
2026-01-16,AppLovin,DE,Banner,44487,743,66.99,1.6655,0.9042
2026-01-16,AppLovin,DE,Interstitial,9753,163,50.85,5.8886,0.8855
2026-01-16,AppLovin,DE,Rewarded,13158,224,86.89,7.8584,0.8404
2026-01-16,AppLovin,DE,Native,26649,502,73.12,3.5429,0.7744
2026-01-16,AppLovin,JP,Banner,67917,1214,103.27,1.7041,0.8922
2026-01-16,AppLovin,JP,Interstitial,13301,305,69.03,6.4484,0.8048
2026-01-16,AppLovin,JP,Rewarded,19276,333,126.23,8.3288,0.7863
2026-01-16,AppLovin,JP,Native,33128,664,105.15,4.4174,0.7185
2026-01-16,ironSource,US,Banner,109438,2582,279.52,2.7724,0.9212
2026-01-16,ironSource,US,Interstitial,20214,403,152.11,8.3201,0.9044
2026-01-16,ironSource,US,Rewarded,29747,673,324.3,12.7253,0.8567
2026-01-16,ironSource,US,Native,48552,999,218.2,5.7516,0.7814
2026-01-16,ironSource,IN,Banner,147440,2753,29.18,0.2541,0.7789
2026-01-16,ironSource,IN,Interstitial,28225,520,16.57,0.7582,0.7743
2026-01-16,ironSource,IN,Rewarded,43231,703,35.43,1.1906,0.6885
2026-01-16,ironSource,IN,Native,75755,1428,28.52,0.5649,0.6664
2026-01-16,ironSource,BR,Banner,59051,1066,19.51,0.3935,0.8396
2026-01-16,ironSource,BR,Interstitial,11076,195,10.92,1.1899,0.8285
2026-01-16,ironSource,BR,Rewarded,19130,424,23.63,1.6276,0.7588
2026-01-16,ironSource,BR,Native,28548,626,17.03,0.8507,0.7012
2026-01-16,ironSource,ID,Banner,69254,1592,9.32,0.1927,0.6983
2026-01-16,ironSource,ID,Interstitial,15292,355,6.44,0.6267,0.6716
2026-01-16,ironSource,ID,Rewarded,21311,354,11.62,0.8421,0.6475
2026-01-16,ironSource,ID,Native,36351,691,10.66,0.4573,0.6412
2026-01-16,ironSource,DE,Banner,45079,974,65.99,1.6648,0.8793
2026-01-16,ironSource,DE,Interstitial,8381,179,42.25,6.038,0.8349
2026-01-16,ironSource,DE,Rewarded,10387,249,60.87,7.6125,0.7698
2026-01-16,ironSource,DE,Native,21813,401,67.99,4.0708,0.7657
2026-01-16,ironSource,JP,Banner,44768,987,67.02,1.7225,0.8691
2026-01-16,ironSource,JP,Interstitial,10118,170,44.22,5.493,0.7957
2026-01-16,ironSource,JP,Rewarded,14597,327,114.62,9.7797,0.8029
2026-01-16,ironSource,JP,Native,24747,569,72.63,4.0838,0.7187
2026-01-17,AdMob,US,Banner,311922,6206,684.03,2.3807,0.9211
2026-01-17,AdMob,US,Interstitial,59657,1212,486.59,9.2585,0.881
2026-01-17,AdMob,US,Rewarded,74614,1213,696.37,11.6354,0.8021
2026-01-17,AdMob,US,Native,154244,3499,722.45,6.2158,0.7535
2026-01-17,AdMob,IN,Banner,412360,7825,72.26,0.2305,0.7604
2026-01-17,AdMob,IN,Interstitial,85228,2036,49.94,0.7982,0.7341
2026-01-17,AdMob,IN,Rewarded,119615,2512,89.37,1.1141,0.6706
2026-01-17,AdMob,IN,Native,199261,4028,79.05,0.5977,0.6638
2026-01-17,AdMob,BR,Banner,175687,3259,48.7,0.3363,0.8243
2026-01-17,AdMob,BR,Interstitial,35467,842,31.13,1.1304,0.7765
2026-01-17,AdMob,BR,Rewarded,44328,814,66.6,1.909,0.787
2026-01-17,AdMob,BR,Native,76821,1624,44.17,0.7805,0.7368
2026-01-17,AdMob,ID,Banner,249509,4303,35.84,0.1957,0.7338
2026-01-17,AdMob,ID,Interstitial,42459,703,18.08,0.6411,0.6641
2026-01-17,AdMob,ID,Rewarded,73207,1552,43.62,0.8825,0.6752
2026-01-17,AdMob,ID,Native,100869,1886,27.57,0.4576,0.5972
2026-01-17,AdMob,DE,Banner,111627,1896,150.84,1.5019,0.8997
2026-01-17,AdMob,DE,Interstitial,22316,500,104.59,5.3358,0.8783
2026-01-17,AdMob,DE,Rewarded,30912,532,198.51,8.0298,0.7997
2026-01-17,AdMob,DE,Native,62648,1186,186.21,4.0096,0.7413
2026-01-17,AdMob,JP,Banner,126750,3027,198.12,1.8462,0.8467
2026-01-17,AdMob,JP,Interstitial,31170,725,154.12,5.8683,0.8426
2026-01-17,AdMob,JP,Rewarded,43824,996,288.5,8.4141,0.7824
2026-01-17,AdMob,JP,Native,74984,1736,251.57,4.3266,0.7754
2026-01-17,Unity,US,Banner,226594,4967,490.67,2.3434,0.9241
2026-01-17,Unity,US,Interstitial,43352,970,317.98,8.6814,0.8449
2026-01-17,Unity,US,Rewarded,64361,1119,620.96,11.6946,0.825
2026-01-17,Unity,US,Native,95718,1952,398.43,5.3765,0.7742
2026-01-17,Unity,IN,Banner,333551,5911,66.65,0.2478,0.8062
2026-01-17,Unity,IN,Interstitial,57067,1358,34.96,0.8562,0.7156
2026-01-17,Unity,IN,Rewarded,106526,1787,94.07,1.2002,0.7358
2026-01-17,Unity,IN,Native,151488,3548,56.93,0.5755,0.6531
2026-01-17,Unity,BR,Banner,105014,2228,32.75,0.3636,0.8577
2026-01-17,Unity,BR,Interstitial,22379,392,21.82,1.1675,0.8353
2026-01-17,Unity,BR,Rewarded,39777,863,56.91,1.8226,0.7851
2026-01-17,Unity,BR,Native,55077,1071,35.13,0.8516,0.7491
2026-01-17,Unity,ID,Banner,183536,3508,22.72,0.1783,0.6943
2026-01-17,Unity,ID,Interstitial,36563,842,15.0,0.5784,0.7092
2026-01-17,Unity,ID,Rewarded,46129,853,25.21,0.825,0.6626
2026-01-17,Unity,ID,Native,87332,1940,22.16,0.4152,0.6111
2026-01-17,Unity,DE,Banner,77659,1470,112.6,1.6312,0.8889
2026-01-17,Unity,DE,Interstitial,16225,327,79.89,5.8397,0.8432
2026-01-17,Unity,DE,Rewarded,25386,595,158.22,7.8696,0.792
2026-01-17,Unity,DE,Native,42949,697,130.35,3.9094,0.7763
2026-01-17,Unity,JP,Banner,104190,1966,166.11,1.8034,0.884
2026-01-17,Unity,JP,Interstitial,17598,339,86.59,5.632,0.8737
2026-01-17,Unity,JP,Rewarded,29885,649,184.99,8.1949,0.7554
2026-01-17,Unity,JP,Native,50887,1117,156.03,4.2073,0.7288
2026-01-17,AppLovin,US,Banner,129442,2367,283.72,2.3919,0.9164
2026-01-17,AppLovin,US,Interstitial,26571,600,206.2,8.7469,0.8872
2026-01-17,AppLovin,US,Rewarded,42060,1002,396.92,11.6614,0.8093
2026-01-17,AppLovin,US,Native,73950,1489,340.85,6.1996,0.7435
2026-01-17,AppLovin,IN,Banner,198089,4704,39.18,0.2433,0.8128
2026-01-17,AppLovin,IN,Interstitial,46559,995,28.59,0.7933,0.774
2026-01-17,AppLovin,IN,Rewarded,59993,1185,48.89,1.1918,0.6838
2026-01-17,AppLovin,IN,Native,113463,1964,42.21,0.5692,0.6535
2026-01-17,AppLovin,BR,Banner,86346,1615,28.63,0.3838,0.8639
2026-01-17,AppLovin,BR,Interstitial,19503,318,19.86,1.2989,0.784
2026-01-17,AppLovin,BR,Rewarded,27748,641,42.62,1.9179,0.8008
2026-01-17,AppLovin,BR,Native,44425,798,25.84,0.845,0.6884
2026-01-17,AppLovin,ID,Banner,113606,2492,15.19,0.1846,0.7241
2026-01-17,AppLovin,ID,Interstitial,21480,414,8.56,0.6078,0.6558
2026-01-17,AppLovin,ID,Rewarded,37089,675,23.57,0.9348,0.6798
2026-01-17,AppLovin,ID,Native,57468,1313,14.18,0.4057,0.6084
2026-01-17,AppLovin,DE,Banner,60677,1394,94.12,1.7762,0.8733
2026-01-17,AppLovin,DE,Interstitial,9981,184,49.72,5.9275,0.8404
2026-01-17,AppLovin,DE,Rewarded,17312,325,120.19,8.9771,0.7734
2026-01-17,AppLovin,DE,Native,31825,617,89.02,3.77,0.742
2026-01-17,AppLovin,JP,Banner,69407,1390,122.19,1.9495,0.9031
2026-01-17,AppLovin,JP,Interstitial,16481,298,78.47,5.9583,0.7991
2026-01-17,AppLovin,JP,Rewarded,21148,468,146.68,8.3824,0.8274
2026-01-17,AppLovin,JP,Native,33439,786,109.33,4.2763,0.7646
2026-01-17,ironSource,US,Banner,128166,2627,309.87,2.5577,0.9453
2026-01-17,ironSource,US,Interstitial,23363,472,154.2,7.8451,0.8413
2026-01-17,ironSource,US,Rewarded,32107,522,313.31,11.5286,0.8465
2026-01-17,ironSource,US,Native,59143,1175,290.35,5.9966,0.8187
2026-01-17,ironSource,IN,Banner,159910,3833,31.28,0.2425,0.8066
2026-01-17,ironSource,IN,Interstitial,36030,631,21.43,0.7712,0.7711
2026-01-17,ironSource,IN,Rewarded,57111,1072,45.04,1.1774,0.6698
2026-01-17,ironSource,IN,Native,85520,1551,34.41,0.5808,0.6928
2026-01-17,ironSource,BR,Banner,75447,1249,21.11,0.328,0.8532
2026-01-17,ironSource,BR,Interstitial,15596,352,16.17,1.2639,0.8203
2026-01-17,ironSource,BR,Rewarded,21616,505,33.25,1.9688,0.7814
2026-01-17,ironSource,BR,Native,34677,590,19.49,0.7757,0.7245
2026-01-17,ironSource,ID,Banner,94552,1520,12.36,0.1794,0.7288
2026-01-17,ironSource,ID,Interstitial,16715,318,7.16,0.599,0.7148
2026-01-17,ironSource,ID,Rewarded,26973,496,16.58,0.9386,0.6547
2026-01-17,ironSource,ID,Native,44769,763,11.36,0.3963,0.6405
2026-01-17,ironSource,DE,Banner,44231,983,57.8,1.4935,0.875
2026-01-17,ironSource,DE,Interstitial,8375,134,35.98,5.0381,0.8528
2026-01-17,ironSource,DE,Rewarded,12080,281,88.02,8.7576,0.832
2026-01-17,ironSource,DE,Native,25446,566,74.21,3.991,0.7308
2026-01-17,ironSource,JP,Banner,63460,1133,106.62,1.9077,0.8807
2026-01-17,ironSource,JP,Interstitial,12691,218,69.75,6.2726,0.8762
2026-01-17,ironSource,JP,Rewarded,15830,276,109.44,8.4812,0.8152
2026-01-17,ironSource,JP,Native,25012,567,82.31,4.6188,0.7125
2026-01-18,AdMob,US,Banner,275887,6404,695.23,2.7242,0.925
2026-01-18,AdMob,US,Interstitial,64851,1167,416.03,7.6655,0.8369
2026-01-18,AdMob,US,Rewarded,90631,1890,1026.96,13.7401,0.8247
2026-01-18,AdMob,US,Native,130316,2365,673.4,6.3129,0.8185
2026-01-18,AdMob,IN,Banner,459285,9195,79.33,0.2201,0.7846
2026-01-18,AdMob,IN,Interstitial,82186,1658,47.36,0.7907,0.7287
2026-01-18,AdMob,IN,Rewarded,141546,3072,110.32,1.082,0.7203
2026-01-18,AdMob,IN,Native,220773,5219,76.54,0.5099,0.6799
2026-01-18,AdMob,BR,Banner,159052,3278,45.47,0.3473,0.8231
2026-01-18,AdMob,BR,Interstitial,30927,633,29.68,1.1655,0.8234
2026-01-18,AdMob,BR,Rewarded,49987,802,68.15,1.7713,0.7698
2026-01-18,AdMob,BR,Native,75343,1631,47.13,0.9041,0.692
2026-01-18,AdMob,ID,Banner,258982,5322,31.61,0.1717,0.7107
2026-01-18,AdMob,ID,Interstitial,51267,855,23.45,0.653,0.7004
2026-01-18,AdMob,ID,Rewarded,72501,1188,41.4,0.8839,0.6461
2026-01-18,AdMob,ID,Native,104341,1921,28.25,0.4444,0.6092
2026-01-18,AdMob,DE,Banner,110998,2017,180.91,1.767,0.9224
2026-01-18,AdMob,DE,Interstitial,20360,420,94.82,5.2272,0.891
2026-01-18,AdMob,DE,Rewarded,34846,782,234.17,8.409,0.7991
2026-01-18,AdMob,DE,Native,57901,1175,151.62,3.5549,0.7366
2026-01-18,AdMob,JP,Banner,162577,3595,256.8,1.731,0.9125
2026-01-18,AdMob,JP,Interstitial,26574,580,116.12,5.4436,0.8027
2026-01-18,AdMob,JP,Rewarded,39239,855,272.54,8.7683,0.7921
2026-01-18,AdMob,JP,Native,63535,1291,195.57,4.1213,0.7469
2026-01-18,Unity,US,Banner,220471,4749,498.14,2.3826,0.9483
2026-01-18,Unity,US,Interstitial,40924,700,313.38,8.8392,0.8663
2026-01-18,Unity,US,Rewarded,63377,1185,681.74,12.8129,0.8395
2026-01-18,Unity,US,Native,112907,2212,512.36,6.054,0.7496
2026-01-18,Unity,IN,Banner,346763,8030,68.7,0.2541,0.7796
2026-01-18,Unity,IN,Interstitial,59911,1388,36.27,0.7857,0.7705
2026-01-18,Unity,IN,Rewarded,101981,2337,88.29,1.2862,0.6731
2026-01-18,Unity,IN,Native,152335,2946,51.54,0.524,0.6457
2026-01-18,Unity,BR,Banner,111736,2052,31.76,0.3471,0.819
2026-01-18,Unity,BR,Interstitial,24673,542,23.27,1.186,0.7951
2026-01-18,Unity,BR,Rewarded,40501,889,57.65,1.8924,0.7521
2026-01-18,Unity,BR,Native,54071,1214,29.92,0.7779,0.7113
2026-01-18,Unity,ID,Banner,148748,3401,16.95,0.1643,0.6935
2026-01-18,Unity,ID,Interstitial,33492,677,13.14,0.5704,0.6878
2026-01-18,Unity,ID,Rewarded,50552,933,28.93,0.852,0.6716
2026-01-18,Unity,ID,Native,85188,1602,19.53,0.3794,0.6042
2026-01-18,Unity,DE,Banner,81550,1446,113.97,1.509,0.9261
2026-01-18,Unity,DE,Interstitial,16955,371,85.09,5.8335,0.8603
2026-01-18,Unity,DE,Rewarded,25322,464,169.4,8.0116,0.835
2026-01-18,Unity,DE,Native,41109,757,125.48,4.039,0.7557
2026-01-18,Unity,JP,Banner,99397,2023,174.66,1.9145,0.9178
2026-01-18,Unity,JP,Interstitial,21099,376,109.78,6.4839,0.8024
2026-01-18,Unity,JP,Rewarded,32079,619,252.16,9.5827,0.8203
2026-01-18,Unity,JP,Native,44114,808,133.18,4.1477,0.7279
2026-01-18,AppLovin,US,Banner,155491,3019,344.75,2.3335,0.9501
2026-01-18,AppLovin,US,Interstitial,29578,494,198.42,7.8024,0.8598
2026-01-18,AppLovin,US,Rewarded,49096,873,547.94,13.5335,0.8247
2026-01-18,AppLovin,US,Native,81221,1665,353.75,5.7651,0.7555
2026-01-18,AppLovin,IN,Banner,260620,6126,42.8,0.2162,0.7596
2026-01-18,AppLovin,IN,Interstitial,41460,949,22.84,0.7381,0.7462
2026-01-18,AppLovin,IN,Rewarded,68526,1137,64.57,1.3187,0.7146
2026-01-18,AppLovin,IN,Native,132002,2701,47.08,0.5497,0.6489
2026-01-18,AppLovin,BR,Banner,81186,1590,21.65,0.3302,0.8076
2026-01-18,AppLovin,BR,Interstitial,18993,347,19.6,1.2174,0.8478
2026-01-18,AppLovin,BR,Rewarded,24170,441,29.98,1.6775,0.7393
2026-01-18,AppLovin,BR,Native,46913,837,32.24,0.9082,0.7568
2026-01-18,AppLovin,ID,Banner,128154,2942,15.42,0.1738,0.6921
2026-01-18,AppLovin,ID,Interstitial,23939,438,9.1,0.5598,0.6792
2026-01-18,AppLovin,ID,Rewarded,36950,607,22.39,0.8916,0.6797
2026-01-18,AppLovin,ID,Native,54999,1018,14.09,0.4185,0.6122
2026-01-18,AppLovin,DE,Banner,61454,1379,102.4,1.7737,0.9395
2026-01-18,AppLovin,DE,Interstitial,12709,234,62.34,5.5556,0.8829
2026-01-18,AppLovin,DE,Rewarded,16724,305,107.31,7.9479,0.8074
2026-01-18,AppLovin,DE,Native,32731,661,89.06,3.7059,0.7343
2026-01-18,AppLovin,JP,Banner,62324,1228,88.48,1.6598,0.8553
2026-01-18,AppLovin,JP,Interstitial,14087,273,76.69,6.3596,0.856
2026-01-18,AppLovin,JP,Rewarded,20486,336,144.52,8.6696,0.8137
2026-01-18,AppLovin,JP,Native,30685,523,101.86,4.4483,0.7463
2026-01-18,ironSource,US,Banner,105877,2295,279.58,2.7706,0.9531
2026-01-18,ironSource,US,Interstitial,22877,542,178.75,8.5346,0.9155
2026-01-18,ironSource,US,Rewarded,31553,558,343.12,13.5433,0.8029
2026-01-18,ironSource,US,Native,60537,1011,288.25,5.837,0.8157
2026-01-18,ironSource,IN,Banner,184636,3185,38.97,0.2601,0.8115
2026-01-18,ironSource,IN,Interstitial,35327,838,20.71,0.8191,0.7158
2026-01-18,ironSource,IN,Rewarded,62068,1035,46.95,1.1201,0.6754
2026-01-18,ironSource,IN,Native,103300,2023,35.7,0.5257,0.6574
2026-01-18,ironSource,BR,Banner,71049,1666,19.34,0.3292,0.8268
2026-01-18,ironSource,BR,Interstitial,15490,288,15.09,1.2675,0.7687
2026-01-18,ironSource,BR,Rewarded,21494,452,29.42,1.7191,0.7963
2026-01-18,ironSource,BR,Native,30069,499,20.65,0.9087,0.7556
2026-01-18,ironSource,ID,Banner,92893,1619,11.44,0.1729,0.7123
2026-01-18,ironSource,ID,Interstitial,18830,313,8.44,0.655,0.6842
2026-01-18,ironSource,ID,Rewarded,28593,556,16.72,0.8712,0.6711
2026-01-18,ironSource,ID,Native,41761,756,10.34,0.3941,0.6284
2026-01-18,ironSource,DE,Banner,49687,980,68.21,1.5529,0.884
2026-01-18,ironSource,DE,Interstitial,10423,196,51.69,5.9749,0.8299
2026-01-18,ironSource,DE,Rewarded,12348,286,82.35,8.2665,0.8068
2026-01-18,ironSource,DE,Native,25967,601,74.64,3.7603,0.7644
2026-01-18,ironSource,JP,Banner,62790,1216,87.97,1.6213,0.8642
2026-01-18,ironSource,JP,Interstitial,10567,223,47.52,5.6395,0.7974
2026-01-18,ironSource,JP,Rewarded,16020,359,101.17,8.1942,0.7707
2026-01-18,ironSource,JP,Native,31781,757,98.67,4.1858,0.7417
2026-01-19,AdMob,US,Banner,227542,3955,492.95,2.4048,0.9009
2026-01-19,AdMob,US,Interstitial,48190,929,391.89,9.1984,0.8841
2026-01-19,AdMob,US,Rewarded,84774,1740,790.55,11.5986,0.804
2026-01-19,AdMob,US,Native,129333,2740,541.06,5.4021,0.7744
2026-01-19,AdMob,IN,Banner,423768,7097,80.06,0.2466,0.766
2026-01-19,AdMob,IN,Interstitial,78250,1549,44.86,0.7406,0.7742
2026-01-19,AdMob,IN,Rewarded,113421,2096,100.61,1.2639,0.7019
2026-01-19,AdMob,IN,Native,218718,3581,88.68,0.6011,0.6745
2026-01-19,AdMob,BR,Banner,152984,2727,47.49,0.379,0.8191
2026-01-19,AdMob,BR,Interstitial,33442,661,30.04,1.0848,0.8279
2026-01-19,AdMob,BR,Rewarded,44281,835,56.72,1.6226,0.7894
2026-01-19,AdMob,BR,Native,75917,1795,48.67,0.8698,0.7371
2026-01-19,AdMob,ID,Banner,201880,4267,26.8,0.1764,0.7527
2026-01-19,AdMob,ID,Interstitial,37577,710,14.76,0.5552,0.7074
2026-01-19,AdMob,ID,Rewarded,62888,1308,35.36,0.8947,0.6285
2026-01-19,AdMob,ID,Native,86820,1691,22.03,0.4127,0.6149
2026-01-19,AdMob,DE,Banner,107460,1752,174.66,1.7582,0.9244
2026-01-19,AdMob,DE,Interstitial,18164,411,89.78,5.5403,0.8922
2026-01-19,AdMob,DE,Rewarded,33082,653,210.87,7.9253,0.8043
2026-01-19,AdMob,DE,Native,44860,804,125.08,3.4889,0.7992
2026-01-19,AdMob,JP,Banner,115248,2378,174.51,1.65,0.9177
2026-01-19,AdMob,JP,Interstitial,26252,550,140.32,6.4939,0.8231
2026-01-19,AdMob,JP,Rewarded,32311,715,223.04,8.4362,0.8182
2026-01-19,AdMob,JP,Native,59699,955,183.54,4.0965,0.7505
2026-01-19,Unity,US,Banner,161415,3623,347.68,2.4012,0.897
2026-01-19,Unity,US,Interstitial,32686,749,227.94,7.9756,0.8744
2026-01-19,Unity,US,Rewarded,48426,1064,461.42,11.6753,0.8161
2026-01-19,Unity,US,Native,88830,1984,459.7,6.327,0.8179
2026-01-19,Unity,IN,Banner,288719,6893,51.49,0.2397,0.7441
2026-01-19,Unity,IN,Interstitial,54042,987,30.3,0.7444,0.7534
2026-01-19,Unity,IN,Rewarded,86161,1954,73.44,1.2208,0.6982
2026-01-19,Unity,IN,Native,130128,2772,48.0,0.5542,0.6655
2026-01-19,Unity,BR,Banner,113945,1960,34.63,0.3524,0.8624
2026-01-19,Unity,BR,Interstitial,23725,383,22.97,1.1719,0.826
2026-01-19,Unity,BR,Rewarded,28714,580,40.93,1.7953,0.7939
2026-01-19,Unity,BR,Native,59270,1005,35.82,0.8373,0.7218
2026-01-19,Unity,ID,Banner,152711,3556,19.54,0.1709,0.7488
2026-01-19,Unity,ID,Interstitial,31723,705,13.3,0.6024,0.6961
2026-01-19,Unity,ID,Rewarded,37350,746,21.19,0.9182,0.6178
2026-01-19,Unity,ID,Native,62751,1221,14.9,0.3934,0.6037
2026-01-19,Unity,DE,Banner,72586,1267,98.65,1.5096,0.9003
2026-01-19,Unity,DE,Interstitial,14310,313,69.53,5.6511,0.8598
2026-01-19,Unity,DE,Rewarded,19964,396,139.54,8.6874,0.8046
2026-01-19,Unity,DE,Native,36555,765,98.79,3.4791,0.7768
2026-01-19,Unity,JP,Banner,82508,1929,114.96,1.6509,0.844
2026-01-19,Unity,JP,Interstitial,18493,383,84.61,5.5525,0.824
2026-01-19,Unity,JP,Rewarded,28892,667,182.22,8.1786,0.7711
2026-01-19,Unity,JP,Native,37307,779,115.26,3.9492,0.7823
2026-01-19,AppLovin,US,Banner,116062,2084,236.97,2.3292,0.8766
2026-01-19,AppLovin,US,Interstitial,27861,650,207.98,8.3571,0.8933
2026-01-19,AppLovin,US,Rewarded,36465,848,361.81,11.9628,0.8294
2026-01-19,AppLovin,US,Native,68207,1403,295.38,5.4333,0.7971
2026-01-19,AppLovin,IN,Banner,224447,5170,38.98,0.2219,0.7827
2026-01-19,AppLovin,IN,Interstitial,38920,709,22.0,0.7971,0.7092
2026-01-19,AppLovin,IN,Rewarded,56841,1119,51.01,1.3068,0.6867
2026-01-19,AppLovin,IN,Native,105139,2303,36.35,0.5222,0.6621
2026-01-19,AppLovin,BR,Banner,83254,1416,26.56,0.3691,0.8644
2026-01-19,AppLovin,BR,Interstitial,17005,308,15.69,1.1118,0.8297
2026-01-19,AppLovin,BR,Rewarded,25426,451,37.48,1.8792,0.7844
2026-01-19,AppLovin,BR,Native,36859,620,23.51,0.8598,0.742
2026-01-19,AppLovin,ID,Banner,113870,2571,15.54,0.194,0.7035
2026-01-19,AppLovin,ID,Interstitial,20109,415,8.04,0.5954,0.6713
2026-01-19,AppLovin,ID,Rewarded,32069,692,18.61,0.884,0.6564
2026-01-19,AppLovin,ID,Native,53166,1045,12.89,0.3824,0.634
2026-01-19,AppLovin,DE,Banner,46436,1072,65.28,1.5648,0.8985
2026-01-19,AppLovin,DE,Interstitial,9635,190,45.65,5.7747,0.8205
2026-01-19,AppLovin,DE,Rewarded,17212,344,117.73,8.6962,0.7866
2026-01-19,AppLovin,DE,Native,23002,509,68.38,3.7804,0.7864
2026-01-19,AppLovin,JP,Banner,57401,1092,99.51,1.952,0.8881
2026-01-19,AppLovin,JP,Interstitial,12507,248,64.44,6.1261,0.841
2026-01-19,AppLovin,JP,Rewarded,18777,381,129.1,8.4175,0.8168
2026-01-19,AppLovin,JP,Native,27791,655,95.93,4.4236,0.7803
2026-01-19,ironSource,US,Banner,96070,1623,209.34,2.3641,0.9217
2026-01-19,ironSource,US,Interstitial,22603,435,153.4,7.9621,0.8524
2026-01-19,ironSource,US,Rewarded,28948,502,322.2,13.5014,0.8244
2026-01-19,ironSource,US,Native,46508,971,209.15,5.9608,0.7544
2026-01-19,ironSource,IN,Banner,163155,3801,33.25,0.2503,0.8141
2026-01-19,ironSource,IN,Interstitial,36282,668,19.66,0.7592,0.7137
2026-01-19,ironSource,IN,Rewarded,53689,906,51.28,1.3133,0.7272
2026-01-19,ironSource,IN,Native,90738,1772,31.55,0.5514,0.6305
2026-01-19,ironSource,BR,Banner,51829,1025,15.74,0.3632,0.8363
2026-01-19,ironSource,BR,Interstitial,12407,241,13.12,1.2885,0.8206
2026-01-19,ironSource,BR,Rewarded,19724,399,28.25,1.946,0.7359
2026-01-19,ironSource,BR,Native,28060,642,15.75,0.7639,0.7347
2026-01-19,ironSource,ID,Banner,71909,1676,10.25,0.1912,0.7454
2026-01-19,ironSource,ID,Interstitial,14873,303,6.48,0.6485,0.6717
2026-01-19,ironSource,ID,Rewarded,20763,406,11.25,0.8179,0.6623
2026-01-19,ironSource,ID,Native,37075,593,9.09,0.394,0.6224
2026-01-19,ironSource,DE,Banner,43670,833,57.56,1.5112,0.8722
2026-01-19,ironSource,DE,Interstitial,7963,188,35.71,5.3405,0.8397
2026-01-19,ironSource,DE,Rewarded,12509,287,75.1,7.4637,0.8043
2026-01-19,ironSource,DE,Native,18808,392,52.22,3.5378,0.7848
2026-01-19,ironSource,JP,Banner,51054,1071,71.0,1.6393,0.8484
2026-01-19,ironSource,JP,Interstitial,9123,166,46.0,6.0049,0.8398
2026-01-19,ironSource,JP,Rewarded,17017,282,132.49,9.6164,0.8096
2026-01-19,ironSource,JP,Native,22045,525,66.81,4.1939,0.7226
2026-01-20,AdMob,US,Banner,224389,4737,517.96,2.5436,0.9075
2026-01-20,AdMob,US,Interstitial,44435,1026,318.17,8.3815,0.8543
2026-01-20,AdMob,US,Rewarded,64663,1188,763.75,13.805,0.8556
2026-01-20,AdMob,US,Native,135848,2745,599.57,5.3921,0.8185
2026-01-20,AdMob,IN,Banner,376393,9001,65.55,0.2334,0.7462
2026-01-20,AdMob,IN,Interstitial,68943,1626,41.89,0.8248,0.7368
2026-01-20,AdMob,IN,Rewarded,110855,2397,93.82,1.2077,0.7008
2026-01-20,AdMob,IN,Native,174080,3813,58.94,0.5257,0.6441
2026-01-20,AdMob,BR,Banner,136011,3113,41.03,0.3653,0.8258
2026-01-20,AdMob,BR,Interstitial,33979,607,32.56,1.2044,0.7956
2026-01-20,AdMob,BR,Rewarded,38922,788,51.9,1.7167,0.7768
2026-01-20,AdMob,BR,Native,84990,1692,51.49,0.8226,0.7365
2026-01-20,AdMob,ID,Banner,200754,3968,24.7,0.1716,0.7168
2026-01-20,AdMob,ID,Interstitial,42479,694,18.65,0.6529,0.6723
2026-01-20,AdMob,ID,Rewarded,59933,1323,34.09,0.908,0.6265
2026-01-20,AdMob,ID,Native,114547,2634,31.1,0.4574,0.5935
2026-01-20,AdMob,DE,Banner,106134,2419,156.79,1.6348,0.9037
2026-01-20,AdMob,DE,Interstitial,19880,410,91.05,5.3605,0.8544
2026-01-20,AdMob,DE,Rewarded,27201,573,199.77,8.9115,0.8241
2026-01-20,AdMob,DE,Native,43992,731,127.25,3.9302,0.736
2026-01-20,AdMob,JP,Banner,126024,2106,197.48,1.765,0.8878
2026-01-20,AdMob,JP,Interstitial,24482,501,120.41,5.6097,0.8767
2026-01-20,AdMob,JP,Rewarded,39608,942,261.43,8.6858,0.7599
2026-01-20,AdMob,JP,Native,58492,947,183.67,4.136,0.7592
2026-01-20,Unity,US,Banner,191288,3154,442.02,2.5687,0.8996
2026-01-20,Unity,US,Interstitial,31456,566,256.84,9.1716,0.8903
2026-01-20,Unity,US,Rewarded,45658,878,504.01,13.2361,0.834
2026-01-20,Unity,US,Native,83919,1994,374.6,5.613,0.7953
2026-01-20,Unity,IN,Banner,252760,4947,47.87,0.2447,0.7741
2026-01-20,Unity,IN,Interstitial,51869,1055,32.7,0.852,0.7399
2026-01-20,Unity,IN,Rewarded,79079,1717,59.79,1.1236,0.6729
2026-01-20,Unity,IN,Native,127241,2459,48.5,0.5813,0.6557
2026-01-20,Unity,BR,Banner,104029,1922,29.75,0.3505,0.8161
2026-01-20,Unity,BR,Interstitial,22031,433,21.58,1.2398,0.7902
2026-01-20,Unity,BR,Rewarded,28603,662,35.34,1.6957,0.7285
2026-01-20,Unity,BR,Native,47943,815,26.9,0.7942,0.7066
2026-01-20,Unity,ID,Banner,145849,3085,16.66,0.1647,0.6937
2026-01-20,Unity,ID,Interstitial,26653,481,11.46,0.625,0.6879
2026-01-20,Unity,ID,Rewarded,43900,855,23.72,0.8309,0.6504
2026-01-20,Unity,ID,Native,65125,1562,17.72,0.4287,0.6347
2026-01-20,Unity,DE,Banner,72263,1304,102.37,1.6186,0.8753
2026-01-20,Unity,DE,Interstitial,13913,263,66.32,5.354,0.8904
2026-01-20,Unity,DE,Rewarded,20202,428,136.29,8.0578,0.8373
2026-01-20,Unity,DE,Native,36198,590,106.35,3.7223,0.7893
2026-01-20,Unity,JP,Banner,97233,1942,152.84,1.8046,0.871
2026-01-20,Unity,JP,Interstitial,18378,359,86.29,5.4153,0.8671
2026-01-20,Unity,JP,Rewarded,25013,499,164.39,8.3488,0.7872
2026-01-20,Unity,JP,Native,42485,1006,137.15,4.3501,0.7421
2026-01-20,AppLovin,US,Banner,128722,2468,308.03,2.7068,0.8841
2026-01-20,AppLovin,US,Interstitial,23776,395,185.55,8.6181,0.9056
2026-01-20,AppLovin,US,Rewarded,32691,697,358.69,13.6433,0.8042
2026-01-20,AppLovin,US,Native,63303,1078,302.37,6.3461,0.7527
2026-01-20,AppLovin,IN,Banner,203409,3786,41.13,0.2614,0.7734
2026-01-20,AppLovin,IN,Interstitial,41280,989,27.47,0.8689,0.766
2026-01-20,AppLovin,IN,Rewarded,51406,1159,40.39,1.1071,0.7097
2026-01-20,AppLovin,IN,Native,93557,1539,33.87,0.5308,0.682
2026-01-20,AppLovin,BR,Banner,72061,1573,22.21,0.3604,0.8551
2026-01-20,AppLovin,BR,Interstitial,14346,292,14.34,1.227,0.8144
2026-01-20,AppLovin,BR,Rewarded,23448,397,29.46,1.7134,0.7332
2026-01-20,AppLovin,BR,Native,34401,743,21.59,0.84,0.7471
2026-01-20,AppLovin,ID,Banner,108671,2080,13.53,0.1746,0.7131
2026-01-20,AppLovin,ID,Interstitial,18151,434,6.86,0.5473,0.6902
2026-01-20,AppLovin,ID,Rewarded,27001,486,14.72,0.8184,0.6661
2026-01-20,AppLovin,ID,Native,54944,1058,15.35,0.4371,0.6393
2026-01-20,AppLovin,DE,Banner,52429,1027,78.32,1.6384,0.9118
2026-01-20,AppLovin,DE,Interstitial,9065,203,42.82,5.5087,0.8574
2026-01-20,AppLovin,DE,Rewarded,16059,349,106.54,8.5203,0.7787
2026-01-20,AppLovin,DE,Native,25002,411,82.78,4.1535,0.7971
2026-01-20,AppLovin,JP,Banner,68512,1393,97.18,1.6336,0.8683
2026-01-20,AppLovin,JP,Interstitial,11180,193,55.95,6.2956,0.7949
2026-01-20,AppLovin,JP,Rewarded,19204,415,148.7,9.3859,0.825
2026-01-20,AppLovin,JP,Native,32860,557,96.01,4.1112,0.7107
2026-01-20,ironSource,US,Banner,101036,2207,243.31,2.6393,0.9124
2026-01-20,ironSource,US,Interstitial,20131,457,132.6,7.7761,0.8471
2026-01-20,ironSource,US,Rewarded,32024,766,350.82,13.7566,0.7963
2026-01-20,ironSource,US,Native,45641,832,201.16,5.369,0.8209
2026-01-20,ironSource,IN,Banner,168064,3904,29.66,0.2245,0.7863
2026-01-20,ironSource,IN,Interstitial,30273,635,17.98,0.8272,0.7179
2026-01-20,ironSource,IN,Rewarded,45644,795,35.55,1.1307,0.6889
2026-01-20,ironSource,IN,Native,89645,1755,31.77,0.5485,0.6461
2026-01-20,ironSource,BR,Banner,56769,1107,19.08,0.3776,0.8901
2026-01-20,ironSource,BR,Interstitial,13299,286,12.61,1.2158,0.7798
2026-01-20,ironSource,BR,Rewarded,18072,352,26.63,1.8542,0.7948
2026-01-20,ironSource,BR,Native,33610,699,21.4,0.8821,0.7217
2026-01-20,ironSource,ID,Banner,75813,1239,10.96,0.1974,0.732
2026-01-20,ironSource,ID,Interstitial,15167,245,6.1,0.6148,0.6537
2026-01-20,ironSource,ID,Rewarded,23640,427,13.24,0.8699,0.644
2026-01-20,ironSource,ID,Native,35976,633,9.61,0.4359,0.6129
2026-01-20,ironSource,DE,Banner,37835,649,54.77,1.6803,0.8615
2026-01-20,ironSource,DE,Interstitial,6975,153,35.73,5.8435,0.8766
2026-01-20,ironSource,DE,Rewarded,12778,270,88.08,8.5295,0.8081
2026-01-20,ironSource,DE,Native,17230,344,53.42,3.9435,0.7863
2026-01-20,ironSource,JP,Banner,47862,1031,73.47,1.7199,0.8926
2026-01-20,ironSource,JP,Interstitial,11112,227,55.44,5.8108,0.8586
2026-01-20,ironSource,JP,Rewarded,16722,344,120.07,9.0501,0.7934
2026-01-20,ironSource,JP,Native,26869,441,88.32,4.5903,0.7161
2026-01-21,AdMob,US,Banner,282816,5616,675.12,2.5652,0.9306
2026-01-21,AdMob,US,Interstitial,43904,811,352.15,8.9558,0.8956
2026-01-21,AdMob,US,Rewarded,70640,1628,762.09,13.6115,0.7926
2026-01-21,AdMob,US,Native,115874,2482,573.12,6.0607,0.8161
2026-01-21,AdMob,IN,Banner,389731,7100,74.54,0.2491,0.7678
2026-01-21,AdMob,IN,Interstitial,91920,1731,58.05,0.8401,0.7517
2026-01-21,AdMob,IN,Rewarded,103769,2292,79.65,1.0875,0.7058
2026-01-21,AdMob,IN,Native,202242,3829,76.46,0.5982,0.6321
2026-01-21,AdMob,BR,Banner,138168,3265,40.04,0.3562,0.8137
2026-01-21,AdMob,BR,Interstitial,27509,657,28.69,1.3014,0.8015
2026-01-21,AdMob,BR,Rewarded,45729,1005,65.01,1.9551,0.7272
2026-01-21,AdMob,BR,Native,84068,1630,45.43,0.7795,0.6933
2026-01-21,AdMob,ID,Banner,226020,3871,29.62,0.1815,0.722
2026-01-21,AdMob,ID,Interstitial,34009,716,14.21,0.6372,0.6558
2026-01-21,AdMob,ID,Rewarded,67463,1121,37.66,0.8476,0.6587
2026-01-21,AdMob,ID,Native,103112,1898,25.31,0.3918,0.6264
2026-01-21,AdMob,DE,Banner,98901,2169,144.86,1.6828,0.8704
2026-01-21,AdMob,DE,Interstitial,18815,404,88.23,5.6786,0.8258
2026-01-21,AdMob,DE,Rewarded,26653,586,171.01,8.1268,0.7895
2026-01-21,AdMob,DE,Native,46430,815,152.95,4.1439,0.795
2026-01-21,AdMob,JP,Banner,129269,2805,185.84,1.6516,0.8705
2026-01-21,AdMob,JP,Interstitial,26195,498,131.74,6.1496,0.8178
2026-01-21,AdMob,JP,Rewarded,33033,715,245.87,9.3942,0.7923
2026-01-21,AdMob,JP,Native,57792,936,172.28,4.0525,0.7356
2026-01-21,Unity,US,Banner,166655,3357,431.16,2.7047,0.9566
2026-01-21,Unity,US,Interstitial,34532,556,241.28,7.7024,0.9071
2026-01-21,Unity,US,Rewarded,59504,1392,616.92,12.7225,0.8149
2026-01-21,Unity,US,Native,75015,1331,356.46,6.0469,0.7858
2026-01-21,Unity,IN,Banner,274026,4385,54.06,0.2473,0.7977
2026-01-21,Unity,IN,Interstitial,63339,1146,34.09,0.7463,0.7213
2026-01-21,Unity,IN,Rewarded,72353,1340,59.1,1.1095,0.7361
2026-01-21,Unity,IN,Native,123842,2828,43.3,0.516,0.6776
2026-01-21,Unity,BR,Banner,97343,1601,26.19,0.3255,0.8265
2026-01-21,Unity,BR,Interstitial,18501,372,17.2,1.1836,0.7857
2026-01-21,Unity,BR,Rewarded,29170,598,45.48,1.9586,0.7961
2026-01-21,Unity,BR,Native,50207,1095,29.48,0.82,0.7161
2026-01-21,Unity,ID,Banner,137968,2578,20.01,0.1928,0.752
2026-01-21,Unity,ID,Interstitial,28509,550,10.43,0.5514,0.6635
2026-01-21,Unity,ID,Rewarded,38298,752,23.2,0.9678,0.6259
2026-01-21,Unity,ID,Native,72219,1657,19.05,0.4361,0.6048
2026-01-21,Unity,DE,Banner,71434,1408,100.26,1.63,0.8611
2026-01-21,Unity,DE,Interstitial,15347,306,76.27,5.626,0.8834
2026-01-21,Unity,DE,Rewarded,18596,401,109.97,7.4475,0.7941
2026-01-21,Unity,DE,Native,38047,736,107.43,3.6927,0.7647
2026-01-21,Unity,JP,Banner,85151,1496,122.99,1.7033,0.848
2026-01-21,Unity,JP,Interstitial,15165,318,67.97,5.6378,0.795
2026-01-21,Unity,JP,Rewarded,24803,465,187.6,9.8517,0.7677
2026-01-21,Unity,JP,Native,41884,680,122.67,3.7871,0.7734
2026-01-21,AppLovin,US,Banner,141506,2879,359.28,2.75,0.9233
2026-01-21,AppLovin,US,Interstitial,26153,427,192.7,8.308,0.8869
2026-01-21,AppLovin,US,Rewarded,32483,750,341.68,12.6409,0.8321
2026-01-21,AppLovin,US,Native,55087,1055,264.94,6.334,0.7593
2026-01-21,AppLovin,IN,Banner,188996,3785,33.46,0.2352,0.7527
2026-01-21,AppLovin,IN,Interstitial,43619,994,25.53,0.7906,0.7403
2026-01-21,AppLovin,IN,Rewarded,63709,1470,52.27,1.1977,0.685
2026-01-21,AppLovin,IN,Native,102310,2294,35.04,0.5288,0.6477
2026-01-21,AppLovin,BR,Banner,64743,1448,20.96,0.3954,0.8186
2026-01-21,AppLovin,BR,Interstitial,14526,280,14.59,1.1981,0.8382
2026-01-21,AppLovin,BR,Rewarded,22753,408,27.09,1.6377,0.7269
2026-01-21,AppLovin,BR,Native,39531,762,21.32,0.7764,0.6946
2026-01-21,AppLovin,ID,Banner,104435,1737,13.66,0.1876,0.6968
2026-01-21,AppLovin,ID,Interstitial,22642,518,9.16,0.5713,0.7082
2026-01-21,AppLovin,ID,Rewarded,32452,718,18.24,0.8404,0.6689
2026-01-21,AppLovin,ID,Native,51450,873,12.49,0.4063,0.5975
2026-01-21,AppLovin,DE,Banner,50146,993,74.67,1.6781,0.8873
2026-01-21,AppLovin,DE,Interstitial,9590,166,48.23,5.6551,0.8893
2026-01-21,AppLovin,DE,Rewarded,14466,315,90.85,7.6574,0.8201
2026-01-21,AppLovin,DE,Native,28239,466,83.07,3.6797,0.7994
2026-01-21,AppLovin,JP,Banner,64431,1303,96.68,1.6406,0.9147
2026-01-21,AppLovin,JP,Interstitial,13135,214,67.8,6.3979,0.8068
2026-01-21,AppLovin,JP,Rewarded,20881,412,138.01,8.6669,0.7626
2026-01-21,AppLovin,JP,Native,32171,523,89.53,3.806,0.7312
2026-01-21,ironSource,US,Banner,97610,2059,259.01,2.7515,0.9644
2026-01-21,ironSource,US,Interstitial,17969,309,144.56,9.1899,0.8754
2026-01-21,ironSource,US,Rewarded,33795,732,383.84,13.4065,0.8472
2026-01-21,ironSource,US,Native,45505,808,203.25,5.6061,0.7967
2026-01-21,ironSource,IN,Banner,157056,3082,31.94,0.2535,0.8021
2026-01-21,ironSource,IN,Interstitial,34805,620,22.37,0.8542,0.7525
2026-01-21,ironSource,IN,Rewarded,44745,813,34.91,1.1556,0.6751
2026-01-21,ironSource,IN,Native,73028,1229,27.97,0.555,0.6901
2026-01-21,ironSource,BR,Banner,63964,1495,19.49,0.3735,0.8156
2026-01-21,ironSource,BR,Interstitial,12246,221,11.84,1.1673,0.8282
2026-01-21,ironSource,BR,Rewarded,19044,372,24.62,1.6343,0.791
2026-01-21,ironSource,BR,Native,31230,692,18.21,0.7932,0.7353
2026-01-21,ironSource,ID,Banner,79357,1837,10.48,0.1842,0.7169
2026-01-21,ironSource,ID,Interstitial,15989,308,7.22,0.641,0.7046
2026-01-21,ironSource,ID,Rewarded,22056,393,13.03,0.8831,0.6691
2026-01-21,ironSource,ID,Native,40293,851,10.83,0.4457,0.603
2026-01-21,ironSource,DE,Banner,36947,620,52.07,1.5211,0.9265
2026-01-21,ironSource,DE,Interstitial,7451,177,36.95,5.8906,0.8419
2026-01-21,ironSource,DE,Rewarded,13727,297,83.46,7.8677,0.7728
2026-01-21,ironSource,DE,Native,19705,320,54.51,3.5426,0.7809
2026-01-21,ironSource,JP,Banner,55552,966,78.59,1.6699,0.8472
2026-01-21,ironSource,JP,Interstitial,11380,218,61.07,6.2318,0.8612
2026-01-21,ironSource,JP,Rewarded,14263,291,96.08,8.5221,0.7905
2026-01-21,ironSource,JP,Native,25988,451,81.16,3.996,0.7816
2026-01-22,AdMob,US,Banner,284923,5318,602.43,2.3026,0.9183
2026-01-22,AdMob,US,Interstitial,49236,951,368.55,8.6201,0.8684
2026-01-22,AdMob,US,Rewarded,80236,1444,907.82,13.224,0.8556
2026-01-22,AdMob,US,Native,129107,2567,603.0,6.0514,0.7718
2026-01-22,AdMob,IN,Banner,377653,6361,63.75,0.2228,0.7577
2026-01-22,AdMob,IN,Interstitial,84393,1842,53.96,0.8257,0.7744
2026-01-22,AdMob,IN,Rewarded,103873,2030,97.64,1.2922,0.7275
2026-01-22,AdMob,IN,Native,205151,4768,83.69,0.6133,0.6651
2026-01-22,AdMob,BR,Banner,131236,2713,37.45,0.3378,0.845
2026-01-22,AdMob,BR,Interstitial,32846,537,34.55,1.3172,0.7985
2026-01-22,AdMob,BR,Rewarded,49065,979,66.89,1.8376,0.7419
2026-01-22,AdMob,BR,Native,80451,1483,51.46,0.8854,0.7225
2026-01-22,AdMob,ID,Banner,228424,4167,30.29,0.1859,0.7134
2026-01-22,AdMob,ID,Interstitial,42773,865,16.1,0.5691,0.6615
2026-01-22,AdMob,ID,Rewarded,56219,1194,32.35,0.9232,0.6232
2026-01-22,AdMob,ID,Native,93498,2194,20.82,0.378,0.5892
2026-01-22,AdMob,DE,Banner,111020,2316,160.43,1.5621,0.9251
2026-01-22,AdMob,DE,Interstitial,22825,376,106.52,5.361,0.8705
2026-01-22,AdMob,DE,Rewarded,29066,531,213.08,9.0153,0.8132
2026-01-22,AdMob,DE,Native,44304,841,137.77,4.0067,0.7761
2026-01-22,AdMob,JP,Banner,141910,3316,199.31,1.628,0.8627
2026-01-22,AdMob,JP,Interstitial,23657,534,113.17,5.7027,0.8389
2026-01-22,AdMob,JP,Rewarded,33035,576,263.9,9.7974,0.8154
2026-01-22,AdMob,JP,Native,66475,1480,202.04,4.1034,0.7407
2026-01-22,Unity,US,Banner,199296,3955,429.2,2.3596,0.9127
2026-01-22,Unity,US,Interstitial,33701,724,232.61,8.2674,0.8349
2026-01-22,Unity,US,Rewarded,51495,1154,526.58,11.9717,0.8542
2026-01-22,Unity,US,Native,87142,1595,394.49,5.7102,0.7928
2026-01-22,Unity,IN,Banner,257824,4320,48.17,0.2511,0.7441
2026-01-22,Unity,IN,Interstitial,47714,1143,25.19,0.7445,0.7091
2026-01-22,Unity,IN,Rewarded,78678,1848,60.03,1.1158,0.6838
2026-01-22,Unity,IN,Native,140846,2698,52.78,0.5449,0.6878
2026-01-22,Unity,BR,Banner,99802,1849,28.4,0.3389,0.8396
2026-01-22,Unity,BR,Interstitial,22117,365,20.69,1.1495,0.8137
2026-01-22,Unity,BR,Rewarded,28582,543,40.32,1.7667,0.7984
2026-01-22,Unity,BR,Native,55084,907,30.61,0.7989,0.6956
2026-01-22,Unity,ID,Banner,131827,2911,15.4,0.1677,0.6965
2026-01-22,Unity,ID,Interstitial,23933,479,9.82,0.6069,0.6758
2026-01-22,Unity,ID,Rewarded,42791,935,23.53,0.8664,0.6347
2026-01-22,Unity,ID,Native,77796,1803,18.01,0.3942,0.5874
2026-01-22,Unity,DE,Banner,66847,1136,98.88,1.6669,0.8874
2026-01-22,Unity,DE,Interstitial,14375,281,65.92,5.5277,0.8296
2026-01-22,Unity,DE,Rewarded,22870,466,149.32,8.3992,0.7774
2026-01-22,Unity,DE,Native,37128,639,117.25,4.0754,0.7749
2026-01-22,Unity,JP,Banner,93017,1794,145.31,1.8638,0.8381
2026-01-22,Unity,JP,Interstitial,16622,344,83.75,6.2033,0.8123
2026-01-22,Unity,JP,Rewarded,29503,702,232.21,9.536,0.8254
2026-01-22,Unity,JP,Native,37327,853,119.1,4.3031,0.7415
2026-01-22,AppLovin,US,Banner,115693,2585,300.91,2.7953,0.9305
2026-01-22,AppLovin,US,Interstitial,21891,354,156.27,7.9619,0.8966
2026-01-22,AppLovin,US,Rewarded,41064,776,397.52,11.5106,0.841
2026-01-22,AppLovin,US,Native,64590,1089,307.39,6.1833,0.7697
2026-01-22,AppLovin,IN,Banner,174178,3821,33.25,0.2443,0.7816
2026-01-22,AppLovin,IN,Interstitial,40116,650,23.17,0.7876,0.7334
2026-01-22,AppLovin,IN,Rewarded,57040,1062,54.59,1.3142,0.7282
2026-01-22,AppLovin,IN,Native,102633,1656,40.51,0.5989,0.6591
2026-01-22,AppLovin,BR,Banner,65426,1409,21.0,0.3607,0.8899
2026-01-22,AppLovin,BR,Interstitial,13069,297,12.2,1.1254,0.8294
2026-01-22,AppLovin,BR,Rewarded,23294,527,31.45,1.852,0.7289
2026-01-22,AppLovin,BR,Native,40743,721,24.03,0.7995,0.7376
2026-01-22,AppLovin,ID,Banner,86209,1612,10.17,0.1692,0.6969
2026-01-22,AppLovin,ID,Interstitial,19510,354,8.0,0.601,0.6824
2026-01-22,AppLovin,ID,Rewarded,25762,473,15.18,0.9189,0.6412
2026-01-22,AppLovin,ID,Native,55504,1107,15.51,0.4407,0.6339
2026-01-22,AppLovin,DE,Banner,44463,868,66.6,1.7148,0.8735
2026-01-22,AppLovin,DE,Interstitial,8695,201,41.92,5.8578,0.823
2026-01-22,AppLovin,DE,Rewarded,16639,348,113.1,8.1916,0.8298
2026-01-22,AppLovin,DE,Native,27273,537,81.49,3.7975,0.7869
2026-01-22,AppLovin,JP,Banner,70768,1576,111.37,1.7951,0.8767
2026-01-22,AppLovin,JP,Interstitial,13705,270,67.27,6.0654,0.8092
2026-01-22,AppLovin,JP,Rewarded,21382,347,165.1,9.4554,0.8166
2026-01-22,AppLovin,JP,Native,30948,507,103.38,4.3232,0.7727
2026-01-22,ironSource,US,Banner,110573,2049,253.99,2.5747,0.8922
2026-01-22,ironSource,US,Interstitial,18691,322,133.45,8.5525,0.8348
2026-01-22,ironSource,US,Rewarded,32814,644,312.41,11.8131,0.8059
2026-01-22,ironSource,US,Native,50256,1121,244.87,6.2637,0.7779
2026-01-22,ironSource,IN,Banner,165680,3230,27.63,0.2214,0.7532
2026-01-22,ironSource,IN,Interstitial,31010,592,19.43,0.839,0.747
2026-01-22,ironSource,IN,Rewarded,43258,838,34.71,1.1344,0.7073
2026-01-22,ironSource,IN,Native,80358,1833,28.32,0.5231,0.6738
2026-01-22,ironSource,BR,Banner,55642,1038,17.81,0.3594,0.8904
2026-01-22,ironSource,BR,Interstitial,12342,206,11.1,1.1016,0.8161
2026-01-22,ironSource,BR,Rewarded,20479,443,30.26,1.8776,0.787
2026-01-22,ironSource,BR,Native,30807,728,19.17,0.8316,0.7484
2026-01-22,ironSource,ID,Banner,79976,1624,11.35,0.1955,0.726
2026-01-22,ironSource,ID,Interstitial,15781,282,5.8,0.5651,0.6501
2026-01-22,ironSource,ID,Rewarded,24070,573,13.63,0.8784,0.6447
2026-01-22,ironSource,ID,Native,38203,625,9.37,0.416,0.5896
2026-01-22,ironSource,DE,Banner,43304,744,66.92,1.6733,0.9235
2026-01-22,ironSource,DE,Interstitial,8172,131,35.54,5.229,0.8317
2026-01-22,ironSource,DE,Rewarded,10669,254,65.95,7.9353,0.779
2026-01-22,ironSource,DE,Native,18851,390,49.87,3.5653,0.742
2026-01-22,ironSource,JP,Banner,43460,781,77.24,1.9305,0.9206
2026-01-22,ironSource,JP,Interstitial,9850,190,45.31,5.4266,0.8478
2026-01-22,ironSource,JP,Rewarded,13965,269,95.15,8.4723,0.8042
2026-01-22,ironSource,JP,Native,22597,516,74.16,4.3589,0.7529
2026-01-23,AdMob,US,Banner,221310,3744,558.38,2.6957,0.936
2026-01-23,AdMob,US,Interstitial,52922,906,405.85,8.4006,0.9129
2026-01-23,AdMob,US,Rewarded,78213,1457,843.03,12.449,0.8658
2026-01-23,AdMob,US,Native,142331,3192,699.0,6.4278,0.764
2026-01-23,AdMob,IN,Banner,459472,9263,81.24,0.2281,0.7751
2026-01-23,AdMob,IN,Interstitial,75078,1370,39.07,0.7224,0.7203
2026-01-23,AdMob,IN,Rewarded,117969,2552,96.31,1.1211,0.7282
2026-01-23,AdMob,IN,Native,175112,4141,68.0,0.5768,0.6732
2026-01-23,AdMob,BR,Banner,127635,2993,38.67,0.3419,0.8864
2026-01-23,AdMob,BR,Interstitial,31985,643,31.31,1.2638,0.7745
2026-01-23,AdMob,BR,Rewarded,41376,706,55.0,1.6852,0.7887
2026-01-23,AdMob,BR,Native,74294,1769,47.5,0.9137,0.6998
2026-01-23,AdMob,ID,Banner,229657,4255,29.1,0.182,0.6963
2026-01-23,AdMob,ID,Interstitial,39093,929,15.09,0.5771,0.669
2026-01-23,AdMob,ID,Rewarded,53760,1116,31.18,0.942,0.6156
2026-01-23,AdMob,ID,Native,112478,2386,26.81,0.4022,0.5928
2026-01-23,AdMob,DE,Banner,106378,1916,160.95,1.7121,0.8837
2026-01-23,AdMob,DE,Interstitial,22735,517,115.47,5.9656,0.8514
2026-01-23,AdMob,DE,Rewarded,29570,573,187.93,8.1252,0.7822
2026-01-23,AdMob,DE,Native,50561,1125,133.94,3.4823,0.7607
2026-01-23,AdMob,JP,Banner,131751,2127,223.11,1.8487,0.916
2026-01-23,AdMob,JP,Interstitial,25427,472,135.43,6.3448,0.8395
2026-01-23,AdMob,JP,Rewarded,33407,769,255.83,9.6976,0.7897
2026-01-23,AdMob,JP,Native,64109,1363,214.76,4.3463,0.7708
2026-01-23,Unity,US,Banner,169647,3221,411.17,2.557,0.9479
2026-01-23,Unity,US,Interstitial,33825,565,240.54,7.8127,0.9102
2026-01-23,Unity,US,Rewarded,54834,1175,563.46,12.5286,0.8202
2026-01-23,Unity,US,Native,76136,1722,370.71,6.0615,0.8033
2026-01-23,Unity,IN,Banner,252324,5817,51.79,0.2591,0.7922
2026-01-23,Unity,IN,Interstitial,55752,1293,34.72,0.8067,0.7721
2026-01-23,Unity,IN,Rewarded,82693,1579,65.81,1.1459,0.6945
2026-01-23,Unity,IN,Native,131048,2170,48.08,0.5341,0.6869
2026-01-23,Unity,BR,Banner,110594,1823,31.14,0.3364,0.8368
2026-01-23,Unity,BR,Interstitial,19550,347,20.73,1.2644,0.8386
2026-01-23,Unity,BR,Rewarded,31155,688,44.24,1.7893,0.7936
2026-01-23,Unity,BR,Native,52705,847,34.23,0.8687,0.7476
2026-01-23,Unity,ID,Banner,135921,2765,19.51,0.1947,0.7373
2026-01-23,Unity,ID,Interstitial,28249,600,11.26,0.5817,0.6854
2026-01-23,Unity,ID,Rewarded,40971,706,25.82,0.9385,0.6714
2026-01-23,Unity,ID,Native,68982,1241,17.73,0.4123,0.6235
2026-01-23,Unity,DE,Banner,72945,1698,115.55,1.7746,0.8926
2026-01-23,Unity,DE,Interstitial,16071,379,67.76,5.0667,0.8322
2026-01-23,Unity,DE,Rewarded,23887,412,139.66,7.5862,0.7707
2026-01-23,Unity,DE,Native,40208,916,110.87,3.6036,0.7652
2026-01-23,Unity,JP,Banner,74910,1715,118.44,1.8376,0.8604
2026-01-23,Unity,JP,Interstitial,16363,290,86.63,6.2241,0.8506
2026-01-23,Unity,JP,Rewarded,22586,507,154.74,8.8366,0.7753
2026-01-23,Unity,JP,Native,47692,993,150.12,4.1639,0.756
2026-01-23,AppLovin,US,Banner,137268,2487,310.08,2.5118,0.8993
2026-01-23,AppLovin,US,Interstitial,25271,422,184.72,8.4136,0.8688
2026-01-23,AppLovin,US,Rewarded,39959,771,385.64,12.02,0.8029
2026-01-23,AppLovin,US,Native,57395,1124,268.04,6.0498,0.7719
2026-01-23,AppLovin,IN,Banner,202230,4660,34.39,0.2258,0.7531
2026-01-23,AppLovin,IN,Interstitial,39204,783,21.77,0.7859,0.7066
2026-01-23,AppLovin,IN,Rewarded,60975,1062,53.05,1.2141,0.7165
2026-01-23,AppLovin,IN,Native,92566,1581,38.14,0.5948,0.6926
2026-01-23,AppLovin,BR,Banner,74947,1394,20.67,0.3394,0.8126
2026-01-23,AppLovin,BR,Interstitial,13396,229,13.57,1.2504,0.8102
2026-01-23,AppLovin,BR,Rewarded,19187,400,27.14,1.9109,0.7402
2026-01-23,AppLovin,BR,Native,35665,595,21.61,0.8544,0.7092
2026-01-23,AppLovin,ID,Banner,91688,1949,11.06,0.1688,0.7148
2026-01-23,AppLovin,ID,Interstitial,18582,387,6.89,0.5414,0.6853
2026-01-23,AppLovin,ID,Rewarded,34165,703,20.22,0.9161,0.6461
2026-01-23,AppLovin,ID,Native,56418,1009,15.18,0.4476,0.6012
2026-01-23,AppLovin,DE,Banner,46439,929,70.71,1.6515,0.922
2026-01-23,AppLovin,DE,Interstitial,8703,159,44.06,5.7459,0.8812
2026-01-23,AppLovin,DE,Rewarded,15738,358,107.66,8.1289,0.8415
2026-01-23,AppLovin,DE,Native,25190,502,79.99,3.9975,0.7943
2026-01-23,AppLovin,JP,Banner,58998,1127,95.45,1.8913,0.8554
2026-01-23,AppLovin,JP,Interstitial,13871,245,72.0,6.2693,0.828
2026-01-23,AppLovin,JP,Rewarded,17939,393,118.38,8.6114,0.7663
2026-01-23,AppLovin,JP,Native,28925,690,89.01,4.1615,0.7395
2026-01-23,ironSource,US,Banner,96732,2004,199.34,2.3358,0.8823
2026-01-23,ironSource,US,Interstitial,20596,338,149.5,8.3619,0.868
2026-01-23,ironSource,US,Rewarded,30148,507,307.41,12.7621,0.799
2026-01-23,ironSource,US,Native,44353,779,191.99,5.4752,0.7906
2026-01-23,ironSource,IN,Banner,148068,3381,27.09,0.2243,0.8157
2026-01-23,ironSource,IN,Interstitial,29412,586,16.35,0.7724,0.7195
2026-01-23,ironSource,IN,Rewarded,41082,952,35.88,1.2411,0.7036
2026-01-23,ironSource,IN,Native,71945,1224,29.16,0.5941,0.6824
2026-01-23,ironSource,BR,Banner,58174,1053,16.22,0.3363,0.8292
2026-01-23,ironSource,BR,Interstitial,12202,207,12.13,1.1787,0.8437
2026-01-23,ironSource,BR,Rewarded,20557,384,27.51,1.703,0.7859
2026-01-23,ironSource,BR,Native,26787,569,17.09,0.9001,0.7087
2026-01-23,ironSource,ID,Banner,81594,1783,10.51,0.179,0.7197
2026-01-23,ironSource,ID,Interstitial,14021,230,6.18,0.6202,0.7111
2026-01-23,ironSource,ID,Rewarded,21412,411,12.95,0.939,0.6439
2026-01-23,ironSource,ID,Native,35643,706,8.83,0.4206,0.5891
2026-01-23,ironSource,DE,Banner,43163,1033,60.88,1.5702,0.8983
2026-01-23,ironSource,DE,Interstitial,8447,187,42.07,5.8755,0.8477
2026-01-23,ironSource,DE,Rewarded,10345,198,62.02,7.6278,0.7859
2026-01-23,ironSource,DE,Native,22074,478,63.99,3.7316,0.7768
2026-01-23,ironSource,JP,Banner,51292,961,79.53,1.7486,0.8868
2026-01-23,ironSource,JP,Interstitial,8751,145,46.42,6.5914,0.8048
2026-01-23,ironSource,JP,Rewarded,16703,311,116.06,8.6433,0.8039
2026-01-23,ironSource,JP,Native,24185,466,71.23,4.0002,0.7363
2026-01-24,AdMob,US,Banner,306510,5006,752.7,2.5559,0.9608
2026-01-24,AdMob,US,Interstitial,57552,943,453.02,8.6432,0.9107
2026-01-24,AdMob,US,Rewarded,88151,2028,970.71,13.6518,0.8066
2026-01-24,AdMob,US,Native,123008,2614,624.89,6.2266,0.8159
2026-01-24,AdMob,IN,Banner,451586,8924,80.07,0.2182,0.8128
2026-01-24,AdMob,IN,Interstitial,79000,1342,48.52,0.8304,0.7397
2026-01-24,AdMob,IN,Rewarded,126170,2646,97.75,1.0955,0.7072
2026-01-24,AdMob,IN,Native,230396,4821,94.25,0.5955,0.6869
2026-01-24,AdMob,BR,Banner,147285,3022,46.44,0.3741,0.843
2026-01-24,AdMob,BR,Interstitial,36042,615,35.29,1.1641,0.8412
2026-01-24,AdMob,BR,Rewarded,54412,919,70.36,1.6216,0.7975
2026-01-24,AdMob,BR,Native,75767,1342,43.89,0.8119,0.7134
2026-01-24,AdMob,ID,Banner,235873,4377,28.81,0.1779,0.6865
2026-01-24,AdMob,ID,Interstitial,50283,1085,21.9,0.6228,0.6994
2026-01-24,AdMob,ID,Rewarded,65087,1474,34.12,0.8279,0.6333
2026-01-24,AdMob,ID,Native,131576,2252,32.12,0.4195,0.582
2026-01-24,AdMob,DE,Banner,108861,2563,157.22,1.6759,0.8618
2026-01-24,AdMob,DE,Interstitial,22069,486,115.49,5.9538,0.879
2026-01-24,AdMob,DE,Rewarded,35604,748,247.32,8.4592,0.8212
2026-01-24,AdMob,DE,Native,58426,1297,193.21,4.2245,0.7828
2026-01-24,AdMob,JP,Banner,159812,3174,228.81,1.6976,0.8434
2026-01-24,AdMob,JP,Interstitial,28871,593,153.48,6.395,0.8313
2026-01-24,AdMob,JP,Rewarded,43475,983,284.51,8.1688,0.8011
2026-01-24,AdMob,JP,Native,64489,1116,208.35,4.2792,0.755
2026-01-24,Unity,US,Banner,178516,3181,454.13,2.7948,0.9102
2026-01-24,Unity,US,Interstitial,36281,767,281.62,8.7849,0.8836
2026-01-24,Unity,US,Rewarded,52912,979,595.88,13.7535,0.8188
2026-01-24,Unity,US,Native,99488,2331,469.19,5.8192,0.8104
2026-01-24,Unity,IN,Banner,303013,7104,62.57,0.2575,0.802
2026-01-24,Unity,IN,Interstitial,59487,1343,35.0,0.8123,0.7243
2026-01-24,Unity,IN,Rewarded,82264,1528,69.07,1.2156,0.6907
2026-01-24,Unity,IN,Native,167998,3834,67.49,0.5994,0.6702
2026-01-24,Unity,BR,Banner,112222,1806,34.3,0.3614,0.8458
2026-01-24,Unity,BR,Interstitial,24561,537,24.79,1.2388,0.8149
2026-01-24,Unity,BR,Rewarded,37000,768,44.75,1.644,0.7357
2026-01-24,Unity,BR,Native,56299,1150,31.08,0.7694,0.7174
2026-01-24,Unity,ID,Banner,152728,2850,20.96,0.1879,0.7304
2026-01-24,Unity,ID,Interstitial,34662,708,14.85,0.6178,0.6934
2026-01-24,Unity,ID,Rewarded,41220,970,24.67,0.9354,0.64
2026-01-24,Unity,ID,Native,88179,1554,22.49,0.4274,0.5968
2026-01-24,Unity,DE,Banner,76645,1542,110.97,1.6423,0.8816
2026-01-24,Unity,DE,Interstitial,14483,339,71.69,6.0255,0.8215
2026-01-24,Unity,DE,Rewarded,27146,529,186.42,8.2918,0.8282
2026-01-24,Unity,DE,Native,41820,862,116.87,3.7272,0.7498
2026-01-24,Unity,JP,Banner,100568,1904,158.38,1.8286,0.8612
2026-01-24,Unity,JP,Interstitial,17612,292,78.45,5.4627,0.8154
2026-01-24,Unity,JP,Rewarded,26599,565,192.17,9.5633,0.7555
2026-01-24,Unity,JP,Native,46879,864,157.98,4.5121,0.7469
2026-01-24,AppLovin,US,Banner,144510,2444,333.15,2.4898,0.9259
2026-01-24,AppLovin,US,Interstitial,33036,716,238.1,8.3734,0.8607
2026-01-24,AppLovin,US,Rewarded,41364,899,463.66,13.5998,0.8242
2026-01-24,AppLovin,US,Native,63410,1121,322.9,6.3619,0.8004
2026-01-24,AppLovin,IN,Banner,205524,3710,38.82,0.2312,0.8171
2026-01-24,AppLovin,IN,Interstitial,45394,933,24.13,0.7248,0.7334
2026-01-24,AppLovin,IN,Rewarded,78379,1597,68.36,1.204,0.7244
2026-01-24,AppLovin,IN,Native,99157,2340,35.72,0.5393,0.668
2026-01-24,AppLovin,BR,Banner,95542,1682,26.87,0.3404,0.8262
2026-01-24,AppLovin,BR,Interstitial,19436,372,20.72,1.2846,0.8297
2026-01-24,AppLovin,BR,Rewarded,25909,519,34.55,1.7872,0.7461
2026-01-24,AppLovin,BR,Native,37050,815,21.64,0.7781,0.7504
2026-01-24,AppLovin,ID,Banner,112338,2463,14.42,0.1806,0.7106
2026-01-24,AppLovin,ID,Interstitial,24960,440,11.02,0.6316,0.6992
2026-01-24,AppLovin,ID,Rewarded,32822,723,18.7,0.8946,0.637
2026-01-24,AppLovin,ID,Native,54556,1300,12.88,0.3896,0.6058
2026-01-24,AppLovin,DE,Banner,52771,874,79.59,1.687,0.894
2026-01-24,AppLovin,DE,Interstitial,11458,263,56.13,5.7224,0.8561
2026-01-24,AppLovin,DE,Rewarded,16157,307,103.36,7.5673,0.8454
2026-01-24,AppLovin,DE,Native,29408,639,90.06,4.0748,0.7516
2026-01-24,AppLovin,JP,Banner,64013,1439,93.71,1.7249,0.8487
2026-01-24,AppLovin,JP,Interstitial,13178,266,72.03,6.2609,0.8731
2026-01-24,AppLovin,JP,Rewarded,21821,432,151.64,8.9299,0.7782
2026-01-24,AppLovin,JP,Native,37045,848,133.28,4.6082,0.7807
2026-01-24,ironSource,US,Banner,128425,2974,304.06,2.5336,0.9345
2026-01-24,ironSource,US,Interstitial,22261,463,179.13,9.285,0.8666
2026-01-24,ironSource,US,Rewarded,36671,805,411.25,13.899,0.8069
2026-01-24,ironSource,US,Native,57859,1181,263.85,5.6746,0.8036
2026-01-24,ironSource,IN,Banner,192885,4038,34.76,0.2315,0.7785
2026-01-24,ironSource,IN,Interstitial,35750,718,20.83,0.7517,0.7752
2026-01-24,ironSource,IN,Rewarded,59073,1137,48.17,1.1787,0.6918
2026-01-24,ironSource,IN,Native,89493,1787,33.67,0.5649,0.6659
2026-01-24,ironSource,BR,Banner,61440,1045,18.16,0.3597,0.8219
2026-01-24,ironSource,BR,Interstitial,15591,299,15.67,1.2252,0.8204
2026-01-24,ironSource,BR,Rewarded,23239,440,33.77,1.8497,0.7856
2026-01-24,ironSource,BR,Native,39261,682,26.25,0.8938,0.7481
2026-01-24,ironSource,ID,Banner,85678,1957,10.38,0.1723,0.7035
2026-01-24,ironSource,ID,Interstitial,15816,278,5.81,0.5491,0.6685
2026-01-24,ironSource,ID,Rewarded,25379,407,15.78,0.9536,0.6521
2026-01-24,ironSource,ID,Native,45024,963,10.92,0.4123,0.5884
2026-01-24,ironSource,DE,Banner,48788,780,77.38,1.7229,0.9206
2026-01-24,ironSource,DE,Interstitial,10452,168,54.35,5.8456,0.8895
2026-01-24,ironSource,DE,Rewarded,15596,261,114.41,8.7612,0.8373
2026-01-24,ironSource,DE,Native,24647,506,80.68,4.2041,0.7787
2026-01-24,ironSource,JP,Banner,65187,1291,103.09,1.7795,0.8887
2026-01-24,ironSource,JP,Interstitial,12993,279,59.65,5.4913,0.8361
2026-01-24,ironSource,JP,Rewarded,18760,441,141.5,9.1494,0.8244
2026-01-24,ironSource,JP,Native,24992,465,73.31,4.118,0.7124
2026-01-25,AdMob,US,Banner,290679,4947,763.53,2.7595,0.9519
2026-01-25,AdMob,US,Interstitial,50479,915,382.93,8.6518,0.8768
2026-01-25,AdMob,US,Rewarded,96585,2233,1096.02,13.8398,0.8199
2026-01-25,AdMob,US,Native,138745,2355,674.52,6.2318,0.7801
2026-01-25,AdMob,IN,Banner,519054,9829,98.53,0.2378,0.7983
2026-01-25,AdMob,IN,Interstitial,78721,1694,42.92,0.7361,0.7407
2026-01-25,AdMob,IN,Rewarded,131158,2837,117.09,1.2469,0.7159
2026-01-25,AdMob,IN,Native,229484,4498,92.17,0.6065,0.6623
2026-01-25,AdMob,BR,Banner,156942,3306,44.06,0.3462,0.8111
2026-01-25,AdMob,BR,Interstitial,31897,593,30.5,1.153,0.8294
2026-01-25,AdMob,BR,Rewarded,47747,813,63.08,1.6809,0.786
2026-01-25,AdMob,BR,Native,85053,1791,52.66,0.8412,0.736
2026-01-25,AdMob,ID,Banner,251439,4586,29.02,0.1636,0.7053
2026-01-25,AdMob,ID,Interstitial,41115,829,15.85,0.5747,0.671
2026-01-25,AdMob,ID,Rewarded,72388,1352,42.12,0.8786,0.6622
2026-01-25,AdMob,ID,Native,107764,1793,26.6,0.4235,0.5829
2026-01-25,AdMob,DE,Banner,112169,1873,185.34,1.7962,0.9199
2026-01-25,AdMob,DE,Interstitial,25389,572,126.32,5.7555,0.8645
2026-01-25,AdMob,DE,Rewarded,33507,683,211.69,7.7905,0.811
2026-01-25,AdMob,DE,Native,58161,1350,181.31,3.9001,0.7993
2026-01-25,AdMob,JP,Banner,159952,2685,280.55,1.9085,0.919
2026-01-25,AdMob,JP,Interstitial,26724,535,138.56,5.9941,0.865
2026-01-25,AdMob,JP,Rewarded,46333,1012,298.83,8.3501,0.7724
2026-01-25,AdMob,JP,Native,64645,1215,192.42,4.0751,0.7304
2026-01-25,Unity,US,Banner,213827,3592,491.08,2.4826,0.9251
2026-01-25,Unity,US,Interstitial,43933,957,322.61,8.2788,0.887
2026-01-25,Unity,US,Rewarded,55116,1070,633.91,13.7309,0.8376
2026-01-25,Unity,US,Native,91035,1608,472.81,6.4763,0.8019
2026-01-25,Unity,IN,Banner,306322,6777,62.09,0.2549,0.7953
2026-01-25,Unity,IN,Interstitial,63264,1119,38.68,0.8346,0.7326
2026-01-25,Unity,IN,Rewarded,100444,1977,90.91,1.3142,0.6887
2026-01-25,Unity,IN,Native,169404,3742,65.6,0.5646,0.6858
2026-01-25,Unity,BR,Banner,104749,2399,36.14,0.3959,0.8715
2026-01-25,Unity,BR,Interstitial,25245,474,25.19,1.2855,0.7762
2026-01-25,Unity,BR,Rewarded,40315,899,50.0,1.6926,0.7327
2026-01-25,Unity,BR,Native,66451,1428,38.94,0.7833,0.7481
2026-01-25,Unity,ID,Banner,161969,2842,22.2,0.1919,0.7142
2026-01-25,Unity,ID,Interstitial,30121,676,12.41,0.6006,0.6861
2026-01-25,Unity,ID,Rewarded,52521,920,32.0,0.9146,0.6662
2026-01-25,Unity,ID,Native,69634,1251,18.42,0.4514,0.586
2026-01-25,Unity,DE,Banner,85216,1566,128.93,1.6201,0.9339
2026-01-25,Unity,DE,Interstitial,13742,261,62.53,5.2807,0.8617
2026-01-25,Unity,DE,Rewarded,24402,442,182.58,8.8714,0.8434
2026-01-25,Unity,DE,Native,39792,954,123.66,3.8878,0.7994
2026-01-25,Unity,JP,Banner,92637,1488,151.53,1.8817,0.8693
2026-01-25,Unity,JP,Interstitial,17162,277,85.31,5.9527,0.835
2026-01-25,Unity,JP,Rewarded,31880,586,219.18,8.6292,0.7967
2026-01-25,Unity,JP,Native,45288,918,135.9,4.122,0.728
2026-01-25,AppLovin,US,Banner,130761,2794,296.75,2.5543,0.8885
2026-01-25,AppLovin,US,Interstitial,30940,512,211.26,7.8377,0.8712
2026-01-25,AppLovin,US,Rewarded,44395,894,447.83,12.1492,0.8303
2026-01-25,AppLovin,US,Native,81025,1556,383.86,6.0084,0.7885
2026-01-25,AppLovin,IN,Banner,260986,5938,50.46,0.2533,0.7633
2026-01-25,AppLovin,IN,Interstitial,45067,789,29.39,0.8526,0.7649
2026-01-25,AppLovin,IN,Rewarded,73163,1344,57.86,1.1498,0.6878
2026-01-25,AppLovin,IN,Native,122782,2667,40.97,0.5297,0.6299
2026-01-25,AppLovin,BR,Banner,77741,1480,21.33,0.3315,0.8277
2026-01-25,AppLovin,BR,Interstitial,17125,372,15.79,1.0907,0.8455
2026-01-25,AppLovin,BR,Rewarded,24502,514,32.35,1.7347,0.7611
2026-01-25,AppLovin,BR,Native,38549,695,22.73,0.7877,0.7485
2026-01-25,AppLovin,ID,Banner,110866,2076,15.69,0.1934,0.7317
2026-01-25,AppLovin,ID,Interstitial,24267,482,9.21,0.5424,0.7001
2026-01-25,AppLovin,ID,Rewarded,37741,878,25.03,0.9818,0.6756
2026-01-25,AppLovin,ID,Native,57709,1241,14.37,0.4083,0.6099
2026-01-25,AppLovin,DE,Banner,64123,1444,93.39,1.5533,0.9376
2026-01-25,AppLovin,DE,Interstitial,13152,221,65.09,5.9183,0.8362
2026-01-25,AppLovin,DE,Rewarded,15243,341,98.72,7.9055,0.8192
2026-01-25,AppLovin,DE,Native,32193,563,92.36,3.9453,0.7272
2026-01-25,AppLovin,JP,Banner,63244,1033,97.45,1.7508,0.8801
2026-01-25,AppLovin,JP,Interstitial,13721,270,65.36,5.615,0.8483
2026-01-25,AppLovin,JP,Rewarded,21532,381,158.16,8.8698,0.8281
2026-01-25,AppLovin,JP,Native,36117,846,119.5,4.3983,0.7523
2026-01-25,ironSource,US,Banner,110789,2312,247.41,2.5315,0.8821
2026-01-25,ironSource,US,Interstitial,21538,436,149.8,7.9225,0.8779
2026-01-25,ironSource,US,Rewarded,30110,527,334.56,13.2554,0.8382
2026-01-25,ironSource,US,Native,56972,1091,277.58,6.2122,0.7843
2026-01-25,ironSource,IN,Banner,174193,3723,34.79,0.2453,0.8143
2026-01-25,ironSource,IN,Interstitial,32105,537,19.62,0.7937,0.77
2026-01-25,ironSource,IN,Rewarded,63295,1485,55.66,1.3078,0.6724
2026-01-25,ironSource,IN,Native,88222,1722,34.73,0.5986,0.6576
2026-01-25,ironSource,BR,Banner,71778,1489,22.09,0.3798,0.8104
2026-01-25,ironSource,BR,Interstitial,12503,246,11.56,1.163,0.7952
2026-01-25,ironSource,BR,Rewarded,19669,319,24.07,1.6587,0.7379
2026-01-25,ironSource,BR,Native,34192,805,21.77,0.9163,0.6947
2026-01-25,ironSource,ID,Banner,98440,2226,13.3,0.1849,0.7305
2026-01-25,ironSource,ID,Interstitial,16230,335,6.8,0.6006,0.6975
2026-01-25,ironSource,ID,Rewarded,30355,615,16.5,0.823,0.6604
2026-01-25,ironSource,ID,Native,44332,1025,11.16,0.4066,0.6194
2026-01-25,ironSource,DE,Banner,45947,772,71.95,1.7572,0.8912
2026-01-25,ironSource,DE,Interstitial,7989,149,33.79,5.0065,0.8448
2026-01-25,ironSource,DE,Rewarded,14702,261,98.39,8.6507,0.7736
2026-01-25,ironSource,DE,Native,21442,366,61.49,3.8867,0.7378
2026-01-25,ironSource,JP,Banner,65155,1254,105.99,1.9095,0.8519
2026-01-25,ironSource,JP,Interstitial,11001,187,58.45,6.3492,0.8369
2026-01-25,ironSource,JP,Rewarded,18486,351,125.99,8.8144,0.7732
2026-01-25,ironSource,JP,Native,28730,551,85.17,4.0682,0.7287
2026-01-26,AdMob,US,Banner,213937,3498,511.83,2.689,0.8897
2026-01-26,AdMob,US,Interstitial,52305,1043,422.73,8.9657,0.9014
2026-01-26,AdMob,US,Rewarded,68370,1228,771.13,13.3549,0.8445
2026-01-26,AdMob,US,Native,140127,3206,629.39,5.4792,0.8197
2026-01-26,AdMob,IN,Banner,422547,7404,87.95,0.2611,0.7973
2026-01-26,AdMob,IN,Interstitial,78611,1724,42.14,0.7314,0.7328
2026-01-26,AdMob,IN,Rewarded,115911,2663,95.23,1.1593,0.7087
2026-01-26,AdMob,IN,Native,172854,3727,60.56,0.5472,0.6403
2026-01-26,AdMob,BR,Banner,132257,2326,40.91,0.3719,0.8318
2026-01-26,AdMob,BR,Interstitial,33927,548,29.52,1.0844,0.8025
2026-01-26,AdMob,BR,Rewarded,44778,763,60.57,1.8004,0.7514
2026-01-26,AdMob,BR,Native,72218,1462,46.62,0.8689,0.7429
2026-01-26,AdMob,ID,Banner,205390,3552,24.49,0.1692,0.7047
2026-01-26,AdMob,ID,Interstitial,36991,758,14.37,0.567,0.6853
2026-01-26,AdMob,ID,Rewarded,68009,1532,37.78,0.8452,0.6572
2026-01-26,AdMob,ID,Native,101807,1660,24.3,0.3994,0.5975
2026-01-26,AdMob,DE,Banner,94163,1671,140.04,1.7307,0.8593
2026-01-26,AdMob,DE,Interstitial,21237,458,105.04,5.8109,0.8512
2026-01-26,AdMob,DE,Rewarded,28991,598,178.72,7.6889,0.8018
2026-01-26,AdMob,DE,Native,56720,1056,152.76,3.5179,0.7656
2026-01-26,AdMob,JP,Banner,125311,2826,176.24,1.6286,0.8635
2026-01-26,AdMob,JP,Interstitial,25404,467,123.46,5.9407,0.8181
2026-01-26,AdMob,JP,Rewarded,36184,705,288.09,9.604,0.829
2026-01-26,AdMob,JP,Native,60500,1235,201.75,4.4911,0.7425
2026-01-26,Unity,US,Banner,160874,3615,397.06,2.6742,0.9229
2026-01-26,Unity,US,Interstitial,37947,850,271.57,8.0155,0.8928
2026-01-26,Unity,US,Rewarded,50076,981,469.47,11.9152,0.7868
2026-01-26,Unity,US,Native,83626,1913,381.1,6.0153,0.7576
2026-01-26,Unity,IN,Banner,259651,5190,45.86,0.2269,0.7785
2026-01-26,Unity,IN,Interstitial,51213,1113,28.02,0.7635,0.7165
2026-01-26,Unity,IN,Rewarded,90806,1987,77.54,1.191,0.717
2026-01-26,Unity,IN,Native,124807,2201,52.29,0.6122,0.6843
2026-01-26,Unity,BR,Banner,95114,2091,25.95,0.333,0.8193
2026-01-26,Unity,BR,Interstitial,20808,433,21.83,1.2679,0.8274
2026-01-26,Unity,BR,Rewarded,33261,701,40.61,1.6266,0.7506
2026-01-26,Unity,BR,Native,44772,961,25.5,0.7615,0.7479
2026-01-26,Unity,ID,Banner,130145,2401,18.01,0.1868,0.7411
2026-01-26,Unity,ID,Interstitial,24102,406,10.58,0.6519,0.6734
2026-01-26,Unity,ID,Rewarded,41897,760,25.03,0.9483,0.63
2026-01-26,Unity,ID,Native,64597,1330,17.68,0.4613,0.5935
2026-01-26,Unity,DE,Banner,78930,1861,114.06,1.5335,0.9424
2026-01-26,Unity,DE,Interstitial,15615,344,70.17,5.186,0.8665
2026-01-26,Unity,DE,Rewarded,24061,450,154.51,7.7227,0.8315
2026-01-26,Unity,DE,Native,31594,622,94.28,3.7895,0.7875
2026-01-26,Unity,JP,Banner,88484,1851,152.48,1.9783,0.8711
2026-01-26,Unity,JP,Interstitial,16792,394,84.04,5.8713,0.8524
2026-01-26,Unity,JP,Rewarded,26583,470,191.45,9.4831,0.7595
2026-01-26,Unity,JP,Native,43777,881,121.25,3.7968,0.7295
2026-01-26,AppLovin,US,Banner,106811,2198,239.11,2.4299,0.9213
2026-01-26,AppLovin,US,Interstitial,28193,660,213.7,8.7471,0.8665
2026-01-26,AppLovin,US,Rewarded,40704,871,389.02,11.985,0.7974
2026-01-26,AppLovin,US,Native,63622,1336,320.66,6.2947,0.8007
2026-01-26,AppLovin,IN,Banner,229182,5185,41.52,0.2416,0.7498
2026-01-26,AppLovin,IN,Interstitial,37022,798,24.22,0.8444,0.7749
2026-01-26,AppLovin,IN,Rewarded,61728,1161,50.89,1.1905,0.6925
2026-01-26,AppLovin,IN,Native,104091,1830,41.31,0.5881,0.6748
2026-01-26,AppLovin,BR,Banner,74864,1519,24.19,0.381,0.8479
2026-01-26,AppLovin,BR,Interstitial,16220,375,16.08,1.2387,0.8002
2026-01-26,AppLovin,BR,Rewarded,20222,325,29.44,1.9784,0.7358
2026-01-26,AppLovin,BR,Native,41887,941,24.68,0.7972,0.7391
2026-01-26,AppLovin,ID,Banner,110769,2401,15.44,0.1977,0.7052
2026-01-26,AppLovin,ID,Interstitial,17692,335,7.37,0.5888,0.7078
2026-01-26,AppLovin,ID,Rewarded,30819,732,18.25,0.9007,0.6575
2026-01-26,AppLovin,ID,Native,43336,860,11.71,0.4262,0.6342
2026-01-26,AppLovin,DE,Banner,43677,752,64.54,1.67,0.8849
2026-01-26,AppLovin,DE,Interstitial,11047,247,54.43,5.5238,0.892
2026-01-26,AppLovin,DE,Rewarded,15868,278,94.85,7.4333,0.8042
2026-01-26,AppLovin,DE,Native,28080,565,75.67,3.5994,0.7486
2026-01-26,AppLovin,JP,Banner,58063,970,87.49,1.6956,0.8887
2026-01-26,AppLovin,JP,Interstitial,10843,221,54.17,5.8467,0.8544
2026-01-26,AppLovin,JP,Rewarded,18316,430,130.49,9.1184,0.7813
2026-01-26,AppLovin,JP,Native,27077,607,91.46,4.3456,0.7773
2026-01-26,ironSource,US,Banner,90521,1509,208.12,2.4459,0.94
2026-01-26,ironSource,US,Interstitial,21871,367,173.49,8.8721,0.8941
2026-01-26,ironSource,US,Rewarded,31959,521,361.09,13.2085,0.8554
2026-01-26,ironSource,US,Native,42846,876,187.47,5.7989,0.7545
2026-01-26,ironSource,IN,Banner,180032,2880,34.11,0.2348,0.8069
2026-01-26,ironSource,IN,Interstitial,28817,670,15.21,0.7249,0.7283
2026-01-26,ironSource,IN,Rewarded,42196,991,36.13,1.2255,0.6986
2026-01-26,ironSource,IN,Native,70940,1381,23.65,0.5277,0.6318
2026-01-26,ironSource,BR,Banner,56000,1171,18.6,0.3866,0.8589
2026-01-26,ironSource,BR,Interstitial,12114,290,10.72,1.102,0.8031
2026-01-26,ironSource,BR,Rewarded,19810,333,30.38,1.9416,0.7897
2026-01-26,ironSource,BR,Native,27547,464,14.76,0.7565,0.7083
2026-01-26,ironSource,ID,Banner,79347,1745,11.05,0.1864,0.747
2026-01-26,ironSource,ID,Interstitial,18105,385,6.44,0.5465,0.6506
2026-01-26,ironSource,ID,Rewarded,22483,408,12.25,0.8556,0.637
2026-01-26,ironSource,ID,Native,40137,858,10.21,0.415,0.6128
2026-01-26,ironSource,DE,Banner,38645,726,52.71,1.5679,0.87
2026-01-26,ironSource,DE,Interstitial,8580,153,43.13,5.7824,0.8693
2026-01-26,ironSource,DE,Rewarded,12317,251,83.34,8.3666,0.8087
2026-01-26,ironSource,DE,Native,19950,336,60.81,3.9004,0.7815
2026-01-26,ironSource,JP,Banner,53744,1279,75.51,1.6689,0.8419
2026-01-26,ironSource,JP,Interstitial,11370,198,51.72,5.4725,0.8313
2026-01-26,ironSource,JP,Rewarded,14934,314,118.59,9.5943,0.8277
2026-01-26,ironSource,JP,Native,23904,556,75.21,4.2868,0.7339
2026-01-27,AdMob,US,Banner,277780,5096,647.71,2.5797,0.9039
2026-01-27,AdMob,US,Interstitial,43001,799,337.95,9.0369,0.8697
2026-01-27,AdMob,US,Rewarded,74349,1699,803.6,13.5628,0.7969
2026-01-27,AdMob,US,Native,139906,2481,701.86,6.4816,0.774
2026-01-27,AdMob,IN,Banner,384836,8026,67.38,0.232,0.7547
2026-01-27,AdMob,IN,Interstitial,79438,1680,48.17,0.8585,0.7063
2026-01-27,AdMob,IN,Rewarded,129466,2826,119.15,1.2623,0.7291
2026-01-27,AdMob,IN,Native,225668,3636,81.01,0.5413,0.6632
2026-01-27,AdMob,BR,Banner,127813,2311,35.6,0.3413,0.8161
2026-01-27,AdMob,BR,Interstitial,27093,435,24.75,1.0868,0.8406
2026-01-27,AdMob,BR,Rewarded,48187,1115,64.28,1.6748,0.7965
2026-01-27,AdMob,BR,Native,78462,1873,46.82,0.8689,0.6868
2026-01-27,AdMob,ID,Banner,222669,4176,31.63,0.1942,0.7315
2026-01-27,AdMob,ID,Interstitial,44723,751,17.7,0.575,0.6883
2026-01-27,AdMob,ID,Rewarded,67595,1383,35.58,0.8353,0.6302
2026-01-27,AdMob,ID,Native,107922,1727,27.64,0.43,0.5956
2026-01-27,AdMob,DE,Banner,107714,2119,180.92,1.8101,0.9279
2026-01-27,AdMob,DE,Interstitial,22422,444,103.8,5.4008,0.8571
2026-01-27,AdMob,DE,Rewarded,29528,547,208.74,8.7041,0.8122
2026-01-27,AdMob,DE,Native,46372,827,124.98,3.4941,0.7714
2026-01-27,AdMob,JP,Banner,111805,2461,185.86,1.8554,0.8959
2026-01-27,AdMob,JP,Interstitial,25026,562,141.33,6.4729,0.8725
2026-01-27,AdMob,JP,Rewarded,39025,709,280.16,8.6467,0.8302
2026-01-27,AdMob,JP,Native,56924,1356,168.93,4.1514,0.7149
2026-01-27,Unity,US,Banner,179642,3588,432.88,2.579,0.9343
2026-01-27,Unity,US,Interstitial,30086,581,233.47,8.6909,0.8929
2026-01-27,Unity,US,Rewarded,56552,977,548.69,12.0539,0.8049
2026-01-27,Unity,US,Native,84139,1603,432.39,6.3629,0.8076
2026-01-27,Unity,IN,Banner,287485,4986,54.74,0.2506,0.7598
2026-01-27,Unity,IN,Interstitial,63931,1195,40.66,0.8188,0.7767
2026-01-27,Unity,IN,Rewarded,89116,1790,69.21,1.1334,0.6852
2026-01-27,Unity,IN,Native,132423,2156,44.81,0.5228,0.6473
2026-01-27,Unity,BR,Banner,111439,1936,32.67,0.3594,0.8155
2026-01-27,Unity,BR,Interstitial,18495,407,17.58,1.227,0.7747
2026-01-27,Unity,BR,Rewarded,26968,586,36.65,1.7098,0.7949
2026-01-27,Unity,BR,Native,45774,1042,29.54,0.8939,0.722
2026-01-27,Unity,ID,Banner,144231,2575,20.33,0.1865,0.7555
2026-01-27,Unity,ID,Interstitial,29041,468,11.28,0.5952,0.6525
2026-01-27,Unity,ID,Rewarded,37202,759,22.49,0.9268,0.6524
2026-01-27,Unity,ID,Native,60168,1154,16.02,0.4174,0.638
2026-01-27,Unity,DE,Banner,72623,1463,117.11,1.7423,0.9256
2026-01-27,Unity,DE,Interstitial,15503,277,74.09,5.3805,0.8882
2026-01-27,Unity,DE,Rewarded,19615,379,122.89,7.5126,0.8339
2026-01-27,Unity,DE,Native,32155,728,93.22,3.6435,0.7957
2026-01-27,Unity,JP,Banner,88905,1701,143.73,1.8418,0.8777
2026-01-27,Unity,JP,Interstitial,19681,369,90.58,5.5507,0.8292
2026-01-27,Unity,JP,Rewarded,26235,449,185.77,8.9237,0.7935
2026-01-27,Unity,JP,Native,43922,725,126.75,3.9836,0.7244
2026-01-27,AppLovin,US,Banner,134849,2942,315.71,2.513,0.9317
2026-01-27,AppLovin,US,Interstitial,26344,500,192.37,8.4499,0.8642
2026-01-27,AppLovin,US,Rewarded,39075,898,426.47,12.7367,0.8569
2026-01-27,AppLovin,US,Native,56323,1036,246.17,5.5171,0.7922
2026-01-27,AppLovin,IN,Banner,171114,4009,33.58,0.2587,0.7587
2026-01-27,AppLovin,IN,Interstitial,42609,761,25.79,0.842,0.7189
2026-01-27,AppLovin,IN,Rewarded,60382,1121,46.61,1.1213,0.6883
2026-01-27,AppLovin,IN,Native,89788,1556,32.28,0.527,0.6821
2026-01-27,AppLovin,BR,Banner,64390,1200,21.18,0.3693,0.8905
2026-01-27,AppLovin,BR,Interstitial,13283,295,13.58,1.2169,0.8403
2026-01-27,AppLovin,BR,Rewarded,23326,390,31.06,1.7334,0.7682
2026-01-27,AppLovin,BR,Native,39513,714,26.23,0.8778,0.7561
2026-01-27,AppLovin,ID,Banner,85553,1909,11.42,0.1816,0.7349
2026-01-27,AppLovin,ID,Interstitial,18162,338,7.11,0.5714,0.6849
2026-01-27,AppLovin,ID,Rewarded,33244,686,19.86,0.8953,0.6674
2026-01-27,AppLovin,ID,Native,54096,984,13.88,0.4059,0.6323
2026-01-27,AppLovin,DE,Banner,50691,940,70.8,1.5556,0.8978
2026-01-27,AppLovin,DE,Interstitial,9300,207,46.19,6.0137,0.8259
2026-01-27,AppLovin,DE,Rewarded,17178,309,105.83,7.4578,0.8261
2026-01-27,AppLovin,DE,Native,21553,346,64.96,3.7752,0.7983
2026-01-27,AppLovin,JP,Banner,64147,1069,105.43,1.8005,0.9129
2026-01-27,AppLovin,JP,Interstitial,13180,310,69.65,6.2161,0.8501
2026-01-27,AppLovin,JP,Rewarded,20567,394,132.79,8.1756,0.7897
2026-01-27,AppLovin,JP,Native,29470,573,90.62,4.1591,0.7393
2026-01-27,ironSource,US,Banner,114377,2269,256.65,2.3402,0.9588
2026-01-27,ironSource,US,Interstitial,20742,403,161.98,9.0613,0.8618
2026-01-27,ironSource,US,Rewarded,29185,660,313.17,12.4306,0.8632
2026-01-27,ironSource,US,Native,44134,740,187.89,5.4837,0.7764
2026-01-27,ironSource,IN,Banner,165716,2661,28.88,0.2229,0.7817
2026-01-27,ironSource,IN,Interstitial,30239,720,18.53,0.8284,0.7398
2026-01-27,ironSource,IN,Rewarded,53387,1215,41.72,1.1662,0.6701
2026-01-27,ironSource,IN,Native,89869,2155,34.19,0.5959,0.6383
2026-01-27,ironSource,BR,Banner,55654,995,18.52,0.3761,0.8847
2026-01-27,ironSource,BR,Interstitial,13469,245,13.15,1.1543,0.846
2026-01-27,ironSource,BR,Rewarded,20448,414,26.18,1.6393,0.781
2026-01-27,ironSource,BR,Native,29800,522,17.44,0.7935,0.7374
2026-01-27,ironSource,ID,Banner,81268,1318,10.47,0.1711,0.7528
2026-01-27,ironSource,ID,Interstitial,14558,260,5.62,0.5691,0.6781
2026-01-27,ironSource,ID,Rewarded,23937,494,15.32,0.967,0.6617
2026-01-27,ironSource,ID,Native,35068,781,9.05,0.4363,0.5916
2026-01-27,ironSource,DE,Banner,37000,846,53.23,1.6226,0.8865
2026-01-27,ironSource,DE,Interstitial,7103,153,32.63,5.5722,0.8244
2026-01-27,ironSource,DE,Rewarded,13458,315,88.65,8.1421,0.809
2026-01-27,ironSource,DE,Native,20125,432,59.59,3.8405,0.771
2026-01-27,ironSource,JP,Banner,44103,731,73.87,1.9156,0.8743
2026-01-27,ironSource,JP,Interstitial,10858,228,51.0,5.8523,0.8026
2026-01-27,ironSource,JP,Rewarded,16710,383,134.22,9.698,0.8282
2026-01-27,ironSource,JP,Native,21266,402,67.29,4.0994,0.7718
2026-01-28,AdMob,US,Banner,257616,5985,608.89,2.6042,0.9076
2026-01-28,AdMob,US,Interstitial,50048,998,387.56,8.4401,0.9175
2026-01-28,AdMob,US,Rewarded,67763,1505,739.77,12.7833,0.854
2026-01-28,AdMob,US,Native,135821,3109,642.08,6.1975,0.7628
2026-01-28,AdMob,IN,Banner,447213,10645,75.69,0.2253,0.7512
2026-01-28,AdMob,IN,Interstitial,88839,1806,59.0,0.8629,0.7696
2026-01-28,AdMob,IN,Rewarded,125270,2751,101.71,1.2109,0.6705
2026-01-28,AdMob,IN,Native,200319,3993,76.59,0.5765,0.6632
2026-01-28,AdMob,BR,Banner,135230,2375,38.2,0.3441,0.821
2026-01-28,AdMob,BR,Interstitial,34256,709,30.18,1.1167,0.7889
2026-01-28,AdMob,BR,Rewarded,46487,1035,61.33,1.6754,0.7875
2026-01-28,AdMob,BR,Native,69089,1561,41.92,0.8045,0.7541
2026-01-28,AdMob,ID,Banner,211867,4337,24.96,0.165,0.7141
2026-01-28,AdMob,ID,Interstitial,36248,674,14.87,0.5938,0.6909
2026-01-28,AdMob,ID,Rewarded,65057,1477,39.81,0.9613,0.6366
2026-01-28,AdMob,ID,Native,88107,1468,23.34,0.4484,0.5907
2026-01-28,AdMob,DE,Banner,104253,1970,160.23,1.6407,0.9367
2026-01-28,AdMob,DE,Interstitial,18722,351,87.67,5.5008,0.8512
2026-01-28,AdMob,DE,Rewarded,31743,754,231.01,8.6783,0.8386
2026-01-28,AdMob,DE,Native,46499,995,141.36,4.0164,0.7569
2026-01-28,AdMob,JP,Banner,124099,2931,220.93,1.9778,0.9001
2026-01-28,AdMob,JP,Interstitial,27512,541,153.81,6.4835,0.8623
2026-01-28,AdMob,JP,Rewarded,34707,700,229.41,8.7666,0.754
2026-01-28,AdMob,JP,Native,62594,1457,207.01,4.2212,0.7835
2026-01-28,Unity,US,Banner,157239,2969,356.48,2.4831,0.913
2026-01-28,Unity,US,Interstitial,38134,870,286.71,8.5409,0.8803
2026-01-28,Unity,US,Rewarded,57318,1116,572.59,11.8121,0.8457
2026-01-28,Unity,US,Native,82109,1547,347.22,5.4145,0.781
2026-01-28,Unity,IN,Banner,259127,4653,51.76,0.2493,0.801
2026-01-28,Unity,IN,Interstitial,48430,1137,29.21,0.8558,0.7047
2026-01-28,Unity,IN,Rewarded,87216,1401,69.06,1.1572,0.6842
2026-01-28,Unity,IN,Native,128889,2233,44.88,0.5194,0.6704
2026-01-28,Unity,BR,Banner,105901,1724,32.32,0.3665,0.8328
2026-01-28,Unity,BR,Interstitial,18084,335,16.24,1.0863,0.8268
2026-01-28,Unity,BR,Rewarded,34300,689,46.37,1.7754,0.7614
2026-01-28,Unity,BR,Native,55855,1142,31.14,0.8019,0.6952
2026-01-28,Unity,ID,Banner,132733,2648,17.25,0.1779,0.7306
2026-01-28,Unity,ID,Interstitial,29010,627,12.3,0.6053,0.7004
2026-01-28,Unity,ID,Rewarded,42430,825,26.59,0.9322,0.6722
2026-01-28,Unity,ID,Native,68168,1129,18.6,0.4422,0.6171
2026-01-28,Unity,DE,Banner,78234,1726,107.89,1.4952,0.9224
2026-01-28,Unity,DE,Interstitial,15903,308,68.77,5.0095,0.8633
2026-01-28,Unity,DE,Rewarded,19932,395,123.05,7.574,0.8151
2026-01-28,Unity,DE,Native,30847,682,95.11,3.9366,0.7832
2026-01-28,Unity,JP,Banner,98141,2249,159.56,1.7674,0.9199
2026-01-28,Unity,JP,Interstitial,16431,315,76.31,5.5911,0.8306
2026-01-28,Unity,JP,Rewarded,26846,539,199.41,9.1501,0.8118
2026-01-28,Unity,JP,Native,38563,916,127.36,4.501,0.7338
2026-01-28,AppLovin,US,Banner,110669,1975,271.83,2.7837,0.8824
2026-01-28,AppLovin,US,Interstitial,21599,420,172.89,8.8487,0.9046
2026-01-28,AppLovin,US,Rewarded,42320,963,460.75,12.9803,0.8388
2026-01-28,AppLovin,US,Native,58690,1362,275.88,5.7766,0.8137
2026-01-28,AppLovin,IN,Banner,228588,5163,44.51,0.2593,0.7509
2026-01-28,AppLovin,IN,Interstitial,38918,795,25.26,0.8785,0.7389
2026-01-28,AppLovin,IN,Rewarded,60535,1402,47.09,1.1572,0.6722
2026-01-28,AppLovin,IN,Native,109080,2291,38.62,0.5196,0.6813
2026-01-28,AppLovin,BR,Banner,72955,1575,21.99,0.3423,0.8806
2026-01-28,AppLovin,BR,Interstitial,15214,301,14.45,1.2263,0.7745
2026-01-28,AppLovin,BR,Rewarded,20432,475,26.92,1.695,0.7773
2026-01-28,AppLovin,BR,Native,36417,836,21.12,0.7909,0.7332
2026-01-28,AppLovin,ID,Banner,107449,2365,15.01,0.1933,0.7226
2026-01-28,AppLovin,ID,Interstitial,17840,358,7.02,0.5818,0.6764
2026-01-28,AppLovin,ID,Rewarded,33861,588,20.45,0.9674,0.6243
2026-01-28,AppLovin,ID,Native,47864,1111,11.92,0.4024,0.619
2026-01-28,AppLovin,DE,Banner,56934,1150,90.09,1.7007,0.9304
2026-01-28,AppLovin,DE,Interstitial,9124,200,43.35,5.5272,0.8597
2026-01-28,AppLovin,DE,Rewarded,13739,325,88.18,8.0327,0.799
2026-01-28,AppLovin,DE,Native,24579,445,77.99,4.0464,0.7842
2026-01-28,AppLovin,JP,Banner,63847,1504,108.84,1.9419,0.8778
2026-01-28,AppLovin,JP,Interstitial,11429,260,54.5,5.489,0.8687
2026-01-28,AppLovin,JP,Rewarded,21520,486,165.84,9.3229,0.8266
2026-01-28,AppLovin,JP,Native,34478,809,108.52,4.2581,0.7392
2026-01-28,ironSource,US,Banner,97963,2010,230.36,2.5698,0.915
2026-01-28,ironSource,US,Interstitial,19823,387,139.07,7.7315,0.9074
2026-01-28,ironSource,US,Rewarded,30800,553,286.71,11.8299,0.7869
2026-01-28,ironSource,US,Native,53068,940,236.41,5.473,0.814
2026-01-28,ironSource,IN,Banner,145820,3233,24.32,0.2247,0.7421
2026-01-28,ironSource,IN,Interstitial,35600,650,20.91,0.8183,0.7179
2026-01-28,ironSource,IN,Rewarded,47653,1041,42.68,1.309,0.6843
2026-01-28,ironSource,IN,Native,78546,1301,27.86,0.5374,0.6601
2026-01-28,ironSource,BR,Banner,65376,1081,19.41,0.3415,0.8692
2026-01-28,ironSource,BR,Interstitial,13638,306,12.88,1.1263,0.8384
2026-01-28,ironSource,BR,Rewarded,20526,389,28.78,1.792,0.7824
2026-01-28,ironSource,BR,Native,27159,647,15.75,0.8304,0.6984
2026-01-28,ironSource,ID,Banner,70309,1427,9.39,0.1832,0.7291
2026-01-28,ironSource,ID,Interstitial,16778,306,6.39,0.5539,0.6878
2026-01-28,ironSource,ID,Rewarded,27169,442,17.46,0.9472,0.6786
2026-01-28,ironSource,ID,Native,37421,671,8.59,0.3944,0.5821
2026-01-28,ironSource,DE,Banner,42145,973,59.27,1.5613,0.9008
2026-01-28,ironSource,DE,Interstitial,8465,166,38.47,5.3841,0.8441
2026-01-28,ironSource,DE,Rewarded,10837,247,73.35,8.4711,0.799
2026-01-28,ironSource,DE,Native,21539,380,63.96,3.9351,0.7546
2026-01-28,ironSource,JP,Banner,54142,950,83.17,1.7951,0.8558
2026-01-28,ironSource,JP,Interstitial,8996,181,46.33,6.3326,0.8133
2026-01-28,ironSource,JP,Rewarded,14781,339,111.07,9.1433,0.8219
2026-01-28,ironSource,JP,Native,24633,513,69.37,3.7929,0.7425
2026-01-29,AdMob,US,Banner,254332,5384,593.46,2.6272,0.8882
2026-01-29,AdMob,US,Interstitial,45239,980,347.24,8.9259,0.8599
2026-01-29,AdMob,US,Rewarded,64826,1154,685.53,12.515,0.845
2026-01-29,AdMob,US,Native,136073,2562,655.38,6.1056,0.7888
2026-01-29,AdMob,IN,Banner,397894,8589,75.73,0.2447,0.7779
2026-01-29,AdMob,IN,Interstitial,78408,1258,42.46,0.7524,0.7198
2026-01-29,AdMob,IN,Rewarded,112834,1988,102.72,1.2597,0.7227
2026-01-29,AdMob,IN,Native,227542,4927,88.05,0.5603,0.6906
2026-01-29,AdMob,BR,Banner,160009,2571,43.64,0.3301,0.8262
2026-01-29,AdMob,BR,Interstitial,31945,597,30.85,1.1627,0.8306
2026-01-29,AdMob,BR,Rewarded,49311,923,60.83,1.6671,0.74
2026-01-29,AdMob,BR,Native,72940,1223,44.06,0.8146,0.7415
2026-01-29,AdMob,ID,Banner,191073,4497,25.29,0.1921,0.6888
2026-01-29,AdMob,ID,Interstitial,45835,869,16.9,0.5506,0.6697
2026-01-29,AdMob,ID,Rewarded,64975,1433,39.18,0.9173,0.6574
2026-01-29,AdMob,ID,Native,88539,1825,24.77,0.448,0.6246
2026-01-29,AdMob,DE,Banner,111692,2171,167.36,1.7161,0.8732
2026-01-29,AdMob,DE,Interstitial,19964,339,89.42,5.0107,0.8939
2026-01-29,AdMob,DE,Rewarded,31777,743,202.53,8.2603,0.7716
2026-01-29,AdMob,DE,Native,55277,938,159.16,3.8687,0.7443
2026-01-29,AdMob,JP,Banner,119877,2844,180.72,1.712,0.8806
2026-01-29,AdMob,JP,Interstitial,25562,506,140.3,6.4679,0.8486
2026-01-29,AdMob,JP,Rewarded,41489,760,304.88,8.9485,0.8212
2026-01-29,AdMob,JP,Native,55540,1283,188.52,4.4985,0.7545
2026-01-29,Unity,US,Banner,197985,3761,423.05,2.3224,0.9201
2026-01-29,Unity,US,Interstitial,36321,742,279.4,8.9991,0.8548
2026-01-29,Unity,US,Rewarded,55787,1163,563.03,11.8178,0.854
2026-01-29,Unity,US,Native,99300,1991,429.68,5.759,0.7514
2026-01-29,Unity,IN,Banner,245208,5401,47.9,0.2625,0.744
2026-01-29,Unity,IN,Interstitial,56421,1183,31.15,0.779,0.7088
2026-01-29,Unity,IN,Rewarded,86147,1587,72.24,1.1474,0.7308
2026-01-29,Unity,IN,Native,137888,3234,49.58,0.5649,0.6365
2026-01-29,Unity,BR,Banner,101047,2101,28.01,0.3298,0.8404
2026-01-29,Unity,BR,Interstitial,21086,385,20.28,1.2467,0.7716
2026-01-29,Unity,BR,Rewarded,34516,577,45.08,1.6488,0.7922
2026-01-29,Unity,BR,Native,57767,994,34.47,0.8166,0.7306
2026-01-29,Unity,ID,Banner,121779,2252,14.33,0.1698,0.6932
2026-01-29,Unity,ID,Interstitial,28120,597,12.09,0.6107,0.7038
2026-01-29,Unity,ID,Rewarded,43370,837,24.78,0.8841,0.6463
2026-01-29,Unity,ID,Native,77185,1637,17.84,0.3973,0.5818
2026-01-29,Unity,DE,Banner,63751,1059,105.72,1.7787,0.9323
2026-01-29,Unity,DE,Interstitial,12346,224,58.63,5.4947,0.8643
2026-01-29,Unity,DE,Rewarded,22365,362,149.62,8.4066,0.7958
2026-01-29,Unity,DE,Native,37626,728,107.99,3.6304,0.7906
2026-01-29,Unity,JP,Banner,89523,1698,157.92,1.9343,0.912
2026-01-29,Unity,JP,Interstitial,15971,280,83.95,6.3302,0.8304
2026-01-29,Unity,JP,Rewarded,29434,475,187.79,8.4566,0.7544
2026-01-29,Unity,JP,Native,45355,841,144.32,4.3358,0.7339
2026-01-29,AppLovin,US,Banner,118981,2788,276.41,2.6419,0.8793
2026-01-29,AppLovin,US,Interstitial,22918,508,181.12,9.3494,0.8453
2026-01-29,AppLovin,US,Rewarded,34388,786,345.07,11.6812,0.859
2026-01-29,AppLovin,US,Native,60691,1385,295.5,6.1909,0.7865
2026-01-29,AppLovin,IN,Banner,188903,3557,35.48,0.2411,0.7789
2026-01-29,AppLovin,IN,Interstitial,44697,921,23.86,0.7465,0.715
2026-01-29,AppLovin,IN,Rewarded,62834,1481,49.16,1.1267,0.6943
2026-01-29,AppLovin,IN,Native,92398,1809,36.31,0.5789,0.6789
2026-01-29,AppLovin,BR,Banner,84844,1743,27.08,0.377,0.8464
2026-01-29,AppLovin,BR,Interstitial,15866,299,16.25,1.2221,0.8381
2026-01-29,AppLovin,BR,Rewarded,21149,345,26.19,1.697,0.7296
2026-01-29,AppLovin,BR,Native,41663,871,26.61,0.87,0.7341
2026-01-29,AppLovin,ID,Banner,110476,2085,14.79,0.1793,0.7467
2026-01-29,AppLovin,ID,Interstitial,22560,462,9.39,0.6238,0.6674
2026-01-29,AppLovin,ID,Rewarded,30297,561,16.54,0.8348,0.6539
2026-01-29,AppLovin,ID,Native,43285,996,12.3,0.4577,0.6207
2026-01-29,AppLovin,DE,Banner,52640,1126,76.03,1.6028,0.9011
2026-01-29,AppLovin,DE,Interstitial,11380,266,52.79,5.229,0.8871
2026-01-29,AppLovin,DE,Rewarded,15766,372,113.27,8.9616,0.8017
2026-01-29,AppLovin,DE,Native,26520,527,73.84,3.4973,0.7961
2026-01-29,AppLovin,JP,Banner,61756,1219,95.65,1.8239,0.8491
2026-01-29,AppLovin,JP,Interstitial,13741,220,60.83,5.4186,0.817
2026-01-29,AppLovin,JP,Rewarded,18275,430,140.28,9.411,0.8157
2026-01-29,AppLovin,JP,Native,32267,716,100.48,3.9939,0.7797
2026-01-29,ironSource,US,Banner,102232,2218,259.8,2.6498,0.959
2026-01-29,ironSource,US,Interstitial,19210,366,141.95,8.8621,0.8338
2026-01-29,ironSource,US,Rewarded,29156,497,273.59,11.9004,0.7885
2026-01-29,ironSource,US,Native,52319,982,270.76,6.3097,0.8202
2026-01-29,ironSource,IN,Banner,164770,3582,32.42,0.261,0.754
2026-01-29,ironSource,IN,Interstitial,34447,775,19.42,0.7342,0.7678
2026-01-29,ironSource,IN,Rewarded,41281,771,30.49,1.1019,0.6703
2026-01-29,ironSource,IN,Native,80222,1868,29.28,0.5636,0.6476
2026-01-29,ironSource,BR,Banner,57628,1166,15.71,0.3273,0.833
2026-01-29,ironSource,BR,Interstitial,11669,263,10.4,1.1457,0.7777
2026-01-29,ironSource,BR,Rewarded,20679,433,27.18,1.7386,0.7559
2026-01-29,ironSource,BR,Native,31965,654,19.75,0.8219,0.7518
2026-01-29,ironSource,ID,Banner,78809,1761,10.99,0.1853,0.7526
2026-01-29,ironSource,ID,Interstitial,13792,255,5.45,0.5799,0.682
2026-01-29,ironSource,ID,Rewarded,25441,608,16.17,0.9587,0.663
2026-01-29,ironSource,ID,Native,37270,704,10.57,0.4515,0.6283
2026-01-29,ironSource,DE,Banner,42809,867,60.23,1.5193,0.926
2026-01-29,ironSource,DE,Interstitial,7501,132,36.89,5.6714,0.8671
2026-01-29,ironSource,DE,Rewarded,10309,237,68.45,8.1405,0.8156
2026-01-29,ironSource,DE,Native,22569,440,68.55,3.8722,0.7844
2026-01-29,ironSource,JP,Banner,53691,1131,78.99,1.6937,0.8687
2026-01-29,ironSource,JP,Interstitial,8554,164,46.32,6.267,0.8641
2026-01-29,ironSource,JP,Rewarded,14765,270,115.74,9.6323,0.8138
2026-01-29,ironSource,JP,Native,23679,409,77.54,4.3503,0.7527
2026-01-30,AdMob,US,Banner,235744,5631,608.54,2.754,0.9373
2026-01-30,AdMob,US,Interstitial,54005,1197,424.27,9.2514,0.8492
2026-01-30,AdMob,US,Rewarded,64204,1205,698.8,13.1854,0.8255
2026-01-30,AdMob,US,Native,138590,2893,657.55,6.3716,0.7446
2026-01-30,AdMob,IN,Banner,384139,7098,73.05,0.236,0.8059
2026-01-30,AdMob,IN,Interstitial,90633,1937,51.1,0.7487,0.7531
2026-01-30,AdMob,IN,Rewarded,111079,2454,93.32,1.1579,0.7255
2026-01-30,AdMob,IN,Native,189745,3352,67.82,0.5638,0.6339
2026-01-30,AdMob,BR,Banner,149361,3247,43.36,0.3302,0.8792
2026-01-30,AdMob,BR,Interstitial,33992,694,35.72,1.2464,0.8431
2026-01-30,AdMob,BR,Rewarded,46352,753,70.91,1.9717,0.7759
2026-01-30,AdMob,BR,Native,80035,1654,54.06,0.9081,0.7439
2026-01-30,AdMob,ID,Banner,210278,4486,28.7,0.1976,0.6905
2026-01-30,AdMob,ID,Interstitial,37400,644,15.95,0.6168,0.6914
2026-01-30,AdMob,ID,Rewarded,54721,991,31.47,0.9219,0.6239
2026-01-30,AdMob,ID,Native,110057,2589,27.28,0.4055,0.6113
2026-01-30,AdMob,DE,Banner,91814,2023,134.75,1.6136,0.9096
2026-01-30,AdMob,DE,Interstitial,22409,399,117.29,5.957,0.8787
2026-01-30,AdMob,DE,Rewarded,25723,557,161.88,8.0582,0.781
2026-01-30,AdMob,DE,Native,52416,942,145.02,3.4989,0.7907
2026-01-30,AdMob,JP,Banner,122458,2391,199.07,1.8605,0.8738
2026-01-30,AdMob,JP,Interstitial,21742,507,109.74,5.8817,0.8581
2026-01-30,AdMob,JP,Rewarded,36526,859,261.57,8.8625,0.808
2026-01-30,AdMob,JP,Native,58132,1213,185.78,4.1497,0.7701
2026-01-30,Unity,US,Banner,154555,3103,360.2,2.6151,0.8912
2026-01-30,Unity,US,Interstitial,35305,643,280.96,9.1395,0.8707
2026-01-30,Unity,US,Rewarded,48262,936,529.62,13.7043,0.8008
2026-01-30,Unity,US,Native,79288,1491,388.09,6.2752,0.78
2026-01-30,Unity,IN,Banner,268332,5834,54.06,0.2569,0.7842
2026-01-30,Unity,IN,Interstitial,62670,1480,39.45,0.8643,0.7283
2026-01-30,Unity,IN,Rewarded,72026,1310,61.52,1.1704,0.7298
2026-01-30,Unity,IN,Native,130469,2545,47.05,0.5379,0.6704
2026-01-30,Unity,BR,Banner,112142,1977,37.67,0.3884,0.8648
2026-01-30,Unity,BR,Interstitial,23725,396,21.14,1.1435,0.7792
2026-01-30,Unity,BR,Rewarded,32098,590,39.31,1.661,0.7374
2026-01-30,Unity,BR,Native,49061,1083,31.36,0.8575,0.7454
2026-01-30,Unity,ID,Banner,130024,2088,16.74,0.1708,0.7535
2026-01-30,Unity,ID,Interstitial,31189,584,12.57,0.564,0.7146
2026-01-30,Unity,ID,Rewarded,41248,764,25.27,0.9373,0.6537
2026-01-30,Unity,ID,Native,71130,1144,18.25,0.4394,0.584
2026-01-30,Unity,DE,Banner,69119,1224,96.65,1.5285,0.9148
2026-01-30,Unity,DE,Interstitial,13717,232,60.9,5.1674,0.8591
2026-01-30,Unity,DE,Rewarded,17995,308,114.43,7.5094,0.8468
2026-01-30,Unity,DE,Native,37189,746,96.14,3.5173,0.735
2026-01-30,Unity,JP,Banner,86577,1925,156.18,1.9626,0.9191
2026-01-30,Unity,JP,Interstitial,18036,425,88.36,5.946,0.824
2026-01-30,Unity,JP,Rewarded,27060,443,190.68,9.1423,0.7708
2026-01-30,Unity,JP,Native,49593,838,149.14,4.0435,0.7437
2026-01-30,AppLovin,US,Banner,137634,2356,302.15,2.3091,0.9507
2026-01-30,AppLovin,US,Interstitial,27899,572,209.52,8.8906,0.8447
2026-01-30,AppLovin,US,Rewarded,35392,680,362.15,11.9295,0.8577
2026-01-30,AppLovin,US,Native,60597,1392,260.26,5.5572,0.7729
2026-01-30,AppLovin,IN,Banner,191787,3290,40.89,0.2617,0.8148
2026-01-30,AppLovin,IN,Interstitial,36127,579,22.72,0.858,0.7331
2026-01-30,AppLovin,IN,Rewarded,55929,954,49.47,1.2234,0.723
2026-01-30,AppLovin,IN,Native,88316,1829,36.45,0.6073,0.6797
2026-01-30,AppLovin,BR,Banner,81056,1537,25.08,0.3549,0.872
2026-01-30,AppLovin,BR,Interstitial,13848,330,13.92,1.255,0.801
2026-01-30,AppLovin,BR,Rewarded,21484,385,33.47,1.9518,0.7981
2026-01-30,AppLovin,BR,Native,40854,800,25.48,0.8288,0.7527
2026-01-30,AppLovin,ID,Banner,107329,1888,13.44,0.1788,0.7004
2026-01-30,AppLovin,ID,Interstitial,19552,420,8.52,0.6307,0.6912
2026-01-30,AppLovin,ID,Rewarded,28040,632,15.55,0.8967,0.6185
2026-01-30,AppLovin,ID,Native,57348,995,13.76,0.4122,0.5821
2026-01-30,AppLovin,DE,Banner,52287,942,81.67,1.687,0.9259
2026-01-30,AppLovin,DE,Interstitial,10790,219,51.71,5.7068,0.8399
2026-01-30,AppLovin,DE,Rewarded,13412,259,92.16,8.1717,0.8409
2026-01-30,AppLovin,DE,Native,27546,568,80.05,3.9195,0.7414
2026-01-30,AppLovin,JP,Banner,62612,1210,93.47,1.7635,0.8465
2026-01-30,AppLovin,JP,Interstitial,10897,200,49.85,5.5185,0.829
2026-01-30,AppLovin,JP,Rewarded,21143,427,150.75,8.7763,0.8124
2026-01-30,AppLovin,JP,Native,33163,671,103.57,3.9985,0.7811
2026-01-30,ironSource,US,Banner,109939,2351,240.92,2.4812,0.8832
2026-01-30,ironSource,US,Interstitial,17046,358,122.14,8.458,0.8472
2026-01-30,ironSource,US,Rewarded,34314,688,371.09,12.6592,0.8543
2026-01-30,ironSource,US,Native,49937,1112,262.19,6.4622,0.8125
2026-01-30,ironSource,IN,Banner,150220,2937,27.59,0.2422,0.7585
2026-01-30,ironSource,IN,Interstitial,31848,615,20.93,0.8531,0.7703
2026-01-30,ironSource,IN,Rewarded,41054,861,35.88,1.2868,0.6791
2026-01-30,ironSource,IN,Native,68599,1152,26.17,0.5487,0.6952
2026-01-30,ironSource,BR,Banner,58626,1345,17.95,0.3461,0.8844
2026-01-30,ironSource,BR,Interstitial,11055,206,9.94,1.0995,0.8178
2026-01-30,ironSource,BR,Rewarded,18929,406,22.76,1.6316,0.737
2026-01-30,ironSource,BR,Native,27411,485,17.04,0.9001,0.6906
2026-01-30,ironSource,ID,Banner,91965,1605,12.0,0.1776,0.7346
2026-01-30,ironSource,ID,Interstitial,16527,374,6.96,0.6271,0.6713
2026-01-30,ironSource,ID,Rewarded,24744,510,14.19,0.88,0.6517
2026-01-30,ironSource,ID,Native,35986,691,8.93,0.4118,0.6024
2026-01-30,ironSource,DE,Banner,43133,791,66.64,1.6442,0.9396
2026-01-30,ironSource,DE,Interstitial,7797,158,38.95,5.8157,0.8589
2026-01-30,ironSource,DE,Rewarded,10392,249,66.48,8.0827,0.7914
2026-01-30,ironSource,DE,Native,18850,353,60.84,4.1461,0.7785
2026-01-30,ironSource,JP,Banner,50653,875,88.98,1.9226,0.9137
2026-01-30,ironSource,JP,Interstitial,9518,197,44.05,5.8023,0.7977
2026-01-30,ironSource,JP,Rewarded,16596,348,118.27,8.7868,0.811
2026-01-30,ironSource,JP,Native,24067,549,71.65,3.8985,0.7637
2026-01-31,AdMob,US,Banner,303529,5025,625.16,2.3041,0.8939
2026-01-31,AdMob,US,Interstitial,58714,1333,440.7,8.936,0.84
2026-01-31,AdMob,US,Rewarded,87686,1461,1006.17,13.2344,0.867
2026-01-31,AdMob,US,Native,161052,3673,685.9,5.5051,0.7736
2026-01-31,AdMob,IN,Banner,516063,11180,97.64,0.2403,0.7873
2026-01-31,AdMob,IN,Interstitial,101184,2008,57.16,0.7394,0.764
2026-01-31,AdMob,IN,Rewarded,135955,3203,112.89,1.1817,0.7026
2026-01-31,AdMob,IN,Native,233326,5084,91.46,0.6108,0.6418
2026-01-31,AdMob,BR,Banner,188658,3870,60.44,0.3729,0.8591
2026-01-31,AdMob,BR,Interstitial,38235,871,37.94,1.2772,0.777
2026-01-31,AdMob,BR,Rewarded,50415,980,68.44,1.7113,0.7933
2026-01-31,AdMob,BR,Native,94228,1881,51.78,0.8003,0.6867
2026-01-31,AdMob,ID,Banner,202415,3957,26.95,0.1892,0.7039
2026-01-31,AdMob,ID,Interstitial,40301,693,16.28,0.5744,0.7033
2026-01-31,AdMob,ID,Rewarded,72046,1620,46.34,0.9751,0.6597
2026-01-31,AdMob,ID,Native,101509,2204,25.77,0.3991,0.6361
2026-01-31,AdMob,DE,Banner,119814,1959,182.17,1.704,0.8923
2026-01-31,AdMob,DE,Interstitial,24962,579,121.25,5.6966,0.8527
2026-01-31,AdMob,DE,Rewarded,32804,734,218.03,7.9106,0.8402
2026-01-31,AdMob,DE,Native,57758,1227,153.06,3.5657,0.7432
2026-01-31,AdMob,JP,Banner,138792,3115,245.2,1.9211,0.9196
2026-01-31,AdMob,JP,Interstitial,27693,480,144.75,6.3464,0.8236
2026-01-31,AdMob,JP,Rewarded,37088,664,268.75,8.7943,0.824
2026-01-31,AdMob,JP,Native,65546,1460,214.57,4.5946,0.7125
2026-01-31,Unity,US,Banner,190465,3260,422.44,2.3141,0.9584
2026-01-31,Unity,US,Interstitial,40875,670,277.33,8.1159,0.836
2026-01-31,Unity,US,Rewarded,53411,1062,528.95,11.657,0.8496
2026-01-31,Unity,US,Native,95882,2232,457.67,5.8529,0.8155
2026-01-31,Unity,IN,Banner,342834,6530,67.87,0.2585,0.7659
2026-01-31,Unity,IN,Interstitial,66596,1278,40.38,0.8198,0.7396
2026-01-31,Unity,IN,Rewarded,110689,2415,98.59,1.2771,0.6974
2026-01-31,Unity,IN,Native,149869,2881,50.44,0.5152,0.6532
2026-01-31,Unity,BR,Banner,103236,2131,33.11,0.3827,0.838
2026-01-31,Unity,BR,Interstitial,21063,439,19.83,1.122,0.839
2026-01-31,Unity,BR,Rewarded,41118,756,61.47,1.9796,0.7552
2026-01-31,Unity,BR,Native,66865,1495,45.21,0.9238,0.7319
2026-01-31,Unity,ID,Banner,174608,3957,22.14,0.1748,0.7253
2026-01-31,Unity,ID,Interstitial,34017,583,12.42,0.5425,0.6728
2026-01-31,Unity,ID,Rewarded,44430,789,26.72,0.973,0.618
2026-01-31,Unity,ID,Native,75901,1346,20.03,0.4298,0.6141
2026-01-31,Unity,DE,Banner,72391,1315,101.87,1.5631,0.9002
2026-01-31,Unity,DE,Interstitial,18261,398,81.49,5.4603,0.8173
2026-01-31,Unity,DE,Rewarded,22909,471,154.31,8.5033,0.7921
2026-01-31,Unity,DE,Native,43536,813,135.88,4.1796,0.7467
2026-01-31,Unity,JP,Banner,99546,1664,178.02,1.9538,0.9153
2026-01-31,Unity,JP,Interstitial,17902,335,86.19,5.9946,0.8031
2026-01-31,Unity,JP,Rewarded,27003,647,206.6,9.2449,0.8276
2026-01-31,Unity,JP,Native,48429,820,160.69,4.2832,0.7746
2026-01-31,AppLovin,US,Banner,151924,2920,339.63,2.5035,0.893
2026-01-31,AppLovin,US,Interstitial,25092,463,188.9,8.8322,0.8524
2026-01-31,AppLovin,US,Rewarded,38222,786,432.65,13.6799,0.8275
2026-01-31,AppLovin,US,Native,73372,1611,324.97,5.8435,0.758
2026-01-31,AppLovin,IN,Banner,204266,3609,35.95,0.221,0.7964
2026-01-31,AppLovin,IN,Interstitial,43333,938,25.43,0.796,0.7372
2026-01-31,AppLovin,IN,Rewarded,71555,1312,63.35,1.2347,0.717
2026-01-31,AppLovin,IN,Native,108870,2599,39.15,0.5531,0.6502
2026-01-31,AppLovin,BR,Banner,94376,1542,25.61,0.3359,0.808
2026-01-31,AppLovin,BR,Interstitial,15925,364,14.29,1.1074,0.8102
2026-01-31,AppLovin,BR,Rewarded,27712,555,35.63,1.6976,0.7573
2026-01-31,AppLovin,BR,Native,47138,946,31.8,0.897,0.7521
2026-01-31,AppLovin,ID,Banner,121702,2189,14.64,0.166,0.7247
2026-01-31,AppLovin,ID,Interstitial,22528,369,9.26,0.6161,0.6674
2026-01-31,AppLovin,ID,Rewarded,29430,496,14.76,0.814,0.6161
2026-01-31,AppLovin,ID,Native,53006,977,13.49,0.3966,0.6418
2026-01-31,AppLovin,DE,Banner,51073,1094,79.27,1.665,0.9322
2026-01-31,AppLovin,DE,Interstitial,10796,235,52.5,5.5678,0.8734
2026-01-31,AppLovin,DE,Rewarded,18111,373,134.81,8.8618,0.84
2026-01-31,AppLovin,DE,Native,28145,451,87.95,3.959,0.7893
2026-01-31,AppLovin,JP,Banner,82483,1895,122.0,1.6858,0.8774
2026-01-31,AppLovin,JP,Interstitial,13189,252,63.43,5.9722,0.8053
2026-01-31,AppLovin,JP,Rewarded,19473,466,133.31,8.7545,0.782
2026-01-31,AppLovin,JP,Native,41272,677,122.37,3.8764,0.7649
2026-01-31,ironSource,US,Banner,98791,2324,223.41,2.3487,0.9628
2026-01-31,ironSource,US,Interstitial,20888,420,140.92,7.9248,0.8513
2026-01-31,ironSource,US,Rewarded,35221,650,360.13,12.0401,0.8492
2026-01-31,ironSource,US,Native,64781,1445,308.89,6.1365,0.777
2026-01-31,ironSource,IN,Banner,201548,4733,35.57,0.2299,0.7675
2026-01-31,ironSource,IN,Interstitial,33098,741,17.74,0.7267,0.7376
2026-01-31,ironSource,IN,Rewarded,59698,1002,54.69,1.3007,0.7043
2026-01-31,ironSource,IN,Native,94447,1641,35.51,0.5912,0.636
2026-01-31,ironSource,BR,Banner,58904,1258,19.07,0.3667,0.8829
2026-01-31,ironSource,BR,Interstitial,15795,355,14.53,1.0951,0.84
2026-01-31,ironSource,BR,Rewarded,19546,451,28.84,1.9705,0.7488
2026-01-31,ironSource,BR,Native,38440,651,24.69,0.8833,0.7271
2026-01-31,ironSource,ID,Banner,92882,2049,12.03,0.1748,0.741
2026-01-31,ironSource,ID,Interstitial,20666,485,7.9,0.5418,0.7051
2026-01-31,ironSource,ID,Rewarded,29995,484,15.52,0.8334,0.6209
2026-01-31,ironSource,ID,Native,47776,916,13.21,0.4309,0.6418
2026-01-31,ironSource,DE,Banner,43680,1026,68.64,1.6911,0.9293
2026-01-31,ironSource,DE,Interstitial,10036,229,47.13,5.4193,0.8665
2026-01-31,ironSource,DE,Rewarded,13761,220,83.88,7.7825,0.7832
2026-01-31,ironSource,DE,Native,24505,450,64.85,3.5505,0.7454
2026-01-31,ironSource,JP,Banner,58541,962,92.42,1.7633,0.8954
2026-01-31,ironSource,JP,Interstitial,10202,187,50.33,5.9991,0.8224
2026-01-31,ironSource,JP,Rewarded,15009,254,117.67,9.7123,0.8072
2026-01-31,ironSource,JP,Native,24998,483,87.55,4.5989,0.7616
2026-02-01,AdMob,US,Banner,304899,6044,773.02,2.6807,0.9458
2026-02-01,AdMob,US,Interstitial,56290,1172,393.38,7.6687,0.9113
2026-02-01,AdMob,US,Rewarded,78569,1878,936.37,13.82,0.8624
2026-02-01,AdMob,US,Native,159881,3635,797.09,6.5424,0.762
2026-02-01,AdMob,IN,Banner,504577,12026,85.78,0.2271,0.7487
2026-02-01,AdMob,IN,Interstitial,86370,1396,52.27,0.8593,0.7043
2026-02-01,AdMob,IN,Rewarded,136587,2803,111.12,1.1373,0.7153
2026-02-01,AdMob,IN,Native,200846,3511,68.76,0.5222,0.6556
2026-02-01,AdMob,BR,Banner,187622,3728,54.15,0.354,0.8154
2026-02-01,AdMob,BR,Interstitial,30265,692,26.44,1.1109,0.7865
2026-02-01,AdMob,BR,Rewarded,58342,1060,84.16,1.9175,0.7523
2026-02-01,AdMob,BR,Native,87521,1492,58.21,0.8773,0.7581
2026-02-01,AdMob,ID,Banner,198901,4529,27.67,0.187,0.7439
2026-02-01,AdMob,ID,Interstitial,48462,1129,21.72,0.6545,0.6848
2026-02-01,AdMob,ID,Rewarded,78683,1382,48.14,0.9625,0.6357
2026-02-01,AdMob,ID,Native,116660,1959,30.83,0.4161,0.6351
2026-02-01,AdMob,DE,Banner,106642,1979,159.6,1.7331,0.8635
2026-02-01,AdMob,DE,Interstitial,22221,508,103.4,5.6349,0.8258
2026-02-01,AdMob,DE,Rewarded,33957,618,245.05,8.9381,0.8074
2026-02-01,AdMob,DE,Native,51321,865,136.59,3.4679,0.7675
2026-02-01,AdMob,JP,Banner,139080,2420,219.21,1.8321,0.8603
2026-02-01,AdMob,JP,Interstitial,31119,536,163.25,6.5361,0.8026
2026-02-01,AdMob,JP,Rewarded,49076,787,332.64,8.168,0.8298
2026-02-01,AdMob,JP,Native,79932,1481,252.03,4.0382,0.7808
2026-02-01,Unity,US,Banner,210566,4672,440.84,2.3358,0.8963
2026-02-01,Unity,US,Interstitial,40596,932,325.07,9.2275,0.8678
2026-02-01,Unity,US,Rewarded,59450,1107,719.4,13.9721,0.8661
2026-02-01,Unity,US,Native,112275,2357,542.56,6.3637,0.7594
2026-02-01,Unity,IN,Banner,280721,4650,54.26,0.2562,0.7546
2026-02-01,Unity,IN,Interstitial,62472,1486,38.94,0.8123,0.7673
2026-02-01,Unity,IN,Rewarded,94846,1946,74.69,1.0945,0.7195
2026-02-01,Unity,IN,Native,158483,2965,56.61,0.5386,0.6632
2026-02-01,Unity,BR,Banner,130060,2646,41.66,0.3632,0.882
2026-02-01,Unity,BR,Interstitial,22253,392,23.21,1.2843,0.8121
2026-02-01,Unity,BR,Rewarded,37567,737,51.99,1.7488,0.7913
2026-02-01,Unity,BR,Native,64476,1538,35.59,0.7721,0.715
2026-02-01,Unity,ID,Banner,175898,3278,20.77,0.1678,0.704
2026-02-01,Unity,ID,Interstitial,33652,675,14.88,0.6308,0.7011
2026-02-01,Unity,ID,Rewarded,52803,1083,29.26,0.8887,0.6236
2026-02-01,Unity,ID,Native,91423,1935,25.07,0.4446,0.6168
2026-02-01,Unity,DE,Banner,90898,2165,130.81,1.6264,0.8848
2026-02-01,Unity,DE,Interstitial,17855,344,80.7,5.3053,0.8519
2026-02-01,Unity,DE,Rewarded,21607,497,156.1,9.0054,0.8022
2026-02-01,Unity,DE,Native,36498,807,103.36,3.8869,0.7286
2026-02-01,Unity,JP,Banner,103067,1823,159.86,1.8452,0.8406
2026-02-01,Unity,JP,Interstitial,17555,360,85.41,5.7467,0.8467
2026-02-01,Unity,JP,Rewarded,31203,560,219.51,9.0887,0.774
2026-02-01,Unity,JP,Native,44834,784,152.44,4.4932,0.7567
2026-02-01,AppLovin,US,Banner,129829,2762,335.25,2.7402,0.9423
2026-02-01,AppLovin,US,Interstitial,27946,625,207.21,8.0954,0.9159
2026-02-01,AppLovin,US,Rewarded,40560,745,469.81,13.6363,0.8494
2026-02-01,AppLovin,US,Native,70291,1531,294.59,5.5763,0.7516
2026-02-01,AppLovin,IN,Banner,213958,3554,44.73,0.2554,0.8187
2026-02-01,AppLovin,IN,Interstitial,45627,1007,29.51,0.8483,0.7624
2026-02-01,AppLovin,IN,Rewarded,65874,1567,55.5,1.1889,0.7087
2026-02-01,AppLovin,IN,Native,109050,2607,42.9,0.6074,0.6477
2026-02-01,AppLovin,BR,Banner,90655,1648,27.85,0.3574,0.8596
2026-02-01,AppLovin,BR,Interstitial,16081,302,13.82,1.1073,0.7763
2026-02-01,AppLovin,BR,Rewarded,27915,636,37.71,1.8389,0.7346
2026-02-01,AppLovin,BR,Native,44436,773,29.96,0.9174,0.7348
2026-02-01,AppLovin,ID,Banner,114095,1839,14.51,0.1853,0.686
2026-02-01,AppLovin,ID,Interstitial,20442,406,7.92,0.5702,0.6792
2026-02-01,AppLovin,ID,Rewarded,30753,564,18.74,0.9312,0.6542
2026-02-01,AppLovin,ID,Native,49110,846,11.43,0.3845,0.6054
2026-02-01,AppLovin,DE,Banner,55375,988,84.74,1.6923,0.9043
2026-02-01,AppLovin,DE,Interstitial,10961,241,54.62,5.6254,0.8859
2026-02-01,AppLovin,DE,Rewarded,17526,403,112.35,8.0228,0.7991
2026-02-01,AppLovin,DE,Native,24775,531,81.41,4.2257,0.7776
2026-02-01,AppLovin,JP,Banner,61913,1043,99.99,1.838,0.8787
2026-02-01,AppLovin,JP,Interstitial,13417,259,72.92,6.4684,0.8402
2026-02-01,AppLovin,JP,Rewarded,18798,393,142.56,9.3854,0.8081
2026-02-01,AppLovin,JP,Native,36048,644,112.79,4.1444,0.755
2026-02-01,ironSource,US,Banner,130223,2552,305.06,2.5953,0.9026
2026-02-01,ironSource,US,Interstitial,25109,538,170.31,7.9247,0.8559
2026-02-01,ironSource,US,Rewarded,32590,720,350.72,13.4959,0.7974
2026-02-01,ironSource,US,Native,50054,1033,218.56,5.37,0.8131
2026-02-01,ironSource,IN,Banner,175820,3529,31.52,0.2272,0.7891
2026-02-01,ironSource,IN,Interstitial,42227,825,27.82,0.8773,0.751
2026-02-01,ironSource,IN,Rewarded,55053,1025,46.15,1.2438,0.674
2026-02-01,ironSource,IN,Native,80277,1596,26.43,0.5122,0.6428
2026-02-01,ironSource,BR,Banner,74894,1247,22.48,0.359,0.836
2026-02-01,ironSource,BR,Interstitial,14008,333,13.1,1.1451,0.8168
2026-02-01,ironSource,BR,Rewarded,18286,434,23.67,1.6964,0.7629
2026-02-01,ironSource,BR,Native,37313,893,24.04,0.9069,0.7105
2026-02-01,ironSource,ID,Banner,81038,1897,9.9,0.1639,0.7456
2026-02-01,ironSource,ID,Interstitial,16140,271,5.83,0.5536,0.6521
2026-02-01,ironSource,ID,Rewarded,25193,560,16.34,0.9846,0.6589
2026-02-01,ironSource,ID,Native,49810,1034,13.28,0.4229,0.6302
2026-02-01,ironSource,DE,Banner,43440,981,65.52,1.6702,0.903
2026-02-01,ironSource,DE,Interstitial,10529,176,49.91,5.4021,0.8775
2026-02-01,ironSource,DE,Rewarded,14946,282,92.83,8.0378,0.7727
2026-02-01,ironSource,DE,Native,23763,394,67.4,3.5568,0.7974
2026-02-01,ironSource,JP,Banner,64917,1241,105.26,1.8746,0.865
2026-02-01,ironSource,JP,Interstitial,12330,235,64.19,6.1218,0.8503
2026-02-01,ironSource,JP,Rewarded,17186,332,130.66,9.8818,0.7693
2026-02-01,ironSource,JP,Native,26954,494,91.52,4.4227,0.7677
2026-02-02,AdMob,US,Banner,218604,4215,459.38,2.3008,0.9133
2026-02-02,AdMob,US,Interstitial,57325,1325,412.98,8.4487,0.8527
2026-02-02,AdMob,US,Rewarded,74799,1425,772.75,13.0029,0.7945
2026-02-02,AdMob,US,Native,141658,2975,660.49,6.0565,0.7698
2026-02-02,AdMob,IN,Banner,449249,10633,80.34,0.2292,0.7804
2026-02-02,AdMob,IN,Interstitial,72137,1546,45.15,0.8351,0.7495
2026-02-02,AdMob,IN,Rewarded,114643,2031,94.69,1.1553,0.7149
2026-02-02,AdMob,IN,Native,195179,4637,64.61,0.5251,0.6304
2026-02-02,AdMob,BR,Banner,146926,3041,47.41,0.3938,0.8194
2026-02-02,AdMob,BR,Interstitial,27308,461,28.79,1.2696,0.8304
2026-02-02,AdMob,BR,Rewarded,50562,1207,66.11,1.6901,0.7736
2026-02-02,AdMob,BR,Native,83603,1408,54.5,0.9167,0.7111
2026-02-02,AdMob,ID,Banner,181300,3118,24.19,0.18,0.7411
2026-02-02,AdMob,ID,Interstitial,41916,892,16.33,0.5788,0.6731
2026-02-02,AdMob,ID,Rewarded,59405,1325,35.54,0.9562,0.6257
2026-02-02,AdMob,ID,Native,86927,1985,21.3,0.3943,0.6216
2026-02-02,AdMob,DE,Banner,92580,1637,133.22,1.593,0.9033
2026-02-02,AdMob,DE,Interstitial,21866,430,104.61,5.801,0.8247
2026-02-02,AdMob,DE,Rewarded,32473,532,212.74,7.9816,0.8208
2026-02-02,AdMob,DE,Native,51630,972,146.18,3.5825,0.7903
2026-02-02,AdMob,JP,Banner,116808,2239,188.75,1.9227,0.8404
2026-02-02,AdMob,JP,Interstitial,24025,528,120.07,5.7418,0.8704
2026-02-02,AdMob,JP,Rewarded,32594,756,242.97,9.3864,0.7942
2026-02-02,AdMob,JP,Native,58992,1174,188.09,4.2623,0.7481
2026-02-02,Unity,US,Banner,172695,3386,391.04,2.3999,0.9435
2026-02-02,Unity,US,Interstitial,39814,936,286.78,8.0934,0.89
2026-02-02,Unity,US,Rewarded,55074,1039,645.04,13.6967,0.8551
2026-02-02,Unity,US,Native,90128,1608,391.91,5.541,0.7848
2026-02-02,Unity,IN,Banner,300473,5453,56.06,0.2413,0.7731
2026-02-02,Unity,IN,Interstitial,64378,1141,33.3,0.7315,0.7072
2026-02-02,Unity,IN,Rewarded,95871,2208,89.87,1.315,0.7129
2026-02-02,Unity,IN,Native,127986,2151,50.15,0.6129,0.6393
2026-02-02,Unity,BR,Banner,92784,1756,29.62,0.3653,0.8739
2026-02-02,Unity,BR,Interstitial,24010,473,22.16,1.1843,0.7793
2026-02-02,Unity,BR,Rewarded,33191,688,48.54,1.9196,0.7618
2026-02-02,Unity,BR,Native,48835,800,31.99,0.8645,0.7576
2026-02-02,Unity,ID,Banner,156234,3693,19.99,0.1822,0.7022
2026-02-02,Unity,ID,Interstitial,27860,500,10.7,0.5798,0.6622
2026-02-02,Unity,ID,Rewarded,46193,824,28.69,0.9206,0.6748
2026-02-02,Unity,ID,Native,62043,1488,14.38,0.3785,0.6125
2026-02-02,Unity,DE,Banner,74094,1648,109.8,1.5868,0.9339
2026-02-02,Unity,DE,Interstitial,11964,205,58.63,5.8485,0.8379
2026-02-02,Unity,DE,Rewarded,19275,352,127.03,8.1982,0.8039
2026-02-02,Unity,DE,Native,31558,701,102.62,4.0519,0.8025
2026-02-02,Unity,JP,Banner,82143,1404,119.99,1.7081,0.8552
2026-02-02,Unity,JP,Interstitial,17769,380,92.88,6.1265,0.8532
2026-02-02,Unity,JP,Rewarded,24614,462,172.57,8.6946,0.8064
2026-02-02,Unity,JP,Native,39978,667,119.65,4.0944,0.731
2026-02-02,AppLovin,US,Banner,137380,2269,335.38,2.7301,0.8942
2026-02-02,AppLovin,US,Interstitial,26791,442,185.55,8.0096,0.8647
2026-02-02,AppLovin,US,Rewarded,34420,607,396.37,13.4969,0.8532
2026-02-02,AppLovin,US,Native,59423,1422,245.35,5.5147,0.7487
2026-02-02,AppLovin,IN,Banner,209335,4756,40.57,0.242,0.8007
2026-02-02,AppLovin,IN,Interstitial,43680,927,22.66,0.7226,0.7178
2026-02-02,AppLovin,IN,Rewarded,57763,1366,54.24,1.3158,0.7136
2026-02-02,AppLovin,IN,Native,91043,2177,35.62,0.6008,0.6512
2026-02-02,AppLovin,BR,Banner,67297,1309,21.27,0.3612,0.8749
2026-02-02,AppLovin,BR,Interstitial,14856,309,15.68,1.3167,0.8015
2026-02-02,AppLovin,BR,Rewarded,19493,374,29.1,1.9232,0.7763
2026-02-02,AppLovin,BR,Native,32056,513,18.85,0.8554,0.6873
2026-02-02,AppLovin,ID,Banner,103482,2196,12.19,0.1688,0.6978
2026-02-02,AppLovin,ID,Interstitial,17322,357,6.6,0.5776,0.66
2026-02-02,AppLovin,ID,Rewarded,31455,525,18.69,0.9398,0.6321
2026-02-02,AppLovin,ID,Native,43680,774,11.55,0.4138,0.6393
2026-02-02,AppLovin,DE,Banner,46351,993,64.01,1.5183,0.9095
2026-02-02,AppLovin,DE,Interstitial,10428,178,52.51,5.8972,0.8538
2026-02-02,AppLovin,DE,Rewarded,14052,284,98.05,8.518,0.8192
2026-02-02,AppLovin,DE,Native,26372,545,82.85,3.9558,0.7942
2026-02-02,AppLovin,JP,Banner,67723,1572,103.7,1.7095,0.8957
2026-02-02,AppLovin,JP,Interstitial,12071,198,65.37,6.3349,0.8548
2026-02-02,AppLovin,JP,Rewarded,19208,432,132.71,8.3343,0.829
2026-02-02,AppLovin,JP,Native,27591,517,80.88,3.8823,0.7551
2026-02-02,ironSource,US,Banner,86047,1446,201.26,2.5712,0.9097
2026-02-02,ironSource,US,Interstitial,21811,492,179.99,9.2056,0.8964
2026-02-02,ironSource,US,Rewarded,27448,607,268.02,12.1471,0.8039
2026-02-02,ironSource,US,Native,56718,1197,285.85,6.208,0.8118
2026-02-02,ironSource,IN,Banner,154607,2512,27.3,0.2364,0.7469
2026-02-02,ironSource,IN,Interstitial,33876,693,19.94,0.7901,0.7449
2026-02-02,ironSource,IN,Rewarded,44794,855,37.44,1.1942,0.6999
2026-02-02,ironSource,IN,Native,87696,2031,32.58,0.5545,0.6699
2026-02-02,ironSource,BR,Banner,66592,1084,21.46,0.3881,0.8305
2026-02-02,ironSource,BR,Interstitial,11139,236,10.74,1.1469,0.8406
2026-02-02,ironSource,BR,Rewarded,15741,331,19.4,1.6687,0.7387
2026-02-02,ironSource,BR,Native,32118,565,21.82,0.9004,0.7543
2026-02-02,ironSource,ID,Banner,75434,1758,9.14,0.1707,0.7098
2026-02-02,ironSource,ID,Interstitial,16360,265,7.03,0.6286,0.6833
2026-02-02,ironSource,ID,Rewarded,20862,369,12.53,0.9068,0.6622
2026-02-02,ironSource,ID,Native,42662,937,11.54,0.4461,0.6066
2026-02-02,ironSource,DE,Banner,38848,929,61.32,1.7089,0.9238
2026-02-02,ironSource,DE,Interstitial,7628,134,34.05,5.4021,0.8264
2026-02-02,ironSource,DE,Rewarded,12696,221,90.95,8.9381,0.8015
2026-02-02,ironSource,DE,Native,18710,334,53.47,3.8154,0.749
2026-02-02,ironSource,JP,Banner,53539,1196,76.76,1.6228,0.8835
2026-02-02,ironSource,JP,Interstitial,9298,197,48.41,6.1239,0.8501
2026-02-02,ironSource,JP,Rewarded,14756,325,105.38,8.7238,0.8186
2026-02-02,ironSource,JP,Native,23659,396,65.5,3.8665,0.716
2026-02-03,AdMob,US,Banner,256215,5643,538.26,2.3213,0.905
2026-02-03,AdMob,US,Interstitial,46915,842,375.89,8.9476,0.8955
2026-02-03,AdMob,US,Rewarded,80148,1417,878.95,13.3818,0.8195
2026-02-03,AdMob,US,Native,125797,2186,643.51,6.4515,0.7929
2026-02-03,AdMob,IN,Banner,421930,9228,78.55,0.2365,0.7871
2026-02-03,AdMob,IN,Interstitial,80358,1681,51.75,0.8502,0.7575
2026-02-03,AdMob,IN,Rewarded,107428,1836,100.79,1.2806,0.7326
2026-02-03,AdMob,IN,Native,199294,4339,72.22,0.533,0.6799
2026-02-03,AdMob,BR,Banner,133839,2995,42.64,0.3871,0.8229
2026-02-03,AdMob,BR,Interstitial,29612,513,26.76,1.1588,0.7799
2026-02-03,AdMob,BR,Rewarded,47185,797,63.15,1.8182,0.7361
2026-02-03,AdMob,BR,Native,65376,1076,42.49,0.881,0.7378
2026-02-03,AdMob,ID,Banner,203616,4735,25.17,0.165,0.7491
2026-02-03,AdMob,ID,Interstitial,42378,958,19.46,0.6511,0.7053
2026-02-03,AdMob,ID,Rewarded,61254,1140,33.37,0.8651,0.6297
2026-02-03,AdMob,ID,Native,103854,2050,24.34,0.3925,0.5972
2026-02-03,AdMob,DE,Banner,91991,2022,144.91,1.6793,0.9381
2026-02-03,AdMob,DE,Interstitial,20998,367,100.26,5.591,0.854
2026-02-03,AdMob,DE,Rewarded,33552,738,204.23,7.8351,0.7769
2026-02-03,AdMob,DE,Native,45134,771,123.42,3.7514,0.7289
2026-02-03,AdMob,JP,Banner,112745,2558,165.22,1.6396,0.8938
2026-02-03,AdMob,JP,Interstitial,24049,447,125.95,6.4495,0.812
2026-02-03,AdMob,JP,Rewarded,33570,701,243.09,9.217,0.7857
2026-02-03,AdMob,JP,Native,67406,1582,216.43,4.2384,0.7575
2026-02-03,Unity,US,Banner,164450,3435,383.1,2.4782,0.94
2026-02-03,Unity,US,Interstitial,31624,612,228.38,8.2895,0.8712
2026-02-03,Unity,US,Rewarded,47432,941,557.5,13.8323,0.8497
2026-02-03,Unity,US,Native,92226,1660,446.36,6.4228,0.7535
2026-02-03,Unity,IN,Banner,283586,6769,53.65,0.2544,0.7438
2026-02-03,Unity,IN,Interstitial,55242,960,31.17,0.7775,0.7256
2026-02-03,Unity,IN,Rewarded,91347,2157,83.23,1.3093,0.6959
2026-02-03,Unity,IN,Native,153599,2992,57.8,0.5579,0.6745
2026-02-03,Unity,BR,Banner,106849,1754,30.39,0.3282,0.8667
2026-02-03,Unity,BR,Interstitial,22997,427,23.11,1.278,0.7863
2026-02-03,Unity,BR,Rewarded,31323,649,43.03,1.8348,0.7487
2026-02-03,Unity,BR,Native,49315,828,25.91,0.7653,0.6866
2026-02-03,Unity,ID,Banner,152274,3060,21.4,0.1966,0.7147
2026-02-03,Unity,ID,Interstitial,25033,522,10.01,0.6061,0.6597
2026-02-03,Unity,ID,Rewarded,47459,768,26.68,0.8452,0.6651
2026-02-03,Unity,ID,Native,67385,1171,15.74,0.3873,0.603
2026-02-03,Unity,DE,Banner,67339,1431,96.39,1.6228,0.8821
2026-02-03,Unity,DE,Interstitial,15759,286,70.4,5.3907,0.8287
2026-02-03,Unity,DE,Rewarded,23230,399,156.75,8.3682,0.8064
2026-02-03,Unity,DE,Native,34472,795,101.33,3.6794,0.7989
2026-02-03,Unity,JP,Banner,76577,1476,118.36,1.806,0.8558
2026-02-03,Unity,JP,Interstitial,19478,344,96.61,6.033,0.8221
2026-02-03,Unity,JP,Rewarded,28615,507,208.38,9.2241,0.7895
2026-02-03,Unity,JP,Native,41574,798,142.91,4.5863,0.7495
2026-02-03,AppLovin,US,Banner,125803,2192,306.62,2.6923,0.9053
2026-02-03,AppLovin,US,Interstitial,25637,591,200.94,8.7808,0.8926
2026-02-03,AppLovin,US,Rewarded,36050,702,364.22,11.6672,0.866
2026-02-03,AppLovin,US,Native,64811,1143,313.04,6.1479,0.7856
2026-02-03,AppLovin,IN,Banner,215308,4286,42.98,0.2546,0.7841
2026-02-03,AppLovin,IN,Interstitial,35367,653,18.91,0.7334,0.7291
2026-02-03,AppLovin,IN,Rewarded,68165,1372,61.65,1.2681,0.7132
2026-02-03,AppLovin,IN,Native,90021,1517,36.16,0.6136,0.6547
2026-02-03,AppLovin,BR,Banner,74860,1204,25.57,0.3869,0.8829
2026-02-03,AppLovin,BR,Interstitial,16738,381,14.76,1.1452,0.7703
2026-02-03,AppLovin,BR,Rewarded,24956,561,35.29,1.8346,0.7707
2026-02-03,AppLovin,BR,Native,40720,966,26.78,0.9055,0.7263
2026-02-03,AppLovin,ID,Banner,114884,2297,14.23,0.1662,0.7452
2026-02-03,AppLovin,ID,Interstitial,19325,387,7.75,0.6136,0.6536
2026-02-03,AppLovin,ID,Rewarded,33338,783,18.19,0.8484,0.6432
2026-02-03,AppLovin,ID,Native,48928,986,12.15,0.4081,0.6084
2026-02-03,AppLovin,DE,Banner,51979,1171,81.44,1.7492,0.8957
2026-02-03,AppLovin,DE,Interstitial,10101,219,46.69,5.3223,0.8685
2026-02-03,AppLovin,DE,Rewarded,15261,279,89.87,7.5184,0.7833
2026-02-03,AppLovin,DE,Native,23369,515,67.78,3.9835,0.7282
2026-02-03,AppLovin,JP,Banner,58100,1029,88.78,1.7316,0.8825
2026-02-03,AppLovin,JP,Interstitial,13941,317,63.77,5.5024,0.8314
2026-02-03,AppLovin,JP,Rewarded,19401,420,131.5,8.6262,0.7857
2026-02-03,AppLovin,JP,Native,35686,855,119.02,4.5302,0.7362
2026-02-03,ironSource,US,Banner,85105,1497,186.65,2.3091,0.9498
2026-02-03,ironSource,US,Interstitial,17364,379,121.31,8.0532,0.8675
2026-02-03,ironSource,US,Rewarded,31119,728,311.39,12.0809,0.8283
2026-02-03,ironSource,US,Native,54725,1185,257.47,5.7396,0.8197
2026-02-03,ironSource,IN,Banner,138997,3033,22.82,0.2177,0.7541
2026-02-03,ironSource,IN,Interstitial,28963,676,16.51,0.8018,0.7109
2026-02-03,ironSource,IN,Rewarded,45753,734,43.54,1.298,0.7332
2026-02-03,ironSource,IN,Native,79139,1594,27.68,0.5068,0.6901
2026-02-03,ironSource,BR,Banner,52348,1231,14.6,0.3319,0.8401
2026-02-03,ironSource,BR,Interstitial,12694,207,13.03,1.2882,0.7967
2026-02-03,ironSource,BR,Rewarded,20561,389,26.72,1.6262,0.7992
2026-02-03,ironSource,BR,Native,25590,607,16.89,0.8718,0.7572
2026-02-03,ironSource,ID,Banner,71862,1516,8.78,0.1685,0.7247
2026-02-03,ironSource,ID,Interstitial,17149,362,6.89,0.5617,0.7154
2026-02-03,ironSource,ID,Rewarded,26498,631,15.44,0.9072,0.6424
2026-02-03,ironSource,ID,Native,40985,877,11.82,0.4508,0.6397
2026-02-03,ironSource,DE,Banner,40587,714,51.79,1.4862,0.8586
2026-02-03,ironSource,DE,Interstitial,7246,136,31.77,5.2302,0.8383
2026-02-03,ironSource,DE,Rewarded,11713,250,68.7,7.5881,0.7729
2026-02-03,ironSource,DE,Native,20224,457,59.69,3.807,0.7753
2026-02-03,ironSource,JP,Banner,48915,1111,83.28,1.8508,0.9199
2026-02-03,ironSource,JP,Interstitial,9778,200,48.84,6.1737,0.809
2026-02-03,ironSource,JP,Rewarded,17165,330,128.05,9.033,0.8259
2026-02-03,ironSource,JP,Native,28741,594,87.52,4.2665,0.7138
2026-02-04,AdMob,US,Banner,233092,4243,511.61,2.3116,0.9495
2026-02-04,AdMob,US,Interstitial,54448,1295,375.52,8.14,0.8473
2026-02-04,AdMob,US,Rewarded,71887,1472,782.81,13.0085,0.8371
2026-02-04,AdMob,US,Native,140551,3218,670.27,6.1576,0.7745
2026-02-04,AdMob,IN,Banner,361727,7597,71.39,0.2421,0.8151
2026-02-04,AdMob,IN,Interstitial,87607,2063,55.35,0.8246,0.7661
2026-02-04,AdMob,IN,Rewarded,111825,2417,87.84,1.1207,0.7009
2026-02-04,AdMob,IN,Native,183631,4361,60.45,0.5045,0.6526
2026-02-04,AdMob,BR,Banner,158773,2992,46.16,0.3529,0.8239
2026-02-04,AdMob,BR,Interstitial,27028,648,25.11,1.1055,0.8403
2026-02-04,AdMob,BR,Rewarded,40465,796,49.89,1.6396,0.752
2026-02-04,AdMob,BR,Native,68358,1517,38.65,0.8066,0.7009
2026-02-04,AdMob,ID,Banner,212754,4951,28.0,0.1849,0.7119
2026-02-04,AdMob,ID,Interstitial,45634,922,17.02,0.5608,0.6651
2026-02-04,AdMob,ID,Rewarded,52642,1062,30.56,0.8886,0.6533
2026-02-04,AdMob,ID,Native,94927,1675,25.74,0.4236,0.6401
2026-02-04,AdMob,DE,Banner,104644,2136,135.08,1.4993,0.861
2026-02-04,AdMob,DE,Interstitial,17629,361,72.52,4.9746,0.8269
2026-02-04,AdMob,DE,Rewarded,31830,555,203.41,7.7591,0.8236
2026-02-04,AdMob,DE,Native,51701,1238,151.89,3.7822,0.7768
2026-02-04,AdMob,JP,Banner,141418,2337,209.58,1.6215,0.9139
2026-02-04,AdMob,JP,Interstitial,28397,475,134.62,5.7382,0.8261
2026-02-04,AdMob,JP,Rewarded,33138,692,257.89,9.4081,0.8272
2026-02-04,AdMob,JP,Native,66547,1088,214.8,4.4201,0.7303
2026-02-04,Unity,US,Banner,148848,2455,330.01,2.4738,0.8962
2026-02-04,Unity,US,Interstitial,31635,541,226.38,7.8616,0.9103
2026-02-04,Unity,US,Rewarded,53092,891,573.41,12.9874,0.8316
2026-02-04,Unity,US,Native,82743,1448,346.79,5.416,0.7738
2026-02-04,Unity,IN,Banner,285177,5553,55.62,0.2493,0.7825
2026-02-04,Unity,IN,Interstitial,54107,1183,33.3,0.8547,0.7202
2026-02-04,Unity,IN,Rewarded,90488,1788,73.48,1.1806,0.6878
2026-02-04,Unity,IN,Native,122914,2150,39.88,0.5091,0.6372
2026-02-04,Unity,BR,Banner,105131,2468,33.51,0.3851,0.8275
2026-02-04,Unity,BR,Interstitial,23865,451,26.1,1.3101,0.8348
2026-02-04,Unity,BR,Rewarded,27461,626,38.56,1.8248,0.7695
2026-02-04,Unity,BR,Native,60311,1054,36.09,0.8414,0.7113
2026-02-04,Unity,ID,Banner,119201,2693,15.56,0.1803,0.724
2026-02-04,Unity,ID,Interstitial,28038,637,12.62,0.65,0.6928
2026-02-04,Unity,ID,Rewarded,37568,652,23.88,0.964,0.6593
2026-02-04,Unity,ID,Native,63485,1250,16.88,0.4558,0.5834
2026-02-04,Unity,DE,Banner,66082,1247,104.81,1.7045,0.9306
2026-02-04,Unity,DE,Interstitial,13692,317,72.6,6.0301,0.8793
2026-02-04,Unity,DE,Rewarded,20614,447,129.28,7.8112,0.8029
2026-02-04,Unity,DE,Native,30899,601,82.89,3.6733,0.7303
2026-02-04,Unity,JP,Banner,96095,2254,140.16,1.6289,0.8954
2026-02-04,Unity,JP,Interstitial,16118,381,87.97,6.2324,0.8757
2026-02-04,Unity,JP,Rewarded,24162,522,152.89,8.2806,0.7641
2026-02-04,Unity,JP,Native,46713,810,149.38,4.3464,0.7357
2026-02-04,AppLovin,US,Banner,128028,2500,306.22,2.5417,0.9411
2026-02-04,AppLovin,US,Interstitial,23789,431,164.54,8.1489,0.8488
2026-02-04,AppLovin,US,Rewarded,32941,576,321.48,12.3595,0.7896
2026-02-04,AppLovin,US,Native,67126,1458,306.5,5.7423,0.7952
2026-02-04,AppLovin,IN,Banner,204871,4488,39.87,0.262,0.7427
2026-02-04,AppLovin,IN,Interstitial,45505,847,27.97,0.858,0.7164
2026-02-04,AppLovin,IN,Rewarded,54104,1002,47.49,1.2243,0.7169
2026-02-04,AppLovin,IN,Native,101185,2310,38.7,0.5814,0.6578
2026-02-04,AppLovin,BR,Banner,81109,1450,22.93,0.3287,0.8603
2026-02-04,AppLovin,BR,Interstitial,15258,293,16.75,1.3097,0.8381
2026-02-04,AppLovin,BR,Rewarded,21092,356,27.59,1.7044,0.7675
2026-02-04,AppLovin,BR,Native,38054,675,20.43,0.7562,0.7098
2026-02-04,AppLovin,ID,Banner,114136,1910,15.23,0.1882,0.7092
2026-02-04,AppLovin,ID,Interstitial,20100,455,7.8,0.5656,0.6865
2026-02-04,AppLovin,ID,Rewarded,31042,726,18.66,0.9241,0.6507
2026-02-04,AppLovin,ID,Native,56478,1111,14.27,0.4211,0.6001
2026-02-04,AppLovin,DE,Banner,45298,762,69.1,1.695,0.9
2026-02-04,AppLovin,DE,Interstitial,9092,186,44.23,5.4776,0.8881
2026-02-04,AppLovin,DE,Rewarded,15816,309,103.02,7.9844,0.8158
2026-02-04,AppLovin,DE,Native,26193,481,70.16,3.5039,0.7645
2026-02-04,AppLovin,JP,Banner,59240,1095,99.23,1.9659,0.8521
2026-02-04,AppLovin,JP,Interstitial,12537,275,66.89,6.4356,0.829
2026-02-04,AppLovin,JP,Rewarded,20754,391,140.79,8.658,0.7835
2026-02-04,AppLovin,JP,Native,34370,736,96.26,3.8173,0.7337
2026-02-04,ironSource,US,Banner,101963,1792,237.1,2.5175,0.9237
2026-02-04,ironSource,US,Interstitial,19584,354,151.38,8.5029,0.9091
2026-02-04,ironSource,US,Rewarded,33310,726,344.44,13.1178,0.7883
2026-02-04,ironSource,US,Native,43033,790,228.35,6.5419,0.8111
2026-02-04,ironSource,IN,Banner,148355,2815,26.72,0.2343,0.7688
2026-02-04,ironSource,IN,Interstitial,30255,688,17.75,0.8194,0.7161
2026-02-04,ironSource,IN,Rewarded,52498,943,45.57,1.1944,0.7268
2026-02-04,ironSource,IN,Native,68421,1405,25.9,0.5734,0.6602
2026-02-04,ironSource,BR,Banner,67188,1485,22.79,0.3938,0.8614
2026-02-04,ironSource,BR,Interstitial,10501,204,9.71,1.1186,0.8263
2026-02-04,ironSource,BR,Rewarded,17708,309,23.7,1.7311,0.7732
2026-02-04,ironSource,BR,Native,31142,580,16.9,0.7852,0.691
2026-02-04,ironSource,ID,Banner,73547,1280,9.82,0.194,0.688
2026-02-04,ironSource,ID,Interstitial,16233,260,6.34,0.5977,0.6529
2026-02-04,ironSource,ID,Rewarded,27514,543,16.33,0.9286,0.6393
2026-02-04,ironSource,ID,Native,37198,857,9.4,0.407,0.6211
2026-02-04,ironSource,DE,Banner,36209,641,55.26,1.7623,0.8659
2026-02-04,ironSource,DE,Interstitial,6889,135,31.32,5.1049,0.8907
2026-02-04,ironSource,DE,Rewarded,10479,230,79.36,9.0085,0.8407
2026-02-04,ironSource,DE,Native,22600,486,64.95,3.6345,0.7907
2026-02-04,ironSource,JP,Banner,55546,1232,91.78,1.9069,0.8665
2026-02-04,ironSource,JP,Interstitial,9287,218,43.22,5.7943,0.8032
2026-02-04,ironSource,JP,Rewarded,14059,332,99.53,9.0371,0.7834
2026-02-04,ironSource,JP,Native,23762,462,81.61,4.434,0.7746
2026-02-05,AdMob,US,Banner,240862,5308,617.55,2.6764,0.958
2026-02-05,AdMob,US,Interstitial,45906,946,363.39,9.1601,0.8642
2026-02-05,AdMob,US,Rewarded,82457,1712,839.47,11.9554,0.8516
2026-02-05,AdMob,US,Native,139750,3167,602.76,5.5596,0.7758
2026-02-05,AdMob,IN,Banner,342307,6244,62.01,0.2214,0.8183
2026-02-05,AdMob,IN,Interstitial,91413,2013,50.04,0.7492,0.7307
2026-02-05,AdMob,IN,Rewarded,125680,2858,107.91,1.2195,0.7041
2026-02-05,AdMob,IN,Native,184096,3823,65.24,0.5536,0.6402
2026-02-05,AdMob,BR,Banner,138774,2250,40.94,0.348,0.8476
2026-02-05,AdMob,BR,Interstitial,26327,603,26.27,1.2446,0.8018
2026-02-05,AdMob,BR,Rewarded,47628,797,59.82,1.6229,0.7739
2026-02-05,AdMob,BR,Native,81320,1745,54.37,0.9226,0.7248
2026-02-05,AdMob,ID,Banner,184238,3194,24.42,0.1778,0.7456
2026-02-05,AdMob,ID,Interstitial,37186,706,15.41,0.5935,0.6985
2026-02-05,AdMob,ID,Rewarded,67699,1467,35.81,0.827,0.6396
2026-02-05,AdMob,ID,Native,91779,1509,23.51,0.4331,0.5915
2026-02-05,AdMob,DE,Banner,88630,1982,143.67,1.7919,0.9047
2026-02-05,AdMob,DE,Interstitial,18995,447,90.93,5.6019,0.8546
2026-02-05,AdMob,DE,Rewarded,32228,657,215.07,8.6304,0.7733
2026-02-05,AdMob,DE,Native,49504,898,154.44,4.1794,0.7464
2026-02-05,AdMob,JP,Banner,121675,2781,176.06,1.7076,0.8474
2026-02-05,AdMob,JP,Interstitial,25437,464,141.34,6.4336,0.8637
2026-02-05,AdMob,JP,Rewarded,38037,731,258.85,8.2498,0.8249
2026-02-05,AdMob,JP,Native,60506,1089,181.87,4.0343,0.7451
2026-02-05,Unity,US,Banner,168429,3104,432.84,2.703,0.9508
2026-02-05,Unity,US,Interstitial,34674,801,264.47,9.1355,0.8349
2026-02-05,Unity,US,Rewarded,48077,981,530.01,13.2053,0.8348
2026-02-05,Unity,US,Native,96933,1968,408.73,5.4759,0.77
2026-02-05,Unity,IN,Banner,306148,5877,55.7,0.2264,0.8036
2026-02-05,Unity,IN,Interstitial,50773,1021,30.36,0.8414,0.7107
2026-02-05,Unity,IN,Rewarded,73009,1492,60.34,1.1655,0.7091
2026-02-05,Unity,IN,Native,135995,2671,48.42,0.5521,0.6449
2026-02-05,Unity,BR,Banner,119277,1936,37.67,0.3852,0.8198
2026-02-05,Unity,BR,Interstitial,23731,527,23.21,1.2064,0.8106
2026-02-05,Unity,BR,Rewarded,29748,635,42.73,1.7935,0.8009
2026-02-05,Unity,BR,Native,47046,1041,25.68,0.7784,0.7011
2026-02-05,Unity,ID,Banner,131405,2280,16.08,0.1628,0.752
2026-02-05,Unity,ID,Interstitial,23880,462,9.04,0.5685,0.6659
2026-02-05,Unity,ID,Rewarded,47296,912,29.55,0.9683,0.6452
2026-02-05,Unity,ID,Native,71155,1673,16.57,0.3985,0.5846
2026-02-05,Unity,DE,Banner,63420,1264,88.25,1.5505,0.8975
2026-02-05,Unity,DE,Interstitial,11977,257,51.72,5.1128,0.8446
2026-02-05,Unity,DE,Rewarded,19289,445,127.64,8.123,0.8146
2026-02-05,Unity,DE,Native,33173,728,90.45,3.5678,0.7642
2026-02-05,Unity,JP,Banner,77258,1256,114.72,1.7729,0.8376
2026-02-05,Unity,JP,Interstitial,17410,362,86.7,5.7578,0.8649
2026-02-05,Unity,JP,Rewarded,25887,422,181.08,8.8343,0.7918
2026-02-05,Unity,JP,Native,48905,829,163.57,4.6186,0.7242
2026-02-05,AppLovin,US,Banner,111634,2543,274.69,2.6321,0.9349
2026-02-05,AppLovin,US,Interstitial,26888,578,199.97,8.4145,0.8839
2026-02-05,AppLovin,US,Rewarded,37643,770,401.2,12.6879,0.84
2026-02-05,AppLovin,US,Native,65198,1378,317.01,6.0843,0.7991
2026-02-05,AppLovin,IN,Banner,201184,3607,38.83,0.2487,0.7761
2026-02-05,AppLovin,IN,Interstitial,34017,808,20.59,0.8096,0.7477
2026-02-05,AppLovin,IN,Rewarded,57506,952,46.0,1.1746,0.6811
2026-02-05,AppLovin,IN,Native,108184,2326,38.57,0.532,0.6702
2026-02-05,AppLovin,BR,Banner,74352,1359,24.33,0.3871,0.8452
2026-02-05,AppLovin,BR,Interstitial,16782,271,16.85,1.2868,0.7804
2026-02-05,AppLovin,BR,Rewarded,19732,403,27.24,1.7232,0.8011
2026-02-05,AppLovin,BR,Native,36074,668,23.48,0.9053,0.7191
2026-02-05,AppLovin,ID,Banner,113236,2275,16.24,0.1926,0.7447
2026-02-05,AppLovin,ID,Interstitial,21736,518,8.41,0.5615,0.689
2026-02-05,AppLovin,ID,Rewarded,28118,458,17.35,0.953,0.6474
2026-02-05,AppLovin,ID,Native,53945,900,13.12,0.3922,0.62
2026-02-05,AppLovin,DE,Banner,56703,965,78.49,1.5813,0.8754
2026-02-05,AppLovin,DE,Interstitial,11338,226,56.92,5.7331,0.8757
2026-02-05,AppLovin,DE,Rewarded,14886,267,92.27,7.6065,0.8148
2026-02-05,AppLovin,DE,Native,28578,491,88.39,4.0784,0.7583
2026-02-05,AppLovin,JP,Banner,67849,1200,96.26,1.6639,0.8527
2026-02-05,AppLovin,JP,Interstitial,12713,212,66.18,6.3445,0.8205
2026-02-05,AppLovin,JP,Rewarded,18550,329,134.92,9.4466,0.77
2026-02-05,AppLovin,JP,Native,35442,796,127.42,4.5815,0.7847
2026-02-05,ironSource,US,Banner,90645,1681,197.2,2.4031,0.9053
2026-02-05,ironSource,US,Interstitial,22739,397,182.7,8.9914,0.8936
2026-02-05,ironSource,US,Rewarded,33685,773,366.19,13.5861,0.8001
2026-02-05,ironSource,US,Native,46583,988,201.69,5.4512,0.7943
2026-02-05,ironSource,IN,Banner,140556,3011,26.61,0.2313,0.8184
2026-02-05,ironSource,IN,Interstitial,34208,623,18.31,0.7541,0.7098
2026-02-05,ironSource,IN,Rewarded,44384,914,34.32,1.1363,0.6804
2026-02-05,ironSource,IN,Native,75874,1496,29.03,0.5959,0.642
2026-02-05,ironSource,BR,Banner,51245,1220,14.93,0.3587,0.8122
2026-02-05,ironSource,BR,Interstitial,13046,270,12.09,1.1976,0.7741
2026-02-05,ironSource,BR,Rewarded,19397,436,25.23,1.6887,0.7702
2026-02-05,ironSource,BR,Native,32414,761,21.66,0.8909,0.7499
2026-02-05,ironSource,ID,Banner,77732,1677,10.51,0.1825,0.7409
2026-02-05,ironSource,ID,Interstitial,18378,335,6.71,0.5416,0.6741
2026-02-05,ironSource,ID,Rewarded,22288,371,12.53,0.8501,0.6616
2026-02-05,ironSource,ID,Native,42899,773,11.17,0.4362,0.5967
2026-02-05,ironSource,DE,Banner,41546,947,67.38,1.7365,0.9339
2026-02-05,ironSource,DE,Interstitial,9115,204,45.34,5.5895,0.8899
2026-02-05,ironSource,DE,Rewarded,13420,265,84.69,7.4442,0.8477
2026-02-05,ironSource,DE,Native,21789,395,58.77,3.5629,0.757
2026-02-05,ironSource,JP,Banner,46874,753,70.75,1.6644,0.9069
2026-02-05,ironSource,JP,Interstitial,9437,170,44.65,5.6093,0.8434
2026-02-05,ironSource,JP,Rewarded,13915,236,100.47,8.979,0.8041
2026-02-05,ironSource,JP,Native,22566,432,70.5,3.9876,0.7834
2026-02-06,AdMob,US,Banner,257424,4271,572.15,2.4182,0.9191
2026-02-06,AdMob,US,Interstitial,43021,735,314.39,8.4468,0.8651
2026-02-06,AdMob,US,Rewarded,79221,1663,909.19,14.0069,0.8194
2026-02-06,AdMob,US,Native,142361,3117,703.74,6.3445,0.7791
2026-02-06,AdMob,IN,Banner,355376,6144,65.21,0.2406,0.7628
2026-02-06,AdMob,IN,Interstitial,78230,1537,43.81,0.741,0.7557
2026-02-06,AdMob,IN,Rewarded,121121,2503,91.4,1.1151,0.6767
2026-02-06,AdMob,IN,Native,229100,5259,76.52,0.5148,0.6488
2026-02-06,AdMob,BR,Banner,130752,2519,43.12,0.3871,0.8521
2026-02-06,AdMob,BR,Interstitial,28287,652,25.79,1.1513,0.7918
2026-02-06,AdMob,BR,Rewarded,48021,867,70.41,1.8611,0.7879
2026-02-06,AdMob,BR,Native,77655,1434,48.07,0.8333,0.7429
2026-02-06,AdMob,ID,Banner,208590,3448,28.82,0.1938,0.713
2026-02-06,AdMob,ID,Interstitial,40192,948,16.26,0.5815,0.6958
2026-02-06,AdMob,ID,Rewarded,59740,1005,35.14,0.8939,0.658
2026-02-06,AdMob,ID,Native,92605,1491,26.24,0.4552,0.6224
2026-02-06,AdMob,DE,Banner,91138,2070,144.0,1.7103,0.9238
2026-02-06,AdMob,DE,Interstitial,18753,404,96.3,5.9741,0.8595
2026-02-06,AdMob,DE,Rewarded,30870,524,199.56,7.6275,0.8475
2026-02-06,AdMob,DE,Native,46323,1051,146.71,4.0915,0.7741
2026-02-06,AdMob,JP,Banner,125590,2045,202.23,1.7557,0.9171
2026-02-06,AdMob,JP,Interstitial,27670,473,135.9,5.677,0.8652
2026-02-06,AdMob,JP,Rewarded,38402,843,294.2,9.6986,0.7899
2026-02-06,AdMob,JP,Native,68212,1335,233.98,4.3987,0.7798
2026-02-06,Unity,US,Banner,157839,2706,328.26,2.3194,0.8967
2026-02-06,Unity,US,Interstitial,35608,579,236.44,7.9644,0.8337
2026-02-06,Unity,US,Rewarded,57722,1336,611.71,12.9832,0.8162
2026-02-06,Unity,US,Native,76217,1331,393.22,6.5216,0.7911
2026-02-06,Unity,IN,Banner,295041,6754,57.73,0.2526,0.7745
2026-02-06,Unity,IN,Interstitial,50132,886,27.25,0.7646,0.7109
2026-02-06,Unity,IN,Rewarded,77415,1503,67.68,1.3002,0.6724
2026-02-06,Unity,IN,Native,141360,3113,59.49,0.6047,0.696
2026-02-06,Unity,BR,Banner,119829,2595,40.57,0.3807,0.8894
2026-02-06,Unity,BR,Interstitial,18352,345,17.69,1.1765,0.8193
2026-02-06,Unity,BR,Rewarded,29358,477,42.83,1.8279,0.7982
2026-02-06,Unity,BR,Native,56740,1330,37.64,0.8774,0.756
2026-02-06,Unity,ID,Banner,151013,3074,19.07,0.1807,0.6987
2026-02-06,Unity,ID,Interstitial,30228,530,13.78,0.6475,0.7038
2026-02-06,Unity,ID,Rewarded,43256,761,23.18,0.8698,0.6162
2026-02-06,Unity,ID,Native,61877,1130,16.58,0.4488,0.5972
2026-02-06,Unity,DE,Banner,79658,1455,109.77,1.6101,0.8559
2026-02-06,Unity,DE,Interstitial,12401,257,51.42,5.0631,0.8189
2026-02-06,Unity,DE,Rewarded,19042,369,128.2,8.0211,0.8393
2026-02-06,Unity,DE,Native,39364,866,114.72,3.8484,0.7573
2026-02-06,Unity,JP,Banner,76295,1517,112.61,1.6522,0.8934
2026-02-06,Unity,JP,Interstitial,19024,395,102.21,6.4995,0.8267
2026-02-06,Unity,JP,Rewarded,26255,611,211.96,9.8669,0.8182
2026-02-06,Unity,JP,Native,40525,716,131.1,4.4289,0.7305
2026-02-06,AppLovin,US,Banner,141659,2435,314.36,2.3048,0.9628
2026-02-06,AppLovin,US,Interstitial,27395,485,191.49,8.1191,0.861
2026-02-06,AppLovin,US,Rewarded,38462,620,399.9,12.3626,0.841
2026-02-06,AppLovin,US,Native,54332,1223,230.68,5.4736,0.7757
2026-02-06,AppLovin,IN,Banner,223290,4945,39.96,0.2278,0.7858
2026-02-06,AppLovin,IN,Interstitial,37465,639,21.86,0.7854,0.7428
2026-02-06,AppLovin,IN,Rewarded,51467,853,40.86,1.1167,0.7109
2026-02-06,AppLovin,IN,Native,90690,1590,31.2,0.5418,0.635
2026-02-06,AppLovin,BR,Banner,84253,1607,23.66,0.3254,0.863
2026-02-06,AppLovin,BR,Interstitial,15776,359,15.13,1.2213,0.7852
2026-02-06,AppLovin,BR,Rewarded,22445,535,32.59,1.9161,0.7578
2026-02-06,AppLovin,BR,Native,40543,802,26.94,0.9183,0.7235
2026-02-06,AppLovin,ID,Banner,107663,2002,15.71,0.1937,0.7534
2026-02-06,AppLovin,ID,Interstitial,21792,380,8.46,0.5653,0.6871
2026-02-06,AppLovin,ID,Rewarded,28626,602,17.49,0.9776,0.6251
2026-02-06,AppLovin,ID,Native,51394,1053,12.0,0.3881,0.6013
2026-02-06,AppLovin,DE,Banner,45307,802,74.69,1.7492,0.9425
2026-02-06,AppLovin,DE,Interstitial,9060,165,43.27,5.4504,0.8762
2026-02-06,AppLovin,DE,Rewarded,12839,245,90.45,8.318,0.847
2026-02-06,AppLovin,DE,Native,24401,530,80.14,4.2111,0.7799
2026-02-06,AppLovin,JP,Banner,63675,1474,112.52,1.9709,0.8966
2026-02-06,AppLovin,JP,Interstitial,13247,244,68.11,6.2821,0.8185
2026-02-06,AppLovin,JP,Rewarded,20341,366,139.97,8.6341,0.797
2026-02-06,AppLovin,JP,Native,34221,712,102.4,3.8728,0.7726
2026-02-06,ironSource,US,Banner,90607,1684,209.69,2.5714,0.9
2026-02-06,ironSource,US,Interstitial,19109,310,135.86,7.7576,0.9165
2026-02-06,ironSource,US,Rewarded,31462,593,328.31,12.4216,0.8401
2026-02-06,ironSource,US,Native,52606,889,260.87,6.2228,0.7969
2026-02-06,ironSource,IN,Banner,167530,3236,28.57,0.2294,0.7432
2026-02-06,ironSource,IN,Interstitial,31362,579,18.85,0.7947,0.7562
2026-02-06,ironSource,IN,Rewarded,45340,931,35.49,1.0945,0.7151
2026-02-06,ironSource,IN,Native,76386,1508,29.63,0.583,0.6655
2026-02-06,ironSource,BR,Banner,60203,1102,19.23,0.3698,0.8636
2026-02-06,ironSource,BR,Interstitial,10706,246,9.8,1.1176,0.8188
2026-02-06,ironSource,BR,Rewarded,17511,396,23.1,1.681,0.7846
2026-02-06,ironSource,BR,Native,33425,538,21.47,0.8579,0.7486
2026-02-06,ironSource,ID,Banner,70573,1168,8.58,0.1653,0.7353
2026-02-06,ironSource,ID,Interstitial,15982,366,6.4,0.5967,0.6711
2026-02-06,ironSource,ID,Rewarded,21627,351,12.58,0.8734,0.6658
2026-02-06,ironSource,ID,Native,42075,968,12.0,0.4466,0.6385
2026-02-06,ironSource,DE,Banner,37832,683,54.74,1.6785,0.862
2026-02-06,ironSource,DE,Interstitial,7026,131,33.01,5.2967,0.8871
2026-02-06,ironSource,DE,Rewarded,12222,290,80.25,8.1401,0.8067
2026-02-06,ironSource,DE,Native,18776,309,56.25,3.948,0.7589
2026-02-06,ironSource,JP,Banner,49839,825,80.53,1.9128,0.8447
2026-02-06,ironSource,JP,Interstitial,8960,183,48.38,6.3173,0.8547
2026-02-06,ironSource,JP,Rewarded,14857,334,117.17,9.699,0.8131
2026-02-06,ironSource,JP,Native,27349,626,88.0,4.3199,0.7449
2026-02-07,AdMob,US,Banner,324243,7674,657.37,2.3071,0.8787
2026-02-07,AdMob,US,Interstitial,53656,909,423.61,9.1347,0.8643
2026-02-07,AdMob,US,Rewarded,75393,1500,722.71,11.8741,0.8073
2026-02-07,AdMob,US,Native,152439,3070,773.73,6.5288,0.7774
2026-02-07,AdMob,IN,Banner,463010,7440,87.51,0.2419,0.7814
2026-02-07,AdMob,IN,Interstitial,78247,1693,40.95,0.7356,0.7115
2026-02-07,AdMob,IN,Rewarded,125783,2994,119.22,1.2947,0.7321
2026-02-07,AdMob,IN,Native,260296,4530,92.32,0.5345,0.6636
2026-02-07,AdMob,BR,Banner,188346,3666,64.29,0.388,0.8799
2026-02-07,AdMob,BR,Interstitial,37177,818,31.6,1.1034,0.7704
2026-02-07,AdMob,BR,Rewarded,50591,1155,73.48,1.9784,0.7342
2026-02-07,AdMob,BR,Native,85732,1999,57.19,0.895,0.7454
2026-02-07,AdMob,ID,Banner,216051,3598,29.46,0.1962,0.6949
2026-02-07,AdMob,ID,Interstitial,45056,1019,19.65,0.6394,0.6822
2026-02-07,AdMob,ID,Rewarded,73754,1215,42.33,0.8477,0.6771
2026-02-07,AdMob,ID,Native,128740,2494,31.8,0.4036,0.612
2026-02-07,AdMob,DE,Banner,103678,1827,145.0,1.6032,0.8724
2026-02-07,AdMob,DE,Interstitial,20840,428,100.7,5.4879,0.8805
2026-02-07,AdMob,DE,Rewarded,38569,823,269.79,8.4753,0.8253
2026-02-07,AdMob,DE,Native,56628,1295,165.65,3.9958,0.7321
2026-02-07,AdMob,JP,Banner,155730,2507,240.38,1.7083,0.9036
2026-02-07,AdMob,JP,Interstitial,26311,580,123.87,5.4782,0.8594
2026-02-07,AdMob,JP,Rewarded,47182,1020,303.02,8.1081,0.7921
2026-02-07,AdMob,JP,Native,64444,1124,199.85,4.3258,0.7169
2026-02-07,Unity,US,Banner,199788,3492,465.99,2.6283,0.8874
2026-02-07,Unity,US,Interstitial,36681,702,251.2,8.0558,0.8501
2026-02-07,Unity,US,Rewarded,63160,1373,676.69,12.592,0.8509
2026-02-07,Unity,US,Native,89350,1486,392.52,5.4131,0.8116
2026-02-07,Unity,IN,Banner,288029,5950,49.39,0.2171,0.79
2026-02-07,Unity,IN,Interstitial,73806,1400,46.72,0.8619,0.7344
2026-02-07,Unity,IN,Rewarded,90712,1547,68.53,1.1166,0.6766
2026-02-07,Unity,IN,Native,142361,3372,49.14,0.5309,0.6502
2026-02-07,Unity,BR,Banner,123592,2429,40.98,0.3951,0.8392
2026-02-07,Unity,BR,Interstitial,22879,539,20.02,1.1239,0.7787
2026-02-07,Unity,BR,Rewarded,41515,804,50.15,1.6362,0.7383
2026-02-07,Unity,BR,Native,54693,1074,31.09,0.8171,0.6957
2026-02-07,Unity,ID,Banner,149972,2913,18.1,0.1747,0.6908
2026-02-07,Unity,ID,Interstitial,36868,838,15.16,0.5795,0.7097
2026-02-07,Unity,ID,Rewarded,54850,1253,34.38,0.9522,0.6583
2026-02-07,Unity,ID,Native,70251,1556,18.8,0.4169,0.6419
2026-02-07,Unity,DE,Banner,91659,1984,149.11,1.7423,0.9337
2026-02-07,Unity,DE,Interstitial,17358,392,85.48,5.5255,0.8913
2026-02-07,Unity,DE,Rewarded,26641,433,180.59,8.5355,0.7942
2026-02-07,Unity,DE,Native,45510,782,133.59,3.9163,0.7496
2026-02-07,Unity,JP,Banner,110572,2339,192.81,1.9211,0.9077
2026-02-07,Unity,JP,Interstitial,19316,437,88.52,5.7649,0.7949
2026-02-07,Unity,JP,Rewarded,26451,534,193.55,9.2354,0.7923
2026-02-07,Unity,JP,Native,56753,931,166.01,3.8066,0.7684
2026-02-07,AppLovin,US,Banner,123832,2763,273.92,2.5142,0.8798
2026-02-07,AppLovin,US,Interstitial,29004,606,186.21,7.6994,0.8338
2026-02-07,AppLovin,US,Rewarded,47085,1054,493.57,12.5914,0.8325
2026-02-07,AppLovin,US,Native,74257,1561,330.18,5.6225,0.7908
2026-02-07,AppLovin,IN,Banner,246153,4326,49.41,0.2458,0.8166
2026-02-07,AppLovin,IN,Interstitial,52225,877,31.73,0.8061,0.7537
2026-02-07,AppLovin,IN,Rewarded,66527,1085,60.28,1.2647,0.7165
2026-02-07,AppLovin,IN,Native,116607,2702,41.7,0.5139,0.6959
2026-02-07,AppLovin,BR,Banner,73857,1390,25.24,0.3858,0.8857
2026-02-07,AppLovin,BR,Interstitial,18385,344,17.88,1.1861,0.82
2026-02-07,AppLovin,BR,Rewarded,24497,554,32.05,1.7728,0.7379
2026-02-07,AppLovin,BR,Native,41167,822,25.45,0.8232,0.751
2026-02-07,AppLovin,ID,Banner,116526,2022,17.12,0.1964,0.7478
2026-02-07,AppLovin,ID,Interstitial,22815,432,10.12,0.6566,0.6753
2026-02-07,AppLovin,ID,Rewarded,31343,694,17.27,0.8306,0.6636
2026-02-07,AppLovin,ID,Native,65590,1070,17.32,0.443,0.5963
2026-02-07,AppLovin,DE,Banner,65873,1531,92.92,1.5973,0.8831
2026-02-07,AppLovin,DE,Interstitial,11793,282,54.33,5.1864,0.8883
2026-02-07,AppLovin,DE,Rewarded,15111,305,107.11,8.8477,0.8011
2026-02-07,AppLovin,DE,Native,32327,572,101.75,4.2145,0.7468
2026-02-07,AppLovin,JP,Banner,62829,1212,95.85,1.8222,0.8372
2026-02-07,AppLovin,JP,Interstitial,12535,284,58.85,5.8863,0.7975
2026-02-07,AppLovin,JP,Rewarded,19684,432,140.5,8.691,0.8213
2026-02-07,AppLovin,JP,Native,32908,629,96.57,3.8404,0.7641
2026-02-07,ironSource,US,Banner,124179,2435,283.7,2.5221,0.9058
2026-02-07,ironSource,US,Interstitial,24715,499,189.45,9.1838,0.8346
2026-02-07,ironSource,US,Rewarded,29664,560,323.17,12.6694,0.8599
2026-02-07,ironSource,US,Native,64959,1432,323.61,6.1054,0.816
2026-02-07,ironSource,IN,Banner,162109,2814,28.41,0.2271,0.7717
2026-02-07,ironSource,IN,Interstitial,36743,715,22.64,0.7954,0.7748
2026-02-07,ironSource,IN,Rewarded,59929,1058,57.02,1.3061,0.7285
2026-02-07,ironSource,IN,Native,91890,1735,32.75,0.5429,0.6564
2026-02-07,ironSource,BR,Banner,75755,1807,23.01,0.3566,0.852
2026-02-07,ironSource,BR,Interstitial,11978,206,11.9,1.1971,0.8296
2026-02-07,ironSource,BR,Rewarded,21392,398,28.95,1.7062,0.7931
2026-02-07,ironSource,BR,Native,32730,598,19.61,0.8565,0.6996
2026-02-07,ironSource,ID,Banner,89699,1865,11.31,0.1747,0.7218
2026-02-07,ironSource,ID,Interstitial,18768,319,7.79,0.6185,0.6709
2026-02-07,ironSource,ID,Rewarded,29759,573,18.12,0.9631,0.6323
2026-02-07,ironSource,ID,Native,45980,750,12.09,0.4228,0.6218
2026-02-07,ironSource,DE,Banner,49056,1109,66.26,1.5055,0.8971
2026-02-07,ironSource,DE,Interstitial,9065,209,41.56,5.114,0.8965
2026-02-07,ironSource,DE,Rewarded,14923,351,94.86,8.104,0.7844
2026-02-07,ironSource,DE,Native,23223,433,72.06,4.1213,0.7529
2026-02-07,ironSource,JP,Banner,65875,1169,101.04,1.8079,0.8484
2026-02-07,ironSource,JP,Interstitial,11437,221,51.92,5.451,0.8329
2026-02-07,ironSource,JP,Rewarded,18695,326,135.64,8.7389,0.8302
2026-02-07,ironSource,JP,Native,29534,707,87.16,3.8553,0.7655
2026-02-08,AdMob,US,Banner,315025,7144,746.14,2.5784,0.9186
2026-02-08,AdMob,US,Interstitial,65020,1555,524.81,9.3317,0.865
2026-02-08,AdMob,US,Rewarded,77347,1405,744.4,12.1216,0.794
2026-02-08,AdMob,US,Native,155304,3268,795.2,6.37,0.8038
2026-02-08,AdMob,IN,Banner,461927,10499,89.1,0.25,0.7715
2026-02-08,AdMob,IN,Interstitial,96890,2236,59.92,0.8316,0.7437
2026-02-08,AdMob,IN,Rewarded,127733,2547,107.96,1.1715,0.7215
2026-02-08,AdMob,IN,Native,256855,5935,91.23,0.5428,0.6543
2026-02-08,AdMob,BR,Banner,170656,3108,51.51,0.3612,0.8358
2026-02-08,AdMob,BR,Interstitial,36114,802,33.56,1.1088,0.8381
2026-02-08,AdMob,BR,Rewarded,46948,820,67.85,1.8698,0.7729
2026-02-08,AdMob,BR,Native,80381,1696,48.85,0.8247,0.7369
2026-02-08,AdMob,ID,Banner,232224,4863,32.53,0.1897,0.7386
2026-02-08,AdMob,ID,Interstitial,49960,1045,20.58,0.5801,0.7101
2026-02-08,AdMob,ID,Rewarded,75672,1539,43.29,0.9083,0.6298
2026-02-08,AdMob,ID,Native,110553,2508,29.47,0.4366,0.6105
2026-02-08,AdMob,DE,Banner,121143,2892,181.26,1.7109,0.8745
2026-02-08,AdMob,DE,Interstitial,25357,514,123.99,5.8179,0.8405
2026-02-08,AdMob,DE,Rewarded,30744,627,199.7,8.3135,0.7813
2026-02-08,AdMob,DE,Native,60065,1381,173.0,3.7655,0.7649
2026-02-08,AdMob,JP,Banner,126869,2067,205.68,1.905,0.851
2026-02-08,AdMob,JP,Interstitial,26038,598,136.23,6.3181,0.8281
2026-02-08,AdMob,JP,Rewarded,43444,733,286.15,8.1401,0.8092
2026-02-08,AdMob,JP,Native,78114,1725,225.57,3.9212,0.7364
2026-02-08,Unity,US,Banner,228674,4007,539.89,2.4844,0.9503
2026-02-08,Unity,US,Interstitial,43959,809,326.51,8.7677,0.8471
2026-02-08,Unity,US,Rewarded,53705,1135,537.28,12.4516,0.8035
2026-02-08,Unity,US,Native,115552,2379,487.16,5.3693,0.7852
2026-02-08,Unity,IN,Banner,362012,7158,68.15,0.2403,0.7834
2026-02-08,Unity,IN,Interstitial,59935,984,32.08,0.729,0.7342
2026-02-08,Unity,IN,Rewarded,98063,1674,79.69,1.1538,0.7044
2026-02-08,Unity,IN,Native,181896,3410,70.6,0.6042,0.6424
2026-02-08,Unity,BR,Banner,124861,2248,34.61,0.3309,0.8376
2026-02-08,Unity,BR,Interstitial,27160,547,28.4,1.2846,0.8139
2026-02-08,Unity,BR,Rewarded,40905,695,64.07,1.9557,0.8009
2026-02-08,Unity,BR,Native,54226,875,34.21,0.8697,0.7255
2026-02-08,Unity,ID,Banner,139843,2637,20.25,0.194,0.7466
2026-02-08,Unity,ID,Interstitial,35977,698,15.5,0.6112,0.7049
2026-02-08,Unity,ID,Rewarded,42698,871,24.47,0.8881,0.6452
2026-02-08,Unity,ID,Native,70974,1248,19.52,0.4613,0.5963
2026-02-08,Unity,DE,Banner,81147,1799,120.67,1.6623,0.8946
2026-02-08,Unity,DE,Interstitial,16180,262,79.5,5.6207,0.8741
2026-02-08,Unity,DE,Rewarded,24661,474,168.9,8.8839,0.7709
2026-02-08,Unity,DE,Native,45396,1082,129.24,3.7369,0.7618
2026-02-08,Unity,JP,Banner,91548,2100,137.16,1.6435,0.9116
2026-02-08,Unity,JP,Interstitial,19956,437,103.75,6.017,0.8641
2026-02-08,Unity,JP,Rewarded,28060,641,180.32,8.1304,0.7904
2026-02-08,Unity,JP,Native,56287,1161,200.29,4.5832,0.7764
2026-02-08,AppLovin,US,Banner,141361,2870,358.25,2.6902,0.9421
2026-02-08,AppLovin,US,Interstitial,25190,476,202.18,9.2243,0.8701
2026-02-08,AppLovin,US,Rewarded,44801,1016,475.25,13.1933,0.804
2026-02-08,AppLovin,US,Native,67345,1471,290.96,5.5772,0.7747
2026-02-08,AppLovin,IN,Banner,262116,4488,54.4,0.2548,0.8143
2026-02-08,AppLovin,IN,Interstitial,40082,906,23.53,0.8092,0.7255
2026-02-08,AppLovin,IN,Rewarded,72560,1442,65.24,1.313,0.6848
2026-02-08,AppLovin,IN,Native,115042,2248,40.85,0.5308,0.669
2026-02-08,AppLovin,BR,Banner,84871,1712,24.04,0.3501,0.8089
2026-02-08,AppLovin,BR,Interstitial,16397,298,14.03,1.0803,0.792
2026-02-08,AppLovin,BR,Rewarded,25047,539,31.97,1.6675,0.7656
2026-02-08,AppLovin,BR,Native,44809,903,28.71,0.891,0.719
2026-02-08,AppLovin,ID,Banner,125708,2448,16.38,0.1774,0.7345
2026-02-08,AppLovin,ID,Interstitial,22432,419,9.37,0.6312,0.6618
2026-02-08,AppLovin,ID,Rewarded,31645,653,17.45,0.8746,0.6305
2026-02-08,AppLovin,ID,Native,62643,1497,16.79,0.4441,0.6037
2026-02-08,AppLovin,DE,Banner,59118,1291,88.91,1.6168,0.9302
2026-02-08,AppLovin,DE,Interstitial,12359,282,54.41,5.1658,0.8523
2026-02-08,AppLovin,DE,Rewarded,17270,392,120.69,8.5527,0.8171
2026-02-08,AppLovin,DE,Native,26891,578,77.37,3.9081,0.7362
2026-02-08,AppLovin,JP,Banner,76876,1485,112.58,1.6354,0.8955
2026-02-08,AppLovin,JP,Interstitial,12753,246,61.02,5.9039,0.8104
2026-02-08,AppLovin,JP,Rewarded,20814,434,159.7,9.4291,0.8137
2026-02-08,AppLovin,JP,Native,30791,501,107.03,4.5621,0.7619
2026-02-08,ironSource,US,Banner,125999,2486,280.08,2.3971,0.9273
2026-02-08,ironSource,US,Interstitial,22446,372,178.62,9.1625,0.8685
2026-02-08,ironSource,US,Rewarded,39122,772,456.01,13.8224,0.8433
2026-02-08,ironSource,US,Native,50476,835,237.97,6.296,0.7488
2026-02-08,ironSource,IN,Banner,186063,3606,30.87,0.2237,0.7416
2026-02-08,ironSource,IN,Interstitial,32794,578,17.35,0.7457,0.7096
2026-02-08,ironSource,IN,Rewarded,58768,1178,52.32,1.2741,0.6987
2026-02-08,ironSource,IN,Native,79101,1609,26.19,0.5118,0.6469
2026-02-08,ironSource,BR,Banner,73958,1253,22.86,0.3676,0.8408
2026-02-08,ironSource,BR,Interstitial,14962,300,14.44,1.1673,0.8266
2026-02-08,ironSource,BR,Rewarded,22182,449,34.42,1.9466,0.7972
2026-02-08,ironSource,BR,Native,34619,680,20.9,0.8006,0.754
2026-02-08,ironSource,ID,Banner,81721,1636,10.06,0.1776,0.6931
2026-02-08,ironSource,ID,Interstitial,18738,441,7.12,0.5805,0.6547
2026-02-08,ironSource,ID,Rewarded,29863,659,18.35,0.961,0.6394
2026-02-08,ironSource,ID,Native,45798,859,10.65,0.3949,0.589
2026-02-08,ironSource,DE,Banner,40998,800,63.93,1.8144,0.8594
2026-02-08,ironSource,DE,Interstitial,9067,155,41.23,5.2807,0.8611
2026-02-08,ironSource,DE,Rewarded,14975,325,97.6,7.9735,0.8174
2026-02-08,ironSource,DE,Native,25684,490,81.6,4.1086,0.7733
2026-02-08,ironSource,JP,Banner,57555,968,99.69,1.8967,0.9132
2026-02-08,ironSource,JP,Interstitial,11102,207,58.36,6.3313,0.8303
2026-02-08,ironSource,JP,Rewarded,16791,334,128.25,9.1851,0.8316
2026-02-08,ironSource,JP,Native,26235,537,73.34,3.9168,0.7138
2026-02-09,AdMob,US,Banner,253342,5555,570.23,2.3997,0.938
2026-02-09,AdMob,US,Interstitial,46386,881,350.23,8.235,0.9169
2026-02-09,AdMob,US,Rewarded,80868,1791,870.46,12.6294,0.8523
2026-02-09,AdMob,US,Native,131290,2709,682.96,6.3722,0.8163
2026-02-09,AdMob,IN,Banner,368496,7814,69.33,0.2351,0.8001
2026-02-09,AdMob,IN,Interstitial,72267,1301,39.71,0.7282,0.7546
2026-02-09,AdMob,IN,Rewarded,119988,1999,106.73,1.2592,0.7064
2026-02-09,AdMob,IN,Native,181134,3717,61.94,0.5286,0.6469
2026-02-09,AdMob,BR,Banner,150178,2608,41.36,0.3386,0.8132
2026-02-09,AdMob,BR,Interstitial,34359,783,34.3,1.1925,0.8372
2026-02-09,AdMob,BR,Rewarded,45155,971,62.76,1.8744,0.7415
2026-02-09,AdMob,BR,Native,69878,1550,43.34,0.8958,0.6924
2026-02-09,AdMob,ID,Banner,175996,3737,24.07,0.1937,0.7059
2026-02-09,AdMob,ID,Interstitial,39850,939,16.15,0.584,0.6939
2026-02-09,AdMob,ID,Rewarded,51742,1162,33.06,0.9754,0.6551
2026-02-09,AdMob,ID,Native,96516,1864,25.58,0.4176,0.6346
2026-02-09,AdMob,DE,Banner,101039,2135,131.01,1.4917,0.8693
2026-02-09,AdMob,DE,Interstitial,21301,416,98.19,5.5909,0.8245
2026-02-09,AdMob,DE,Rewarded,28695,637,198.68,8.2428,0.84
2026-02-09,AdMob,DE,Native,43759,960,138.55,4.1505,0.7628
2026-02-09,AdMob,JP,Banner,111501,2175,177.83,1.8615,0.8568
2026-02-09,AdMob,JP,Interstitial,21376,383,95.68,5.5819,0.8019
2026-02-09,AdMob,JP,Rewarded,33000,691,232.75,9.3454,0.7547
2026-02-09,AdMob,JP,Native,55763,992,199.04,4.5739,0.7804
2026-02-09,Unity,US,Banner,181007,3653,401.16,2.3093,0.9597
2026-02-09,Unity,US,Interstitial,30203,578,208.11,8.2322,0.837
2026-02-09,Unity,US,Rewarded,55176,935,572.25,12.6732,0.8184
2026-02-09,Unity,US,Native,80804,1380,356.54,5.4742,0.806
2026-02-09,Unity,IN,Banner,288011,6081,50.79,0.2325,0.7586
2026-02-09,Unity,IN,Interstitial,55277,1101,32.41,0.784,0.7479
2026-02-09,Unity,IN,Rewarded,79047,1281,68.52,1.2142,0.7139
2026-02-09,Unity,IN,Native,138566,2838,45.43,0.5105,0.6422
2026-02-09,Unity,BR,Banner,116534,2255,36.74,0.3876,0.8134
2026-02-09,Unity,BR,Interstitial,21522,472,19.9,1.1153,0.8289
2026-02-09,Unity,BR,Rewarded,35311,798,42.6,1.6231,0.7433
2026-02-09,Unity,BR,Native,55186,1146,34.53,0.9063,0.6905
2026-02-09,Unity,ID,Banner,142899,2983,16.82,0.1633,0.721
2026-02-09,Unity,ID,Interstitial,25406,501,10.09,0.5728,0.6936
2026-02-09,Unity,ID,Rewarded,46510,1110,25.66,0.8716,0.6329
2026-02-09,Unity,ID,Native,78633,1327,18.8,0.3804,0.6286
2026-02-09,Unity,DE,Banner,60077,1355,83.21,1.5753,0.8792
2026-02-09,Unity,DE,Interstitial,14884,287,78.36,6.0298,0.8731
2026-02-09,Unity,DE,Rewarded,22253,491,167.0,9.0741,0.827
2026-02-09,Unity,DE,Native,39602,903,109.83,3.5525,0.7807
2026-02-09,Unity,JP,Banner,99427,2132,148.45,1.6959,0.8803
2026-02-09,Unity,JP,Interstitial,16174,301,80.75,6.1206,0.8157
2026-02-09,Unity,JP,Rewarded,25789,514,183.96,9.0525,0.788
2026-02-09,Unity,JP,Native,41106,722,114.88,3.9135,0.7141
2026-02-09,AppLovin,US,Banner,128072,2160,307.14,2.6959,0.8896
2026-02-09,AppLovin,US,Interstitial,26869,583,200.49,8.1688,0.9135
2026-02-09,AppLovin,US,Rewarded,35551,591,360.37,12.2133,0.83
2026-02-09,AppLovin,US,Native,55331,1112,247.37,5.5643,0.8035
2026-02-09,AppLovin,IN,Banner,170634,3427,32.8,0.2483,0.774
2026-02-09,AppLovin,IN,Interstitial,36569,606,22.95,0.8083,0.7765
2026-02-09,AppLovin,IN,Rewarded,56110,1067,43.71,1.1383,0.6843
2026-02-09,AppLovin,IN,Native,109543,2228,42.72,0.6062,0.6433
2026-02-09,AppLovin,BR,Banner,78080,1369,23.84,0.3616,0.8444
2026-02-09,AppLovin,BR,Interstitial,14946,330,14.62,1.1763,0.8314
2026-02-09,AppLovin,BR,Rewarded,20029,406,26.34,1.6519,0.7962
2026-02-09,AppLovin,BR,Native,41525,843,23.04,0.7658,0.7244
2026-02-09,AppLovin,ID,Banner,110821,2133,12.86,0.1655,0.7013
2026-02-09,AppLovin,ID,Interstitial,22195,525,10.4,0.6527,0.7177
2026-02-09,AppLovin,ID,Rewarded,25553,480,13.08,0.8186,0.6252
2026-02-09,AppLovin,ID,Native,54948,1151,14.76,0.453,0.5928
2026-02-09,AppLovin,DE,Banner,56260,1106,79.65,1.638,0.8643
2026-02-09,AppLovin,DE,Interstitial,9627,155,45.69,5.5854,0.8498
2026-02-09,AppLovin,DE,Rewarded,17222,407,115.78,8.3218,0.8079
2026-02-09,AppLovin,DE,Native,22418,405,63.83,3.6107,0.7886
2026-02-09,AppLovin,JP,Banner,68110,1371,98.15,1.7178,0.8389
2026-02-09,AppLovin,JP,Interstitial,11362,265,60.78,6.3094,0.8478
2026-02-09,AppLovin,JP,Rewarded,20341,429,139.81,8.4254,0.8158
2026-02-09,AppLovin,JP,Native,32833,647,110.81,4.4791,0.7535
2026-02-09,ironSource,US,Banner,104099,2179,226.91,2.447,0.8908
2026-02-09,ironSource,US,Interstitial,18403,384,118.97,7.7859,0.8303
2026-02-09,ironSource,US,Rewarded,28759,571,314.95,13.3934,0.8177
2026-02-09,ironSource,US,Native,48606,1152,229.62,6.1292,0.7708
2026-02-09,ironSource,IN,Banner,180935,3545,37.75,0.2567,0.8128
2026-02-09,ironSource,IN,Interstitial,32349,748,20.5,0.8387,0.7555
2026-02-09,ironSource,IN,Rewarded,51115,1158,46.63,1.3195,0.6914
2026-02-09,ironSource,IN,Native,84743,1888,32.1,0.5814,0.6515
2026-02-09,ironSource,BR,Banner,67206,1286,19.65,0.3397,0.8607
2026-02-09,ironSource,BR,Interstitial,13762,262,12.92,1.1949,0.7856
2026-02-09,ironSource,BR,Rewarded,18830,441,23.98,1.6474,0.7729
2026-02-09,ironSource,BR,Native,33153,715,19.29,0.7674,0.7581
2026-02-09,ironSource,ID,Banner,71894,1632,8.13,0.1624,0.6963
2026-02-09,ironSource,ID,Interstitial,13703,283,5.46,0.568,0.7016
2026-02-09,ironSource,ID,Rewarded,26035,602,15.22,0.9443,0.6189
2026-02-09,ironSource,ID,Native,36724,637,9.68,0.4245,0.6208
2026-02-09,ironSource,DE,Banner,45714,1074,64.73,1.6461,0.8602
2026-02-09,ironSource,DE,Interstitial,8207,186,40.23,5.7191,0.8572
2026-02-09,ironSource,DE,Rewarded,10319,171,65.56,7.8678,0.8075
2026-02-09,ironSource,DE,Native,21235,340,59.82,3.7681,0.7476
2026-02-09,ironSource,JP,Banner,53297,1093,89.11,1.9202,0.8708
2026-02-09,ironSource,JP,Interstitial,9183,182,44.89,6.1466,0.7952
2026-02-09,ironSource,JP,Rewarded,15648,346,119.43,9.7527,0.7826
2026-02-09,ironSource,JP,Native,25732,477,86.85,4.5587,0.7404
2026-02-10,AdMob,US,Banner,279035,4648,573.94,2.3201,0.8865
2026-02-10,AdMob,US,Interstitial,55146,1081,382.95,7.668,0.9056
2026-02-10,AdMob,US,Rewarded,63840,1340,640.01,12.4992,0.8021
2026-02-10,AdMob,US,Native,131725,2799,583.28,5.9352,0.7461
2026-02-10,AdMob,IN,Banner,441044,7764,89.05,0.2506,0.8057
2026-02-10,AdMob,IN,Interstitial,89333,2032,48.59,0.7716,0.7049
2026-02-10,AdMob,IN,Rewarded,135905,2448,114.88,1.2373,0.6831
2026-02-10,AdMob,IN,Native,197995,4476,76.58,0.6046,0.6398
2026-02-10,AdMob,BR,Banner,140608,2730,47.6,0.3822,0.8857
2026-02-10,AdMob,BR,Interstitial,28785,618,29.67,1.2725,0.8099
2026-02-10,AdMob,BR,Rewarded,46658,819,61.85,1.675,0.7914
2026-02-10,AdMob,BR,Native,84726,1548,50.0,0.7981,0.7394
2026-02-10,AdMob,ID,Banner,189067,3867,24.16,0.1732,0.7378
2026-02-10,AdMob,ID,Interstitial,44595,982,17.93,0.5769,0.6971
2026-02-10,AdMob,ID,Rewarded,53726,1012,30.66,0.8821,0.6469
2026-02-10,AdMob,ID,Native,94663,2051,24.52,0.4357,0.5946
2026-02-10,AdMob,DE,Banner,113051,1871,171.96,1.6715,0.91
2026-02-10,AdMob,DE,Interstitial,22186,528,101.0,5.264,0.8648
2026-02-10,AdMob,DE,Rewarded,30859,508,214.3,8.6208,0.8056
2026-02-10,AdMob,DE,Native,54463,881,148.41,3.4919,0.7804
2026-02-10,AdMob,JP,Banner,138586,2879,204.78,1.6767,0.8813
2026-02-10,AdMob,JP,Interstitial,24681,456,119.47,5.8089,0.8333
2026-02-10,AdMob,JP,Rewarded,36803,658,256.62,8.746,0.7972
2026-02-10,AdMob,JP,Native,71662,1420,218.29,4.2007,0.7251
2026-02-10,Unity,US,Banner,194236,3959,419.5,2.3061,0.9365
2026-02-10,Unity,US,Interstitial,31530,578,245.84,9.0397,0.8625
2026-02-10,Unity,US,Rewarded,57667,1213,650.57,13.1032,0.861
2026-02-10,Unity,US,Native,93821,2083,445.17,6.3504,0.7472
2026-02-10,Unity,IN,Banner,289551,4823,49.58,0.2193,0.7807
2026-02-10,Unity,IN,Interstitial,59963,1047,37.5,0.8074,0.7746
2026-02-10,Unity,IN,Rewarded,86672,1887,69.59,1.1308,0.71
2026-02-10,Unity,IN,Native,149336,2481,61.02,0.5953,0.6864
2026-02-10,Unity,BR,Banner,100062,1753,31.76,0.3735,0.8499
2026-02-10,Unity,BR,Interstitial,21332,479,20.06,1.1778,0.7986
2026-02-10,Unity,BR,Rewarded,30626,699,36.49,1.6295,0.7312
2026-02-10,Unity,BR,Native,59754,1404,37.12,0.8717,0.7127
2026-02-10,Unity,ID,Banner,146837,2794,20.88,0.1924,0.7391
2026-02-10,Unity,ID,Interstitial,27821,618,10.48,0.5623,0.6698
2026-02-10,Unity,ID,Rewarded,46964,783,28.52,0.9404,0.6457
2026-02-10,Unity,ID,Native,60695,1266,15.15,0.4094,0.6098
2026-02-10,Unity,DE,Banner,59636,1358,95.91,1.8116,0.8878
2026-02-10,Unity,DE,Interstitial,14146,306,63.44,5.0935,0.8804
2026-02-10,Unity,DE,Rewarded,21172,449,136.04,8.274,0.7766
2026-02-10,Unity,DE,Native,39318,912,103.86,3.5368,0.7469
2026-02-10,Unity,JP,Banner,81839,1699,134.09,1.8554,0.8831
2026-02-10,Unity,JP,Interstitial,17057,374,78.43,5.76,0.7983
2026-02-10,Unity,JP,Rewarded,28187,505,210.76,9.3073,0.8034
2026-02-10,Unity,JP,Native,37480,691,124.91,4.4593,0.7473
2026-02-10,AppLovin,US,Banner,110072,2469,232.08,2.327,0.9061
2026-02-10,AppLovin,US,Interstitial,28140,654,235.12,9.1745,0.9107
2026-02-10,AppLovin,US,Rewarded,37806,669,387.95,12.0345,0.8527
2026-02-10,AppLovin,US,Native,58135,1079,256.45,5.6326,0.7832
2026-02-10,AppLovin,IN,Banner,179249,3686,34.48,0.2378,0.8092
2026-02-10,AppLovin,IN,Interstitial,44540,917,23.97,0.7513,0.7163
2026-02-10,AppLovin,IN,Rewarded,59339,1306,53.11,1.2384,0.7227
2026-02-10,AppLovin,IN,Native,113267,2311,39.99,0.5486,0.6435
2026-02-10,AppLovin,BR,Banner,66241,1270,18.85,0.3448,0.8252
2026-02-10,AppLovin,BR,Interstitial,13250,276,11.82,1.0876,0.8202
2026-02-10,AppLovin,BR,Rewarded,23906,438,32.66,1.8577,0.7355
2026-02-10,AppLovin,BR,Native,33332,587,22.15,0.8976,0.7403
2026-02-10,AppLovin,ID,Banner,95239,2134,13.62,0.1968,0.7268
2026-02-10,AppLovin,ID,Interstitial,18587,399,7.39,0.5652,0.7034
2026-02-10,AppLovin,ID,Rewarded,31628,692,18.76,0.9095,0.6521
2026-02-10,AppLovin,ID,Native,46550,859,12.04,0.4076,0.6347
2026-02-10,AppLovin,DE,Banner,50694,987,82.25,1.7169,0.945
2026-02-10,AppLovin,DE,Interstitial,9784,213,50.66,5.8768,0.8811
2026-02-10,AppLovin,DE,Rewarded,14834,341,96.68,7.9595,0.8188
2026-02-10,AppLovin,DE,Native,27878,549,75.14,3.5485,0.7595
2026-02-10,AppLovin,JP,Banner,71455,1158,116.13,1.8641,0.8718
2026-02-10,AppLovin,JP,Interstitial,12745,280,60.73,5.5153,0.864
2026-02-10,AppLovin,JP,Rewarded,18527,339,135.36,8.8726,0.8235
2026-02-10,AppLovin,JP,Native,28897,652,101.81,4.5689,0.7711
2026-02-10,ironSource,US,Banner,90855,1625,188.56,2.3681,0.8764
2026-02-10,ironSource,US,Interstitial,21645,389,155.93,8.0581,0.894
2026-02-10,ironSource,US,Rewarded,29057,552,327.81,13.9821,0.8069
2026-02-10,ironSource,US,Native,47016,894,201.48,5.4855,0.7812
2026-02-10,ironSource,IN,Banner,169354,2753,33.87,0.2552,0.7835
2026-02-10,ironSource,IN,Interstitial,33141,711,18.11,0.7289,0.7496
2026-02-10,ironSource,IN,Rewarded,43647,982,40.72,1.2766,0.7309
2026-02-10,ironSource,IN,Native,75322,1398,29.63,0.5697,0.6905
2026-02-10,ironSource,BR,Banner,65760,1451,17.25,0.3247,0.8078
2026-02-10,ironSource,BR,Interstitial,12941,219,13.83,1.2694,0.8422
2026-02-10,ironSource,BR,Rewarded,16552,355,23.84,1.9453,0.7403
2026-02-10,ironSource,BR,Native,30274,610,16.48,0.77,0.707
2026-02-10,ironSource,ID,Banner,88456,1766,12.09,0.1875,0.7288
2026-02-10,ironSource,ID,Interstitial,15033,243,5.65,0.5543,0.6778
2026-02-10,ironSource,ID,Rewarded,21919,358,12.51,0.8878,0.6427
2026-02-10,ironSource,ID,Native,41068,966,10.21,0.4242,0.5862
2026-02-10,ironSource,DE,Banner,35192,811,53.17,1.7671,0.855
2026-02-10,ironSource,DE,Interstitial,6847,149,33.39,5.7836,0.8432
2026-02-10,ironSource,DE,Rewarded,11646,192,73.05,7.542,0.8317
2026-02-10,ironSource,DE,Native,22532,490,60.28,3.5043,0.7634
2026-02-10,ironSource,JP,Banner,48398,1078,74.2,1.6982,0.9028
2026-02-10,ironSource,JP,Interstitial,11268,213,55.15,5.8514,0.8365
2026-02-10,ironSource,JP,Rewarded,13906,270,102.43,9.4519,0.7793
2026-02-10,ironSource,JP,Native,24277,517,82.83,4.3786,0.7793
2026-02-11,AdMob,US,Banner,247868,4086,622.63,2.6924,0.933
2026-02-11,AdMob,US,Interstitial,43934,993,294.94,7.7145,0.8702
2026-02-11,AdMob,US,Rewarded,70794,1606,759.95,12.4546,0.8619
2026-02-11,AdMob,US,Native,131189,2115,559.65,5.6725,0.7521
2026-02-11,AdMob,IN,Banner,352841,5826,63.64,0.23,0.784
2026-02-11,AdMob,IN,Interstitial,71269,1491,40.08,0.749,0.7508
2026-02-11,AdMob,IN,Rewarded,121827,2043,96.25,1.1401,0.693
2026-02-11,AdMob,IN,Native,183587,3888,77.11,0.6045,0.6948
2026-02-11,AdMob,BR,Banner,168757,4045,50.63,0.3703,0.8103
2026-02-11,AdMob,BR,Interstitial,26390,504,25.85,1.2438,0.7875
2026-02-11,AdMob,BR,Rewarded,46970,877,62.26,1.7771,0.7459
2026-02-11,AdMob,BR,Native,71434,1404,48.75,0.9172,0.7441
2026-02-11,AdMob,ID,Banner,181989,3218,24.19,0.1912,0.6953
2026-02-11,AdMob,ID,Interstitial,38392,651,16.33,0.6456,0.6588
2026-02-11,AdMob,ID,Rewarded,59891,1174,33.6,0.8598,0.6525
2026-02-11,AdMob,ID,Native,98048,2212,22.41,0.3874,0.59
2026-02-11,AdMob,DE,Banner,111576,1832,150.83,1.5624,0.8652
2026-02-11,AdMob,DE,Interstitial,20649,442,100.0,5.7369,0.8441
2026-02-11,AdMob,DE,Rewarded,31916,559,221.76,8.9683,0.7748
2026-02-11,AdMob,DE,Native,43527,896,141.66,4.1334,0.7874
2026-02-11,AdMob,JP,Banner,109387,2240,162.07,1.7184,0.8622
2026-02-11,AdMob,JP,Interstitial,23185,426,108.82,5.4876,0.8553
2026-02-11,AdMob,JP,Rewarded,36964,758,251.24,8.3298,0.816
2026-02-11,AdMob,JP,Native,70029,1620,229.51,4.1962,0.781
2026-02-11,Unity,US,Banner,179014,3387,448.34,2.7713,0.9037
2026-02-11,Unity,US,Interstitial,30227,670,233.63,8.6516,0.8934
2026-02-11,Unity,US,Rewarded,46984,1000,474.62,12.6076,0.8012
2026-02-11,Unity,US,Native,78521,1439,384.25,6.431,0.7609
2026-02-11,Unity,IN,Banner,309476,6176,54.72,0.238,0.7429
2026-02-11,Unity,IN,Interstitial,49020,884,32.16,0.8777,0.7475
2026-02-11,Unity,IN,Rewarded,85605,2003,67.99,1.0984,0.7231
2026-02-11,Unity,IN,Native,155726,2535,55.01,0.5423,0.6514
2026-02-11,Unity,BR,Banner,109769,2553,33.69,0.3625,0.8465
2026-02-11,Unity,BR,Interstitial,18907,336,15.82,1.0823,0.773
2026-02-11,Unity,BR,Rewarded,27089,472,36.63,1.801,0.7508
2026-02-11,Unity,BR,Native,56438,1060,32.83,0.7903,0.7361
2026-02-11,Unity,ID,Banner,140496,2810,18.87,0.1956,0.6867
2026-02-11,Unity,ID,Interstitial,30977,594,12.65,0.6106,0.6687
2026-02-11,Unity,ID,Rewarded,44271,733,26.56,0.9703,0.6183
2026-02-11,Unity,ID,Native,66326,1178,15.76,0.3976,0.5976
2026-02-11,Unity,DE,Banner,63612,1091,91.28,1.5281,0.9391
2026-02-11,Unity,DE,Interstitial,12758,281,59.42,5.2209,0.892
2026-02-11,Unity,DE,Rewarded,22825,439,145.2,7.5979,0.8372
2026-02-11,Unity,DE,Native,32509,722,100.33,3.9083,0.7896
2026-02-11,Unity,JP,Banner,97737,1895,163.67,1.9541,0.857
2026-02-11,Unity,JP,Interstitial,14951,342,77.9,6.4552,0.8071
2026-02-11,Unity,JP,Rewarded,24906,463,164.88,8.7626,0.7555
2026-02-11,Unity,JP,Native,48847,793,137.59,3.8015,0.741
2026-02-11,AppLovin,US,Banner,120159,2766,256.91,2.383,0.8972
2026-02-11,AppLovin,US,Interstitial,24520,420,175.47,8.1155,0.8818
2026-02-11,AppLovin,US,Rewarded,34793,745,360.98,12.8679,0.8063
2026-02-11,AppLovin,US,Native,62340,1055,319.55,6.2737,0.8171
2026-02-11,AppLovin,IN,Banner,190079,4273,33.1,0.2313,0.7528
2026-02-11,AppLovin,IN,Interstitial,43118,710,25.58,0.7975,0.7438
2026-02-11,AppLovin,IN,Rewarded,60999,1105,54.78,1.2699,0.7072
2026-02-11,AppLovin,IN,Native,105026,2090,38.08,0.5445,0.666
2026-02-11,AppLovin,BR,Banner,72326,1160,23.99,0.3758,0.8826
2026-02-11,AppLovin,BR,Interstitial,16951,387,16.79,1.2028,0.8237
2026-02-11,AppLovin,BR,Rewarded,22277,384,31.68,1.9206,0.7403
2026-02-11,AppLovin,BR,Native,39271,830,26.6,0.9022,0.7509
2026-02-11,AppLovin,ID,Banner,100764,1869,13.22,0.1739,0.7546
2026-02-11,AppLovin,ID,Interstitial,21465,411,8.96,0.6038,0.6914
2026-02-11,AppLovin,ID,Rewarded,34183,549,21.11,0.9129,0.6764
2026-02-11,AppLovin,ID,Native,51090,1187,14.04,0.4382,0.627
2026-02-11,AppLovin,DE,Banner,42566,691,56.74,1.4851,0.8975
2026-02-11,AppLovin,DE,Interstitial,11423,188,50.59,5.1943,0.8527
2026-02-11,AppLovin,DE,Rewarded,15099,282,93.99,8.0519,0.7731
2026-02-11,AppLovin,DE,Native,24185,492,75.93,4.2272,0.7427
2026-02-11,AppLovin,JP,Banner,71637,1701,126.03,1.9051,0.9234
2026-02-11,AppLovin,JP,Interstitial,12460,243,62.42,6.2357,0.8034
2026-02-11,AppLovin,JP,Rewarded,20488,450,149.16,9.0096,0.8081
2026-02-11,AppLovin,JP,Native,28938,511,97.35,4.5156,0.745
2026-02-11,ironSource,US,Banner,110962,2261,262.45,2.5081,0.943
2026-02-11,ironSource,US,Interstitial,19291,368,153.48,9.0268,0.8814
2026-02-11,ironSource,US,Rewarded,26486,606,287.71,13.7584,0.7895
2026-02-11,ironSource,US,Native,47899,824,238.75,6.1158,0.815
2026-02-11,ironSource,IN,Banner,163213,3297,33.0,0.2527,0.8001
2026-02-11,ironSource,IN,Interstitial,33197,733,21.4,0.8412,0.7663
2026-02-11,ironSource,IN,Rewarded,45897,743,42.23,1.3192,0.6974
2026-02-11,ironSource,IN,Native,76702,1399,25.36,0.5183,0.6379
2026-02-11,ironSource,BR,Banner,51960,915,15.8,0.3736,0.8138
2026-02-11,ironSource,BR,Interstitial,10534,216,9.1,1.0952,0.7887
2026-02-11,ironSource,BR,Rewarded,20509,357,31.5,1.9352,0.7938
2026-02-11,ironSource,BR,Native,27884,461,15.92,0.7688,0.7426
2026-02-11,ironSource,ID,Banner,81360,1946,9.76,0.1709,0.7015
2026-02-11,ironSource,ID,Interstitial,17232,395,7.6,0.6404,0.6889
2026-02-11,ironSource,ID,Rewarded,25047,520,15.56,0.9803,0.6338
2026-02-11,ironSource,ID,Native,42281,1007,11.04,0.411,0.6352
2026-02-11,ironSource,DE,Banner,39925,911,57.83,1.6139,0.8975
2026-02-11,ironSource,DE,Interstitial,8349,134,35.84,4.9992,0.8586
2026-02-11,ironSource,DE,Rewarded,13002,291,83.67,7.9667,0.8077
2026-02-11,ironSource,DE,Native,17278,308,46.93,3.5871,0.7572
2026-02-11,ironSource,JP,Banner,47568,1097,85.55,1.9793,0.9086
2026-02-11,ironSource,JP,Interstitial,11311,202,53.82,5.8091,0.819
2026-02-11,ironSource,JP,Rewarded,16485,313,118.51,9.3232,0.7711
2026-02-11,ironSource,JP,Native,25050,477,82.22,4.2236,0.7771
2026-02-12,AdMob,US,Banner,280639,6578,666.69,2.5201,0.9427
2026-02-12,AdMob,US,Interstitial,56113,1111,368.74,7.7468,0.8483
2026-02-12,AdMob,US,Rewarded,73459,1241,832.82,13.1093,0.8648
2026-02-12,AdMob,US,Native,123194,2921,559.15,5.584,0.8128
2026-02-12,AdMob,IN,Banner,397444,8575,70.46,0.221,0.8023
2026-02-12,AdMob,IN,Interstitial,76512,1565,51.2,0.862,0.7763
2026-02-12,AdMob,IN,Rewarded,122366,2388,99.74,1.1514,0.7079
2026-02-12,AdMob,IN,Native,188131,3307,62.23,0.5115,0.6466
2026-02-12,AdMob,BR,Banner,151891,2901,47.94,0.3673,0.8592
2026-02-12,AdMob,BR,Interstitial,29291,700,30.21,1.2802,0.8056
2026-02-12,AdMob,BR,Rewarded,44184,937,59.84,1.8538,0.7306
2026-02-12,AdMob,BR,Native,82907,1513,57.49,0.9143,0.7584
2026-02-12,AdMob,ID,Banner,204522,3529,26.41,0.1782,0.7246
2026-02-12,AdMob,ID,Interstitial,44273,807,19.56,0.6491,0.6806
2026-02-12,AdMob,ID,Rewarded,53535,1246,31.76,0.9331,0.6358
2026-02-12,AdMob,ID,Native,105130,1720,27.98,0.4322,0.6156
2026-02-12,AdMob,DE,Banner,112957,2292,180.53,1.6922,0.9445
2026-02-12,AdMob,DE,Interstitial,21260,470,92.3,5.0118,0.8663
2026-02-12,AdMob,DE,Rewarded,32506,773,222.69,8.6957,0.7878
2026-02-12,AdMob,DE,Native,57427,1051,161.54,3.5232,0.7984
2026-02-12,AdMob,JP,Banner,132098,2220,211.94,1.7417,0.9212
2026-02-12,AdMob,JP,Interstitial,24983,528,121.36,5.9137,0.8215
2026-02-12,AdMob,JP,Rewarded,33349,748,259.93,9.39,0.8301
2026-02-12,AdMob,JP,Native,69250,1394,207.75,4.0821,0.7349
2026-02-12,Unity,US,Banner,151150,3510,372.43,2.7771,0.8872
2026-02-12,Unity,US,Interstitial,30627,499,233.78,9.0485,0.8436
2026-02-12,Unity,US,Rewarded,55956,1143,576.88,12.1897,0.8458
2026-02-12,Unity,US,Native,77231,1689,388.54,6.4642,0.7783
2026-02-12,Unity,IN,Banner,280085,4930,52.47,0.245,0.7646
2026-02-12,Unity,IN,Interstitial,56715,1212,32.85,0.7904,0.7329
2026-02-12,Unity,IN,Rewarded,88800,1713,66.91,1.091,0.6907
2026-02-12,Unity,IN,Native,123069,2949,41.34,0.5304,0.6333
2026-02-12,Unity,BR,Banner,112451,2446,30.06,0.3303,0.8092
2026-02-12,Unity,BR,Interstitial,20616,428,22.02,1.2688,0.8417
2026-02-12,Unity,BR,Rewarded,28543,589,43.41,1.9016,0.7999
2026-02-12,Unity,BR,Native,55366,1211,32.12,0.8127,0.7139
2026-02-12,Unity,ID,Banner,157966,2744,21.61,0.1846,0.7409
2026-02-12,Unity,ID,Interstitial,25580,539,10.22,0.6038,0.6619
2026-02-12,Unity,ID,Rewarded,39374,776,25.05,0.9525,0.668
2026-02-12,Unity,ID,Native,63297,1328,17.57,0.4323,0.6422
2026-02-12,Unity,DE,Banner,60251,1058,79.38,1.4907,0.8838
2026-02-12,Unity,DE,Interstitial,15314,284,75.12,5.8793,0.8344
2026-02-12,Unity,DE,Rewarded,19338,410,139.82,8.9238,0.8102
2026-02-12,Unity,DE,Native,34112,638,101.92,3.9509,0.7563
2026-02-12,Unity,JP,Banner,91030,1565,143.79,1.8328,0.8618
2026-02-12,Unity,JP,Interstitial,16810,391,83.96,5.8982,0.8468
2026-02-12,Unity,JP,Rewarded,22597,452,148.13,8.5386,0.7677
2026-02-12,Unity,JP,Native,42827,888,137.08,4.3924,0.7287
2026-02-12,AppLovin,US,Banner,139394,3092,370.11,2.7594,0.9622
2026-02-12,AppLovin,US,Interstitial,28044,450,191.31,8.0487,0.8476
2026-02-12,AppLovin,US,Rewarded,39826,840,442.91,13.8655,0.8021
2026-02-12,AppLovin,US,Native,67121,1594,344.0,6.4589,0.7935
2026-02-12,AppLovin,IN,Banner,190680,3635,34.77,0.2328,0.7834
2026-02-12,AppLovin,IN,Interstitial,34017,747,21.63,0.8371,0.7597
2026-02-12,AppLovin,IN,Rewarded,57210,922,47.73,1.2053,0.6922
2026-02-12,AppLovin,IN,Native,101873,2245,33.51,0.5179,0.6352
2026-02-12,AppLovin,BR,Banner,63963,1526,21.4,0.393,0.8513
2026-02-12,AppLovin,BR,Interstitial,13010,295,12.62,1.22,0.7953
2026-02-12,AppLovin,BR,Rewarded,21563,409,29.28,1.7138,0.7924
2026-02-12,AppLovin,BR,Native,32064,578,19.33,0.8216,0.7337
2026-02-12,AppLovin,ID,Banner,97959,2160,11.67,0.164,0.7263
2026-02-12,AppLovin,ID,Interstitial,19479,343,7.54,0.5904,0.6558
2026-02-12,AppLovin,ID,Rewarded,26892,634,15.67,0.8967,0.6499
2026-02-12,AppLovin,ID,Native,43598,877,11.46,0.4284,0.6136
2026-02-12,AppLovin,DE,Banner,55597,1188,74.13,1.5528,0.8587
2026-02-12,AppLovin,DE,Interstitial,9535,176,39.51,4.9693,0.8337
2026-02-12,AppLovin,DE,Rewarded,15525,308,96.11,7.7098,0.803
2026-02-12,AppLovin,DE,Native,24694,582,76.01,4.2149,0.7302
2026-02-12,AppLovin,JP,Banner,64036,1257,106.68,1.9065,0.8739
2026-02-12,AppLovin,JP,Interstitial,13922,244,73.39,6.4751,0.8142
2026-02-12,AppLovin,JP,Rewarded,18728,397,141.62,9.7205,0.7779
2026-02-12,AppLovin,JP,Native,33201,638,110.82,4.4341,0.7528
2026-02-12,ironSource,US,Banner,114010,2138,279.67,2.6068,0.941
2026-02-12,ironSource,US,Interstitial,21019,456,144.8,8.0883,0.8517
2026-02-12,ironSource,US,Rewarded,30192,627,322.8,13.2174,0.8089
2026-02-12,ironSource,US,Native,49159,1067,228.29,6.0654,0.7656
2026-02-12,ironSource,IN,Banner,174684,3718,30.51,0.2285,0.7644
2026-02-12,ironSource,IN,Interstitial,33877,648,21.28,0.8327,0.7545
2026-02-12,ironSource,IN,Rewarded,46485,1001,35.96,1.1412,0.6779
2026-02-12,ironSource,IN,Native,70236,1605,29.29,0.609,0.6847
2026-02-12,ironSource,BR,Banner,67320,1162,20.92,0.3534,0.8795
2026-02-12,ironSource,BR,Interstitial,10277,245,10.08,1.2684,0.7732
2026-02-12,ironSource,BR,Rewarded,18943,405,26.71,1.8912,0.7456
2026-02-12,ironSource,BR,Native,25888,558,16.22,0.8968,0.6986
2026-02-12,ironSource,ID,Banner,73387,1273,8.67,0.1645,0.7187
2026-02-12,ironSource,ID,Interstitial,17101,351,6.55,0.5685,0.6732
2026-02-12,ironSource,ID,Rewarded,22451,391,13.18,0.878,0.6685
2026-02-12,ironSource,ID,Native,34986,711,8.62,0.4056,0.6074
2026-02-12,ironSource,DE,Banner,38469,748,57.65,1.7457,0.8585
2026-02-12,ironSource,DE,Interstitial,7717,154,39.1,5.6623,0.8949
2026-02-12,ironSource,DE,Rewarded,13752,238,84.12,7.9237,0.772
2026-02-12,ironSource,DE,Native,19370,376,52.74,3.7086,0.7342
2026-02-12,ironSource,JP,Banner,47571,1098,68.24,1.6641,0.8621
2026-02-12,ironSource,JP,Interstitial,9406,182,49.75,6.2567,0.8454
2026-02-12,ironSource,JP,Rewarded,13825,259,96.85,8.7642,0.7993
2026-02-12,ironSource,JP,Native,22861,446,68.83,3.8778,0.7764
2026-02-13,AdMob,US,Banner,259390,5285,629.99,2.5451,0.9543
2026-02-13,AdMob,US,Interstitial,49711,839,409.47,9.2218,0.8932
2026-02-13,AdMob,US,Rewarded,67748,1379,781.69,13.4822,0.8558
2026-02-13,AdMob,US,Native,127042,2723,603.02,6.107,0.7772
2026-02-13,AdMob,IN,Banner,353017,7430,73.99,0.2621,0.7995
2026-02-13,AdMob,IN,Interstitial,75591,1609,41.39,0.7458,0.7343
2026-02-13,AdMob,IN,Rewarded,124813,2809,103.84,1.1718,0.71
2026-02-13,AdMob,IN,Native,171577,3494,64.7,0.5545,0.6801
2026-02-13,AdMob,BR,Banner,156816,2577,50.51,0.3612,0.8918
2026-02-13,AdMob,BR,Interstitial,29919,570,25.72,1.1019,0.78
2026-02-13,AdMob,BR,Rewarded,40349,754,63.43,1.9669,0.7992
2026-02-13,AdMob,BR,Native,78144,1642,49.25,0.8457,0.7453
2026-02-13,AdMob,ID,Banner,170015,3413,23.77,0.1895,0.7378
2026-02-13,AdMob,ID,Interstitial,44835,935,19.95,0.649,0.6856
2026-02-13,AdMob,ID,Rewarded,68937,1203,37.91,0.8638,0.6366
2026-02-13,AdMob,ID,Native,111876,2668,28.97,0.4405,0.5879
2026-02-13,AdMob,DE,Banner,106928,2142,162.24,1.7657,0.8593
2026-02-13,AdMob,DE,Interstitial,21191,477,102.18,5.5472,0.8692
2026-02-13,AdMob,DE,Rewarded,28869,524,199.41,8.8253,0.7827
2026-02-13,AdMob,DE,Native,43150,968,122.16,3.7456,0.7558
2026-02-13,AdMob,JP,Banner,130742,2147,207.58,1.7772,0.8934
2026-02-13,AdMob,JP,Interstitial,22602,501,117.89,6.1523,0.8478
2026-02-13,AdMob,JP,Rewarded,36408,863,276.05,9.4006,0.8066
2026-02-13,AdMob,JP,Native,57158,1371,183.27,4.2434,0.7556
2026-02-13,Unity,US,Banner,159312,3219,369.71,2.5618,0.9058
2026-02-13,Unity,US,Interstitial,32187,601,219.06,7.7309,0.8803
2026-02-13,Unity,US,Rewarded,47490,1120,461.9,12.301,0.7907
2026-02-13,Unity,US,Native,89630,2081,439.89,6.3246,0.776
2026-02-13,Unity,IN,Banner,278598,6091,52.88,0.2435,0.7794
2026-02-13,Unity,IN,Interstitial,57119,1190,31.17,0.7635,0.7147
2026-02-13,Unity,IN,Rewarded,83727,1684,64.16,1.103,0.6947
2026-02-13,Unity,IN,Native,153729,3471,51.45,0.5125,0.653
2026-02-13,Unity,BR,Banner,109675,2187,33.26,0.3449,0.8794
2026-02-13,Unity,BR,Interstitial,20989,396,23.27,1.3144,0.8436
2026-02-13,Unity,BR,Rewarded,28103,454,35.59,1.7372,0.7291
2026-02-13,Unity,BR,Native,50854,1021,34.83,0.9141,0.7493
2026-02-13,Unity,ID,Banner,142739,2312,16.2,0.1622,0.6995
2026-02-13,Unity,ID,Interstitial,30138,637,11.92,0.5575,0.7092
2026-02-13,Unity,ID,Rewarded,38590,895,21.23,0.8384,0.6563
2026-02-13,Unity,ID,Native,74585,1378,18.75,0.4073,0.6173
2026-02-13,Unity,DE,Banner,80482,1560,126.9,1.7321,0.9103
2026-02-13,Unity,DE,Interstitial,14496,277,62.9,5.3258,0.8147
2026-02-13,Unity,DE,Rewarded,23712,547,155.7,8.4584,0.7763
2026-02-13,Unity,DE,Native,32573,671,89.17,3.6527,0.7495
2026-02-13,Unity,JP,Banner,88673,1643,143.27,1.7969,0.8991
2026-02-13,Unity,JP,Interstitial,18980,404,91.54,5.6104,0.8596
2026-02-13,Unity,JP,Rewarded,27692,460,199.94,8.9668,0.8052
2026-02-13,Unity,JP,Native,48364,996,133.57,3.8267,0.7217
2026-02-13,AppLovin,US,Banner,133977,3187,299.78,2.3339,0.9587
2026-02-13,AppLovin,US,Interstitial,25794,480,195.51,8.4681,0.8951
2026-02-13,AppLovin,US,Rewarded,37424,876,447.47,13.8112,0.8657
2026-02-13,AppLovin,US,Native,58045,1133,250.45,5.6316,0.7662
2026-02-13,AppLovin,IN,Banner,188850,4173,34.88,0.234,0.7894
2026-02-13,AppLovin,IN,Interstitial,42826,701,25.72,0.8503,0.7063
2026-02-13,AppLovin,IN,Rewarded,65208,1070,55.73,1.2079,0.7075
2026-02-13,AppLovin,IN,Native,92659,2162,36.62,0.5755,0.6868
2026-02-13,AppLovin,BR,Banner,75009,1522,23.93,0.3633,0.8783
2026-02-13,AppLovin,BR,Interstitial,15075,350,16.25,1.2972,0.8309
2026-02-13,AppLovin,BR,Rewarded,20598,347,29.48,1.8088,0.7912
2026-02-13,AppLovin,BR,Native,40814,852,23.91,0.7867,0.7448
2026-02-13,AppLovin,ID,Banner,90797,1913,11.92,0.179,0.7331
2026-02-13,AppLovin,ID,Interstitial,19563,392,8.69,0.6479,0.6853
2026-02-13,AppLovin,ID,Rewarded,26060,527,15.95,0.976,0.6271
2026-02-13,AppLovin,ID,Native,54553,977,13.26,0.3961,0.6137
2026-02-13,AppLovin,DE,Banner,53895,1248,83.95,1.6712,0.932
2026-02-13,AppLovin,DE,Interstitial,10446,199,51.59,5.7479,0.8592
2026-02-13,AppLovin,DE,Rewarded,15666,290,112.29,8.9237,0.8033
2026-02-13,AppLovin,DE,Native,24163,482,67.25,3.8003,0.7324
2026-02-13,AppLovin,JP,Banner,62393,1304,99.2,1.8318,0.8679
2026-02-13,AppLovin,JP,Interstitial,13918,227,76.81,6.5466,0.843
2026-02-13,AppLovin,JP,Rewarded,21389,367,156.13,9.3706,0.779
2026-02-13,AppLovin,JP,Native,27907,647,78.13,3.9209,0.714
2026-02-13,ironSource,US,Banner,101223,2260,255.07,2.652,0.9502
2026-02-13,ironSource,US,Interstitial,22295,526,180.0,9.2943,0.8687
2026-02-13,ironSource,US,Rewarded,32009,687,314.52,11.6552,0.8431
2026-02-13,ironSource,US,Native,56087,902,256.49,5.7988,0.7886
2026-02-13,ironSource,IN,Banner,151939,3424,26.01,0.219,0.7817
2026-02-13,ironSource,IN,Interstitial,29181,495,16.88,0.8044,0.7191
2026-02-13,ironSource,IN,Rewarded,48158,782,37.48,1.099,0.7081
2026-02-13,ironSource,IN,Native,70561,1145,26.7,0.5656,0.6691
2026-02-13,ironSource,BR,Banner,61320,1045,20.48,0.3844,0.8689
2026-02-13,ironSource,BR,Interstitial,12332,281,11.79,1.2413,0.7701
2026-02-13,ironSource,BR,Rewarded,20193,443,30.72,1.9262,0.7898
2026-02-13,ironSource,BR,Native,31200,664,20.21,0.87,0.7446
2026-02-13,ironSource,ID,Banner,75865,1224,9.97,0.1755,0.7486
2026-02-13,ironSource,ID,Interstitial,16954,406,7.75,0.6546,0.6981
2026-02-13,ironSource,ID,Rewarded,25350,463,13.85,0.8162,0.6692
2026-02-13,ironSource,ID,Native,39352,765,9.51,0.4042,0.5978
2026-02-13,ironSource,DE,Banner,38545,708,60.61,1.694,0.9282
2026-02-13,ironSource,DE,Interstitial,7312,169,36.14,5.6836,0.8696
2026-02-13,ironSource,DE,Rewarded,10257,215,73.54,8.8325,0.8117
2026-02-13,ironSource,DE,Native,17548,316,49.6,3.7981,0.7441
2026-02-13,ironSource,JP,Banner,50061,1037,86.31,1.9125,0.9015
2026-02-13,ironSource,JP,Interstitial,10118,207,52.38,5.9128,0.8755
2026-02-13,ironSource,JP,Rewarded,13892,280,94.72,8.5142,0.8008
2026-02-13,ironSource,JP,Native,21307,453,72.81,4.4773,0.7633
2026-02-14,AdMob,US,Banner,250307,5732,595.88,2.4796,0.9601
2026-02-14,AdMob,US,Interstitial,53800,1013,370.37,7.917,0.8696
2026-02-14,AdMob,US,Rewarded,90965,1500,1035.52,13.9394,0.8167
2026-02-14,AdMob,US,Native,160897,3429,710.22,5.4002,0.8174
2026-02-14,AdMob,IN,Banner,520953,10369,87.45,0.2256,0.7442
2026-02-14,AdMob,IN,Interstitial,90637,2046,54.29,0.773,0.7749
2026-02-14,AdMob,IN,Rewarded,144689,3156,116.33,1.1191,0.7184
2026-02-14,AdMob,IN,Native,224829,4078,87.55,0.6076,0.6409
2026-02-14,AdMob,BR,Banner,149896,2776,49.17,0.3813,0.8603
2026-02-14,AdMob,BR,Interstitial,31020,608,26.38,1.0896,0.7806
2026-02-14,AdMob,BR,Rewarded,47824,962,65.03,1.7132,0.7937
2026-02-14,AdMob,BR,Native,92181,1828,50.07,0.762,0.7128
2026-02-14,AdMob,ID,Banner,208362,4899,25.88,0.1663,0.7467
2026-02-14,AdMob,ID,Interstitial,40187,669,16.73,0.5819,0.7153
2026-02-14,AdMob,ID,Rewarded,71973,1422,48.14,0.985,0.679
2026-02-14,AdMob,ID,Native,103364,2407,25.96,0.395,0.6358
2026-02-14,AdMob,DE,Banner,118721,2528,190.14,1.7378,0.9216
2026-02-14,AdMob,DE,Interstitial,25258,452,123.6,5.7039,0.8579
2026-02-14,AdMob,DE,Rewarded,37024,829,241.05,8.2062,0.7934
2026-02-14,AdMob,DE,Native,60893,1290,188.51,4.1868,0.7394
2026-02-14,AdMob,JP,Banner,132720,2820,218.1,1.9453,0.8448
2026-02-14,AdMob,JP,Interstitial,31260,712,159.16,5.8259,0.874
2026-02-14,AdMob,JP,Rewarded,40467,738,254.75,8.1136,0.7759
2026-02-14,AdMob,JP,Native,80283,1587,263.93,4.5924,0.7159
2026-02-14,Unity,US,Banner,204168,3784,434.59,2.3424,0.9087
2026-02-14,Unity,US,Interstitial,40685,695,318.34,8.774,0.8918
2026-02-14,Unity,US,Rewarded,66043,1294,750.21,13.2053,0.8602
2026-02-14,Unity,US,Native,112515,2143,558.36,6.3853,0.7772
2026-02-14,Unity,IN,Banner,363809,8140,74.08,0.2503,0.8134
2026-02-14,Unity,IN,Interstitial,66511,1579,35.64,0.7385,0.7255
2026-02-14,Unity,IN,Rewarded,91366,1998,72.17,1.1024,0.7166
2026-02-14,Unity,IN,Native,150637,2436,53.5,0.5373,0.6609
2026-02-14,Unity,BR,Banner,131230,2942,40.06,0.3468,0.8801
2026-02-14,Unity,BR,Interstitial,25319,495,23.71,1.158,0.8088
2026-02-14,Unity,BR,Rewarded,34474,781,50.69,1.9253,0.7637
2026-02-14,Unity,BR,Native,53224,1101,31.41,0.7797,0.757
2026-02-14,Unity,ID,Banner,161471,3511,20.42,0.1808,0.6995
2026-02-14,Unity,ID,Interstitial,28188,657,11.82,0.6088,0.6888
2026-02-14,Unity,ID,Rewarded,48679,814,26.52,0.8347,0.6527
2026-02-14,Unity,ID,Native,73346,1223,17.11,0.3806,0.6128
2026-02-14,Unity,DE,Banner,79760,1325,131.53,1.7929,0.9198
2026-02-14,Unity,DE,Interstitial,14767,240,74.69,5.691,0.8887
2026-02-14,Unity,DE,Rewarded,26413,624,179.51,8.352,0.8137
2026-02-14,Unity,DE,Native,43240,883,134.28,4.1196,0.7538
2026-02-14,Unity,JP,Banner,104108,1862,160.14,1.7358,0.8862
2026-02-14,Unity,JP,Interstitial,17971,419,89.97,5.8488,0.856
2026-02-14,Unity,JP,Rewarded,29804,692,209.84,9.2571,0.7606
2026-02-14,Unity,JP,Native,51347,926,175.37,4.4355,0.77
2026-02-14,AppLovin,US,Banner,145008,3112,356.27,2.7848,0.8822
2026-02-14,AppLovin,US,Interstitial,32737,768,241.94,8.161,0.9056
2026-02-14,AppLovin,US,Rewarded,46321,754,455.05,12.0649,0.8143
2026-02-14,AppLovin,US,Native,79021,1487,398.61,6.366,0.7924
2026-02-14,AppLovin,IN,Banner,200799,4678,40.39,0.2521,0.7977
2026-02-14,AppLovin,IN,Interstitial,49181,1035,31.84,0.8526,0.7592
2026-02-14,AppLovin,IN,Rewarded,67488,1294,62.35,1.2965,0.7126
2026-02-14,AppLovin,IN,Native,100629,1831,35.95,0.5366,0.6659
2026-02-14,AppLovin,BR,Banner,79036,1770,23.51,0.362,0.8219
2026-02-14,AppLovin,BR,Interstitial,17169,319,16.29,1.2177,0.779
2026-02-14,AppLovin,BR,Rewarded,25177,447,37.8,1.911,0.7857
2026-02-14,AppLovin,BR,Native,44628,1053,26.95,0.7969,0.7578
2026-02-14,AppLovin,ID,Banner,117182,2550,16.27,0.1872,0.7417
2026-02-14,AppLovin,ID,Interstitial,24378,514,11.03,0.655,0.6906
2026-02-14,AppLovin,ID,Rewarded,38114,681,23.52,0.9306,0.6631
2026-02-14,AppLovin,ID,Native,55279,1086,13.21,0.3904,0.6124
2026-02-14,AppLovin,DE,Banner,66076,1233,103.18,1.6867,0.9258
2026-02-14,AppLovin,DE,Interstitial,12643,232,62.02,5.6266,0.8718
2026-02-14,AppLovin,DE,Rewarded,17501,408,121.16,8.4712,0.8172
2026-02-14,AppLovin,DE,Native,32185,765,105.46,4.2127,0.7778
2026-02-14,AppLovin,JP,Banner,79044,1415,118.6,1.7175,0.8736
2026-02-14,AppLovin,JP,Interstitial,12236,266,54.69,5.6257,0.7945
2026-02-14,AppLovin,JP,Rewarded,21080,477,148.41,8.6626,0.8127
2026-02-14,AppLovin,JP,Native,41061,757,132.15,4.3193,0.7451
2026-02-14,ironSource,US,Banner,105419,2523,231.0,2.4036,0.9116
2026-02-14,ironSource,US,Interstitial,19555,425,132.22,7.9853,0.8468
2026-02-14,ironSource,US,Rewarded,32973,634,332.99,12.641,0.7989
2026-02-14,ironSource,US,Native,50655,1130,227.71,5.9893,0.7506
2026-02-14,ironSource,IN,Banner,187676,3575,36.41,0.2508,0.7736
2026-02-14,ironSource,IN,Interstitial,32364,639,19.3,0.8038,0.7421
2026-02-14,ironSource,IN,Rewarded,59182,1015,54.5,1.2798,0.7196
2026-02-14,ironSource,IN,Native,95368,1817,33.07,0.513,0.6759
2026-02-14,ironSource,BR,Banner,61392,1156,20.38,0.3861,0.8597
2026-02-14,ironSource,BR,Interstitial,11857,246,12.07,1.209,0.8417
2026-02-14,ironSource,BR,Rewarded,23628,528,30.38,1.6691,0.7702
2026-02-14,ironSource,BR,Native,34764,726,19.53,0.7713,0.7285
2026-02-14,ironSource,ID,Banner,98312,2094,13.77,0.1894,0.7395
2026-02-14,ironSource,ID,Interstitial,16831,397,6.96,0.5885,0.7029
2026-02-14,ironSource,ID,Rewarded,24113,429,13.9,0.9064,0.6359
2026-02-14,ironSource,ID,Native,46080,1024,11.5,0.4289,0.582
2026-02-14,ironSource,DE,Banner,50414,1046,79.22,1.8036,0.8713
2026-02-14,ironSource,DE,Interstitial,8997,200,41.18,5.3183,0.8606
2026-02-14,ironSource,DE,Rewarded,11825,260,89.12,9.0245,0.8351
2026-02-14,ironSource,DE,Native,24796,473,73.21,3.7646,0.7842
2026-02-14,ironSource,JP,Banner,64377,1313,93.41,1.6838,0.8617
2026-02-14,ironSource,JP,Interstitial,10876,248,53.69,5.9091,0.8354
2026-02-14,ironSource,JP,Rewarded,17370,334,117.37,8.7524,0.772
2026-02-14,ironSource,JP,Native,28885,513,91.6,4.4067,0.7197
2026-02-15,AdMob,US,Banner,277120,6193,375.08,1.4873,0.91
2026-02-15,AdMob,US,Interstitial,54466,972,245.88,5.1019,0.8848
2026-02-15,AdMob,US,Rewarded,91908,2065,584.52,7.7221,0.8236
2026-02-15,AdMob,US,Native,132688,2769,401.25,3.8436,0.7868
2026-02-15,AdMob,IN,Banner,511758,11271,102.92,0.2552,0.7879
2026-02-15,AdMob,IN,Interstitial,90159,1507,51.59,0.8076,0.7085
2026-02-15,AdMob,IN,Rewarded,151638,3391,112.64,1.0943,0.6788
2026-02-15,AdMob,IN,Native,195579,4060,70.04,0.5356,0.6686
2026-02-15,AdMob,BR,Banner,186842,4073,57.3,0.3604,0.8508
2026-02-15,AdMob,BR,Interstitial,34485,662,35.5,1.226,0.8396
2026-02-15,AdMob,BR,Rewarded,49966,811,62.67,1.6213,0.7737
2026-02-15,AdMob,BR,Native,86357,1567,55.88,0.8911,0.7261
2026-02-15,AdMob,ID,Banner,249745,5215,31.6,0.1717,0.7368
2026-02-15,AdMob,ID,Interstitial,41445,991,17.84,0.6486,0.6635
2026-02-15,AdMob,ID,Rewarded,58801,947,31.69,0.8574,0.6286
2026-02-15,AdMob,ID,Native,123016,2220,33.8,0.4362,0.6299
2026-02-15,AdMob,DE,Banner,113079,2440,172.22,1.7025,0.8946
2026-02-15,AdMob,DE,Interstitial,23924,520,106.75,5.0761,0.879
2026-02-15,AdMob,DE,Rewarded,36112,691,219.46,7.6809,0.7912
2026-02-15,AdMob,DE,Native,53703,1133,154.13,3.6404,0.7884
2026-02-15,AdMob,JP,Banner,146573,2569,228.62,1.7013,0.9168
2026-02-15,AdMob,JP,Interstitial,31293,749,175.51,6.56,0.855
2026-02-15,AdMob,JP,Rewarded,45079,838,294.19,8.4914,0.7685
2026-02-15,AdMob,JP,Native,61247,1379,194.79,4.3526,0.7307
2026-02-15,Unity,US,Banner,192747,3457,471.35,2.5398,0.9628
2026-02-15,Unity,US,Interstitial,42921,858,325.78,8.9337,0.8496
2026-02-15,Unity,US,Rewarded,57661,1142,649.69,13.4434,0.8381
2026-02-15,Unity,US,Native,109058,2499,492.75,5.6348,0.8018
2026-02-15,Unity,IN,Banner,358574,8553,70.28,0.2536,0.7728
2026-02-15,Unity,IN,Interstitial,62073,1480,36.54,0.8222,0.7159
2026-02-15,Unity,IN,Rewarded,102511,2266,86.79,1.2608,0.6715
2026-02-15,Unity,IN,Native,174269,3471,65.53,0.5792,0.6492
2026-02-15,Unity,BR,Banner,106637,2004,31.61,0.358,0.8282
2026-02-15,Unity,BR,Interstitial,21705,507,19.05,1.1352,0.7733
2026-02-15,Unity,BR,Rewarded,36555,768,49.47,1.7628,0.7677
2026-02-15,Unity,BR,Native,68016,1619,37.84,0.786,0.7077
2026-02-15,Unity,ID,Banner,154778,2509,17.5,0.1628,0.6946
2026-02-15,Unity,ID,Interstitial,36932,885,15.1,0.5735,0.713
2026-02-15,Unity,ID,Rewarded,49746,987,25.2,0.816,0.6209
2026-02-15,Unity,ID,Native,78234,1836,20.41,0.4289,0.6083
2026-02-15,Unity,DE,Banner,81338,1396,130.44,1.7139,0.9357
2026-02-15,Unity,DE,Interstitial,14794,297,61.8,5.0681,0.8242
2026-02-15,Unity,DE,Rewarded,22854,394,157.63,8.1232,0.8491
2026-02-15,Unity,DE,Native,40742,823,108.37,3.5411,0.7511
2026-02-15,Unity,JP,Banner,114107,2180,169.12,1.7608,0.8417
2026-02-15,Unity,JP,Interstitial,17986,297,86.35,5.676,0.8459
2026-02-15,Unity,JP,Rewarded,29868,482,215.86,9.197,0.7858
2026-02-15,Unity,JP,Native,57640,1072,181.18,4.0884,0.7688
2026-02-15,AppLovin,US,Banner,142672,2307,322.09,2.4931,0.9055
2026-02-15,AppLovin,US,Interstitial,27542,472,224.75,9.1621,0.8906
2026-02-15,AppLovin,US,Rewarded,44304,761,514.5,13.7502,0.8446
2026-02-15,AppLovin,US,Native,79806,1612,354.95,5.7138,0.7784
2026-02-15,AppLovin,IN,Banner,254184,4083,53.91,0.2607,0.8135
2026-02-15,AppLovin,IN,Interstitial,51822,1042,27.33,0.7287,0.7236
2026-02-15,AppLovin,IN,Rewarded,68584,1610,58.86,1.2251,0.7006
2026-02-15,AppLovin,IN,Native,106048,1761,39.18,0.5347,0.6909
2026-02-15,AppLovin,BR,Banner,89084,1920,28.27,0.3731,0.8505
2026-02-15,AppLovin,BR,Interstitial,15556,298,15.56,1.2846,0.7784
2026-02-15,AppLovin,BR,Rewarded,22577,531,31.9,1.8163,0.778
2026-02-15,AppLovin,BR,Native,46221,916,29.51,0.8469,0.7538
2026-02-15,AppLovin,ID,Banner,117111,2659,15.33,0.1835,0.7135
2026-02-15,AppLovin,ID,Interstitial,20827,483,8.83,0.6066,0.6992
2026-02-15,AppLovin,ID,Rewarded,38473,736,22.8,0.9016,0.6573
2026-02-15,AppLovin,ID,Native,56951,1319,16.51,0.4541,0.6384
2026-02-15,AppLovin,DE,Banner,51261,968,85.1,1.7655,0.9404
2026-02-15,AppLovin,DE,Interstitial,11564,276,57.77,5.807,0.8603
2026-02-15,AppLovin,DE,Rewarded,17020,339,122.07,8.603,0.8337
2026-02-15,AppLovin,DE,Native,31828,536,93.77,3.8855,0.7582
2026-02-15,AppLovin,JP,Banner,69576,1253,120.22,1.8842,0.9171
2026-02-15,AppLovin,JP,Interstitial,13750,325,65.42,5.5848,0.8519
2026-02-15,AppLovin,JP,Rewarded,22474,375,164.82,9.2107,0.7962
2026-02-15,AppLovin,JP,Native,38411,890,125.12,4.2857,0.7601
2026-02-15,ironSource,US,Banner,124796,2985,322.43,2.6933,0.9593
2026-02-15,ironSource,US,Interstitial,23560,525,160.68,7.8351,0.8704
2026-02-15,ironSource,US,Rewarded,29611,646,272.57,11.6201,0.7922
2026-02-15,ironSource,US,Native,57520,1257,250.34,5.794,0.7512
2026-02-15,ironSource,IN,Banner,174120,3564,31.54,0.2287,0.7919
2026-02-15,ironSource,IN,Interstitial,35281,788,21.01,0.8226,0.724
2026-02-15,ironSource,IN,Rewarded,50717,1098,40.93,1.1181,0.7218
2026-02-15,ironSource,IN,Native,83240,1848,29.5,0.517,0.6854
2026-02-15,ironSource,BR,Banner,65424,1312,19.88,0.3714,0.8181
2026-02-15,ironSource,BR,Interstitial,11807,233,10.72,1.174,0.7732
2026-02-15,ironSource,BR,Rewarded,20213,381,26.27,1.78,0.7302
2026-02-15,ironSource,BR,Native,37154,704,22.43,0.818,0.738
2026-02-15,ironSource,ID,Banner,89881,1516,12.33,0.1823,0.7524
2026-02-15,ironSource,ID,Interstitial,15821,378,6.93,0.613,0.7147
2026-02-15,ironSource,ID,Rewarded,27468,561,16.15,0.8943,0.6574
2026-02-15,ironSource,ID,Native,47850,955,13.54,0.4514,0.6271
2026-02-15,ironSource,DE,Banner,45473,894,69.11,1.6961,0.896
2026-02-15,ironSource,DE,Interstitial,7865,177,34.53,5.1415,0.854
2026-02-15,ironSource,DE,Rewarded,12883,216,85.14,8.2874,0.7974
2026-02-15,ironSource,DE,Native,26162,569,79.04,4.1231,0.7328
2026-02-15,ironSource,JP,Banner,54870,982,93.63,1.9781,0.8626
2026-02-15,ironSource,JP,Interstitial,11734,254,60.87,6.4022,0.8103
2026-02-15,ironSource,JP,Rewarded,14980,349,110.88,9.7541,0.7588
2026-02-15,ironSource,JP,Native,28670,685,93.35,4.1564,0.7834
2026-02-16,AdMob,US,Banner,261263,5286,340.54,1.4159,0.9206
2026-02-16,AdMob,US,Interstitial,50216,1089,216.02,5.1709,0.8319
2026-02-16,AdMob,US,Rewarded,79778,1639,469.74,7.0617,0.8338
2026-02-16,AdMob,US,Native,131841,2405,341.82,3.274,0.7919
2026-02-16,AdMob,IN,Banner,400840,6794,80.77,0.2531,0.796
2026-02-16,AdMob,IN,Interstitial,82188,1875,51.46,0.8751,0.7156
2026-02-16,AdMob,IN,Rewarded,127291,2329,110.64,1.2658,0.6867
2026-02-16,AdMob,IN,Native,224361,4667,77.43,0.5443,0.634
2026-02-16,AdMob,BR,Banner,133116,3061,43.76,0.3814,0.862
2026-02-16,AdMob,BR,Interstitial,32563,722,28.76,1.1069,0.7979
2026-02-16,AdMob,BR,Rewarded,43884,707,67.7,1.9701,0.783
2026-02-16,AdMob,BR,Native,83549,1827,44.98,0.7729,0.6965
2026-02-16,AdMob,ID,Banner,221898,4174,28.36,0.1813,0.7048
2026-02-16,AdMob,ID,Interstitial,38114,795,14.71,0.5792,0.6664
2026-02-16,AdMob,ID,Rewarded,67207,1526,36.5,0.8653,0.6277
2026-02-16,AdMob,ID,Native,107253,1839,28.94,0.4562,0.5915
2026-02-16,AdMob,DE,Banner,101242,2104,153.48,1.6878,0.8982
2026-02-16,AdMob,DE,Interstitial,18082,351,86.02,5.4776,0.8685
2026-02-16,AdMob,DE,Rewarded,31615,582,205.72,8.1695,0.7965
2026-02-16,AdMob,DE,Native,48663,1107,131.84,3.4828,0.7779
2026-02-16,AdMob,JP,Banner,119548,2164,180.55,1.6366,0.9228
2026-02-16,AdMob,JP,Interstitial,22199,407,111.04,5.8437,0.8559
2026-02-16,AdMob,JP,Rewarded,38340,714,258.4,8.848,0.7617
2026-02-16,AdMob,JP,Native,66716,1154,206.14,4.2941,0.7196
2026-02-16,Unity,US,Banner,182388,3786,447.86,2.7098,0.9062
2026-02-16,Unity,US,Interstitial,31541,698,214.66,8.1793,0.8321
2026-02-16,Unity,US,Rewarded,50940,1152,583.69,13.5561,0.8453
2026-02-16,Unity,US,Native,81873,1779,373.8,5.5753,0.8189
2026-02-16,Unity,IN,Banner,308059,6759,51.3,0.2166,0.7686
2026-02-16,Unity,IN,Interstitial,48910,789,29.18,0.8108,0.7357
2026-02-16,Unity,IN,Rewarded,77346,1628,59.93,1.1484,0.6748
2026-02-16,Unity,IN,Native,129180,2549,47.65,0.5351,0.6894
2026-02-16,Unity,BR,Banner,101602,1645,33.81,0.3761,0.8848
2026-02-16,Unity,BR,Interstitial,20673,458,20.1,1.2266,0.7928
2026-02-16,Unity,BR,Rewarded,35955,640,52.64,1.9596,0.7471
2026-02-16,Unity,BR,Native,59705,1292,34.89,0.833,0.7014
2026-02-16,Unity,ID,Banner,130945,2265,16.79,0.1716,0.7473
2026-02-16,Unity,ID,Interstitial,24340,413,9.63,0.5723,0.6913
2026-02-16,Unity,ID,Rewarded,41642,742,25.77,0.9229,0.6706
2026-02-16,Unity,ID,Native,76664,1490,18.99,0.3977,0.6228
2026-02-16,Unity,DE,Banner,61908,1078,93.17,1.7207,0.8746
2026-02-16,Unity,DE,Interstitial,13404,234,63.24,5.6686,0.8323
2026-02-16,Unity,DE,Rewarded,17912,320,118.17,8.2032,0.8042
2026-02-16,Unity,DE,Native,30313,658,90.55,3.7955,0.787
2026-02-16,Unity,JP,Banner,96970,1816,145.0,1.6234,0.921
2026-02-16,Unity,JP,Interstitial,20074,378,95.44,5.7031,0.8336
2026-02-16,Unity,JP,Rewarded,25114,601,195.98,9.6161,0.8115
2026-02-16,Unity,JP,Native,45239,1084,135.3,4.1691,0.7173
2026-02-16,AppLovin,US,Banner,126932,2587,306.83,2.6522,0.9114
2026-02-16,AppLovin,US,Interstitial,28319,487,192.27,7.9329,0.8559
2026-02-16,AppLovin,US,Rewarded,40787,749,376.44,11.6332,0.7934
2026-02-16,AppLovin,US,Native,62766,1485,273.53,5.8385,0.7464
2026-02-16,AppLovin,IN,Banner,227172,4686,41.59,0.2294,0.7981
2026-02-16,AppLovin,IN,Interstitial,36849,713,20.79,0.7619,0.7403
2026-02-16,AppLovin,IN,Rewarded,56242,1194,50.2,1.2738,0.7007
2026-02-16,AppLovin,IN,Native,90678,1832,33.28,0.5638,0.6509
2026-02-16,AppLovin,BR,Banner,81318,1752,25.84,0.3794,0.8376
2026-02-16,AppLovin,BR,Interstitial,16985,364,16.28,1.2302,0.7791
2026-02-16,AppLovin,BR,Rewarded,19833,378,29.39,1.934,0.7663
2026-02-16,AppLovin,BR,Native,32516,525,20.04,0.82,0.7516
2026-02-16,AppLovin,ID,Banner,99239,1927,13.82,0.1955,0.7124
2026-02-16,AppLovin,ID,Interstitial,20471,330,8.06,0.5956,0.6613
2026-02-16,AppLovin,ID,Rewarded,30988,548,18.82,0.9757,0.6225
2026-02-16,AppLovin,ID,Native,48053,1107,12.81,0.4459,0.5979
2026-02-16,AppLovin,DE,Banner,43324,921,70.44,1.7955,0.9055
2026-02-16,AppLovin,DE,Interstitial,9603,157,46.11,5.8102,0.8265
2026-02-16,AppLovin,DE,Rewarded,14529,292,106.61,8.8336,0.8306
2026-02-16,AppLovin,DE,Native,25541,569,72.03,3.565,0.7911
2026-02-16,AppLovin,JP,Banner,65433,1507,107.73,1.7878,0.9209
2026-02-16,AppLovin,JP,Interstitial,13041,268,64.49,5.8462,0.8459
2026-02-16,AppLovin,JP,Rewarded,18155,373,123.25,8.652,0.7846
2026-02-16,AppLovin,JP,Native,30576,619,93.9,4.0014,0.7675
2026-02-16,ironSource,US,Banner,87030,1918,206.45,2.4828,0.9554
2026-02-16,ironSource,US,Interstitial,18939,448,146.55,9.2449,0.837
2026-02-16,ironSource,US,Rewarded,27711,522,262.08,11.4982,0.8225
2026-02-16,ironSource,US,Native,50586,971,257.88,6.3032,0.8088
2026-02-16,ironSource,IN,Banner,156632,3309,26.03,0.2231,0.7447
2026-02-16,ironSource,IN,Interstitial,27818,489,17.33,0.8374,0.7439
2026-02-16,ironSource,IN,Rewarded,48569,1087,38.09,1.1239,0.6977
2026-02-16,ironSource,IN,Native,79086,1383,27.91,0.5207,0.6778
2026-02-16,ironSource,BR,Banner,64293,1466,19.5,0.3585,0.8461
2026-02-16,ironSource,BR,Interstitial,12750,292,10.97,1.0879,0.791
2026-02-16,ironSource,BR,Rewarded,15398,322,21.88,1.8163,0.7824
2026-02-16,ironSource,BR,Native,32344,730,20.91,0.8779,0.7364
2026-02-16,ironSource,ID,Banner,83496,1814,10.58,0.1765,0.718
2026-02-16,ironSource,ID,Interstitial,17806,417,6.86,0.5727,0.6732
2026-02-16,ironSource,ID,Rewarded,24565,587,13.63,0.8422,0.6586
2026-02-16,ironSource,ID,Native,43881,1009,11.49,0.4406,0.5941
2026-02-16,ironSource,DE,Banner,40309,664,63.42,1.7785,0.8847
2026-02-16,ironSource,DE,Interstitial,7942,187,36.39,5.2468,0.8734
2026-02-16,ironSource,DE,Rewarded,12687,281,90.91,8.8884,0.8062
2026-02-16,ironSource,DE,Native,22058,463,67.76,4.0124,0.7656
2026-02-16,ironSource,JP,Banner,53007,1251,82.29,1.7111,0.9072
2026-02-16,ironSource,JP,Interstitial,9895,210,52.85,6.2413,0.8558
2026-02-16,ironSource,JP,Rewarded,15212,250,116.11,9.687,0.788
2026-02-16,ironSource,JP,Native,27584,471,92.81,4.3461,0.7741
2026-02-17,AdMob,US,Banner,214806,4828,317.05,1.6629,0.8876
2026-02-17,AdMob,US,Interstitial,54848,1170,245.29,5.3129,0.8418
2026-02-17,AdMob,US,Rewarded,83754,1636,518.09,7.5361,0.8208
2026-02-17,AdMob,US,Native,109335,2622,341.32,3.8499,0.8109
2026-02-17,AdMob,IN,Banner,410221,8754,78.25,0.2521,0.7568
2026-02-17,AdMob,IN,Interstitial,83593,1965,55.3,0.8642,0.7655
2026-02-17,AdMob,IN,Rewarded,133278,3034,115.29,1.2885,0.6714
2026-02-17,AdMob,IN,Native,206448,4422,71.5,0.5466,0.6336
2026-02-17,AdMob,BR,Banner,142269,3314,44.04,0.3577,0.8654
2026-02-17,AdMob,BR,Interstitial,32928,590,31.24,1.1881,0.7984
2026-02-17,AdMob,BR,Rewarded,43277,891,57.55,1.66,0.801
2026-02-17,AdMob,BR,Native,66625,1350,39.43,0.8153,0.7259
2026-02-17,AdMob,ID,Banner,172130,2776,23.77,0.1962,0.7038
2026-02-17,AdMob,ID,Interstitial,34917,570,14.03,0.6096,0.6592
2026-02-17,AdMob,ID,Rewarded,57833,1070,33.21,0.9221,0.6228
2026-02-17,AdMob,ID,Native,97532,1627,23.38,0.3914,0.6124
2026-02-17,AdMob,DE,Banner,86395,1448,125.56,1.6565,0.8773
2026-02-17,AdMob,DE,Interstitial,19543,440,101.76,5.9567,0.8742
2026-02-17,AdMob,DE,Rewarded,33347,695,250.33,9.0298,0.8313
2026-02-17,AdMob,DE,Native,47981,1149,134.79,3.6049,0.7793
2026-02-17,AdMob,JP,Banner,123775,2408,204.73,1.8805,0.8796
2026-02-17,AdMob,JP,Interstitial,24327,534,120.51,6.0055,0.8249
2026-02-17,AdMob,JP,Rewarded,41710,966,311.36,9.6892,0.7704
2026-02-17,AdMob,JP,Native,59529,1097,183.96,4.0398,0.765
2026-02-17,Unity,US,Banner,151530,2820,354.18,2.4855,0.9404
2026-02-17,Unity,US,Interstitial,36360,842,285.28,8.7722,0.8944
2026-02-17,Unity,US,Rewarded,51437,1000,497.62,11.8994,0.813
2026-02-17,Unity,US,Native,93114,2070,383.86,5.3706,0.7676
2026-02-17,Unity,IN,Banner,294352,6554,59.45,0.2511,0.8043
2026-02-17,Unity,IN,Interstitial,59060,1213,36.26,0.7903,0.7768
2026-02-17,Unity,IN,Rewarded,76509,1790,62.98,1.1503,0.7156
2026-02-17,Unity,IN,Native,126506,2950,44.69,0.5132,0.6883
2026-02-17,Unity,BR,Banner,97955,1825,29.71,0.3512,0.8636
2026-02-17,Unity,BR,Interstitial,23376,413,19.91,1.1058,0.7702
2026-02-17,Unity,BR,Rewarded,29478,649,35.82,1.6607,0.7318
2026-02-17,Unity,BR,Native,47212,1008,30.62,0.9095,0.713
2026-02-17,Unity,ID,Banner,128466,2631,15.9,0.1707,0.7254
2026-02-17,Unity,ID,Interstitial,30257,592,13.28,0.6309,0.6957
2026-02-17,Unity,ID,Rewarded,46922,1058,29.41,0.9221,0.6798
2026-02-17,Unity,ID,Native,60430,1315,15.08,0.4049,0.6164
2026-02-17,Unity,DE,Banner,71057,1241,109.13,1.7444,0.8804
2026-02-17,Unity,DE,Interstitial,12126,225,58.95,5.5806,0.8711
2026-02-17,Unity,DE,Rewarded,21715,469,126.82,7.5111,0.7775
2026-02-17,Unity,DE,Native,33614,767,105.79,3.9819,0.7904
2026-02-17,Unity,JP,Banner,78894,1750,127.54,1.7951,0.9006
2026-02-17,Unity,JP,Interstitial,18994,393,87.32,5.6738,0.8103
2026-02-17,Unity,JP,Rewarded,28148,611,185.74,8.6745,0.7607
2026-02-17,Unity,JP,Native,41121,761,116.32,3.9197,0.7216
2026-02-17,AppLovin,US,Banner,128475,2155,278.83,2.4778,0.8759
2026-02-17,AppLovin,US,Interstitial,23428,479,172.39,8.7715,0.8389
2026-02-17,AppLovin,US,Rewarded,33223,549,319.67,12.0146,0.8009
2026-02-17,AppLovin,US,Native,65712,1103,313.56,5.9065,0.8079
2026-02-17,AppLovin,IN,Banner,178683,3295,33.01,0.2307,0.8007
2026-02-17,AppLovin,IN,Interstitial,38901,914,21.22,0.7683,0.7099
2026-02-17,AppLovin,IN,Rewarded,60873,1224,55.09,1.2691,0.7131
2026-02-17,AppLovin,IN,Native,87690,1693,32.33,0.576,0.6402
2026-02-17,AppLovin,BR,Banner,77905,1665,25.65,0.3803,0.8657
2026-02-17,AppLovin,BR,Interstitial,13420,291,12.03,1.1631,0.7706
2026-02-17,AppLovin,BR,Rewarded,25554,506,32.15,1.7151,0.7335
2026-02-17,AppLovin,BR,Native,41512,987,24.3,0.8487,0.6898
2026-02-17,AppLovin,ID,Banner,109859,2153,13.74,0.1667,0.7504
2026-02-17,AppLovin,ID,Interstitial,19231,409,8.09,0.5953,0.7069
2026-02-17,AppLovin,ID,Rewarded,26033,571,15.99,0.9824,0.6252
2026-02-17,AppLovin,ID,Native,52042,1195,12.13,0.3938,0.5918
2026-02-17,AppLovin,DE,Banner,48795,1064,74.73,1.701,0.9004
2026-02-17,AppLovin,DE,Interstitial,9937,227,44.13,5.2661,0.8433
2026-02-17,AppLovin,DE,Rewarded,14856,332,97.65,7.7772,0.8452
2026-02-17,AppLovin,DE,Native,21667,374,71.55,4.2342,0.7799
2026-02-17,AppLovin,JP,Banner,57571,1031,97.35,1.8693,0.9046
2026-02-17,AppLovin,JP,Interstitial,11588,201,56.43,5.7685,0.8442
2026-02-17,AppLovin,JP,Rewarded,16523,330,125.39,9.322,0.8141
2026-02-17,AppLovin,JP,Native,29973,709,91.85,4.1429,0.7397
2026-02-17,ironSource,US,Banner,108042,2198,235.9,2.4011,0.9093
2026-02-17,ironSource,US,Interstitial,20677,457,157.37,8.4459,0.9011
2026-02-17,ironSource,US,Rewarded,30046,667,348.21,13.6538,0.8488
2026-02-17,ironSource,US,Native,56846,1313,246.29,5.6721,0.7638
2026-02-17,ironSource,IN,Banner,173066,3638,33.63,0.2605,0.7459
2026-02-17,ironSource,IN,Interstitial,28588,486,16.38,0.8006,0.7155
2026-02-17,ironSource,IN,Rewarded,40975,690,34.92,1.2313,0.6921
2026-02-17,ironSource,IN,Native,75748,1405,27.42,0.5229,0.6923
2026-02-17,ironSource,BR,Banner,57011,1236,18.91,0.3845,0.8626
2026-02-17,ironSource,BR,Interstitial,12489,298,12.8,1.3071,0.7838
2026-02-17,ironSource,BR,Rewarded,19787,419,28.18,1.832,0.7774
2026-02-17,ironSource,BR,Native,26025,527,15.59,0.7926,0.7558
2026-02-17,ironSource,ID,Banner,77080,1241,10.54,0.1894,0.7218
2026-02-17,ironSource,ID,Interstitial,17133,405,7.11,0.6279,0.6611
2026-02-17,ironSource,ID,Rewarded,22012,458,12.24,0.8924,0.623
2026-02-17,ironSource,ID,Native,38505,619,9.92,0.4077,0.632
2026-02-17,ironSource,DE,Banner,43575,902,68.82,1.6736,0.9437
2026-02-17,ironSource,DE,Interstitial,6932,157,30.8,5.0057,0.8878
2026-02-17,ironSource,DE,Rewarded,11445,271,78.21,8.4448,0.8092
2026-02-17,ironSource,DE,Native,22699,528,76.01,4.2226,0.793
2026-02-17,ironSource,JP,Banner,45759,1084,78.89,1.9192,0.8984
2026-02-17,ironSource,JP,Interstitial,10213,219,47.44,5.5022,0.8441
2026-02-17,ironSource,JP,Rewarded,13741,260,96.82,8.8094,0.7998
2026-02-17,ironSource,JP,Native,24062,529,73.13,3.8918,0.781
2026-02-18,AdMob,US,Banner,212593,3418,537.83,2.6855,0.9421
2026-02-18,AdMob,US,Interstitial,48044,1067,362.82,8.6815,0.8699
2026-02-18,AdMob,US,Rewarded,73322,1315,754.8,11.8674,0.8674
2026-02-18,AdMob,US,Native,133163,2601,565.54,5.5254,0.7686
2026-02-18,AdMob,IN,Banner,363067,7432,64.98,0.2376,0.7533
2026-02-18,AdMob,IN,Interstitial,83929,1467,47.08,0.73,0.7685
2026-02-18,AdMob,IN,Rewarded,110113,2201,95.45,1.2387,0.6998
2026-02-18,AdMob,IN,Native,177689,3035,70.83,0.5942,0.6708
2026-02-18,AdMob,BR,Banner,144329,2434,47.23,0.3823,0.8558
2026-02-18,AdMob,BR,Interstitial,28854,656,26.57,1.1382,0.8089
2026-02-18,AdMob,BR,Rewarded,44139,909,62.4,1.776,0.796
2026-02-18,AdMob,BR,Native,76489,1576,44.69,0.8,0.7303
2026-02-18,AdMob,ID,Banner,193811,4263,28.64,0.1977,0.7475
2026-02-18,AdMob,ID,Interstitial,40448,746,15.95,0.5954,0.6624
2026-02-18,AdMob,ID,Rewarded,64931,1115,38.95,0.8917,0.6728
2026-02-18,AdMob,ID,Native,100250,2317,26.57,0.4323,0.613
2026-02-18,AdMob,DE,Banner,114686,1954,151.41,1.5232,0.8667
2026-02-18,AdMob,DE,Interstitial,21087,405,98.89,5.3599,0.8749
2026-02-18,AdMob,DE,Rewarded,31148,632,220.44,8.6953,0.8139
2026-02-18,AdMob,DE,Native,43823,863,127.35,3.7813,0.7685
2026-02-18,AdMob,JP,Banner,140029,2660,247.56,1.9464,0.9083
2026-02-18,AdMob,JP,Interstitial,26629,499,127.28,5.8743,0.8136
2026-02-18,AdMob,JP,Rewarded,32673,772,224.17,8.6972,0.7889
2026-02-18,AdMob,JP,Native,59001,1034,194.85,4.5381,0.7277
2026-02-18,Unity,US,Banner,175997,3127,407.67,2.638,0.8781
2026-02-18,Unity,US,Interstitial,34534,693,253.15,8.2127,0.8926
2026-02-18,Unity,US,Rewarded,47150,1030,525.91,13.7559,0.8109
2026-02-18,Unity,US,Native,94847,1984,482.12,6.5012,0.7819
2026-02-18,Unity,IN,Banner,266129,5189,51.41,0.2486,0.7771
2026-02-18,Unity,IN,Interstitial,61971,1413,34.71,0.728,0.7693
2026-02-18,Unity,IN,Rewarded,84160,2015,69.78,1.1976,0.6923
2026-02-18,Unity,IN,Native,123669,2903,47.59,0.5701,0.675
2026-02-18,Unity,BR,Banner,113826,2161,34.46,0.3704,0.8174
2026-02-18,Unity,BR,Interstitial,18724,413,20.01,1.2915,0.8277
2026-02-18,Unity,BR,Rewarded,32938,613,43.83,1.8025,0.7382
2026-02-18,Unity,BR,Native,46781,1011,28.66,0.8778,0.698
2026-02-18,Unity,ID,Banner,148074,2742,18.34,0.1785,0.6937
2026-02-18,Unity,ID,Interstitial,26488,599,10.87,0.624,0.6576
2026-02-18,Unity,ID,Rewarded,45288,966,25.3,0.8435,0.6622
2026-02-18,Unity,ID,Native,75210,1345,17.51,0.3939,0.591
2026-02-18,Unity,DE,Banner,67183,1572,108.14,1.7469,0.9214
2026-02-18,Unity,DE,Interstitial,12146,221,52.56,4.9627,0.872
2026-02-18,Unity,DE,Rewarded,19954,421,129.24,8.3272,0.7778
2026-02-18,Unity,DE,Native,33164,576,103.62,3.9522,0.7906
2026-02-18,Unity,JP,Banner,98810,1745,164.14,1.811,0.9172
2026-02-18,Unity,JP,Interstitial,18048,376,91.22,5.8847,0.8589
2026-02-18,Unity,JP,Rewarded,26206,465,199.74,9.7434,0.7823
2026-02-18,Unity,JP,Native,45168,898,144.53,4.3042,0.7434
2026-02-18,AppLovin,US,Banner,142233,2517,335.61,2.6687,0.8842
2026-02-18,AppLovin,US,Interstitial,28566,526,231.04,8.885,0.9103
2026-02-18,AppLovin,US,Rewarded,40221,820,433.7,13.2957,0.811
2026-02-18,AppLovin,US,Native,64889,1470,310.62,5.9275,0.8076
2026-02-18,AppLovin,IN,Banner,221036,4211,43.84,0.2546,0.7791
2026-02-18,AppLovin,IN,Interstitial,43976,882,25.36,0.7984,0.7222
2026-02-18,AppLovin,IN,Rewarded,53553,968,46.07,1.246,0.6905
2026-02-18,AppLovin,IN,Native,113695,2386,45.83,0.591,0.682
2026-02-18,AppLovin,BR,Banner,82631,1957,26.86,0.3787,0.8584
2026-02-18,AppLovin,BR,Interstitial,13612,275,14.22,1.3064,0.7995
2026-02-18,AppLovin,BR,Rewarded,19953,478,28.0,1.8144,0.7735
2026-02-18,AppLovin,BR,Native,42845,1025,28.0,0.9184,0.7115
2026-02-18,AppLovin,ID,Banner,98664,1977,13.3,0.1927,0.6996
2026-02-18,AppLovin,ID,Interstitial,22796,510,10.38,0.6536,0.6966
2026-02-18,AppLovin,ID,Rewarded,27087,453,16.69,0.9399,0.6556
2026-02-18,AppLovin,ID,Native,44197,757,10.71,0.3871,0.6257
2026-02-18,AppLovin,DE,Banner,49515,1072,71.79,1.6028,0.9045
2026-02-18,AppLovin,DE,Interstitial,10554,202,49.61,5.5171,0.852
2026-02-18,AppLovin,DE,Rewarded,16628,364,104.77,7.9709,0.7905
2026-02-18,AppLovin,DE,Native,23948,517,74.13,4.1172,0.7518
2026-02-18,AppLovin,JP,Banner,53970,1216,82.22,1.7588,0.8662
2026-02-18,AppLovin,JP,Interstitial,14251,307,73.23,5.9531,0.8632
2026-02-18,AppLovin,JP,Rewarded,21379,464,155.03,9.56,0.7585
2026-02-18,AppLovin,JP,Native,31582,738,87.39,3.7938,0.7294
2026-02-18,ironSource,US,Banner,112781,2532,293.91,2.7024,0.9643
2026-02-18,ironSource,US,Interstitial,17061,285,115.67,8.1393,0.833
2026-02-18,ironSource,US,Rewarded,27469,628,300.28,12.7591,0.8568
2026-02-18,ironSource,US,Native,51743,1195,261.37,6.4595,0.782
2026-02-18,ironSource,IN,Banner,157795,3014,29.4,0.2293,0.8125
2026-02-18,ironSource,IN,Interstitial,32032,767,18.64,0.7726,0.7531
2026-02-18,ironSource,IN,Rewarded,41167,778,35.59,1.296,0.6672
2026-02-18,ironSource,IN,Native,72046,1471,26.86,0.5888,0.6332
2026-02-18,ironSource,BR,Banner,56308,998,16.4,0.3336,0.8731
2026-02-18,ironSource,BR,Interstitial,11005,234,10.27,1.146,0.8145
2026-02-18,ironSource,BR,Rewarded,15395,287,19.97,1.7071,0.7597
2026-02-18,ironSource,BR,Native,33457,625,21.74,0.8883,0.7316
2026-02-18,ironSource,ID,Banner,84816,1889,11.86,0.1924,0.7268
2026-02-18,ironSource,ID,Interstitial,17195,377,7.02,0.6086,0.6712
2026-02-18,ironSource,ID,Rewarded,21888,494,13.89,0.9503,0.6677
2026-02-18,ironSource,ID,Native,39674,870,9.19,0.3942,0.5875
2026-02-18,ironSource,DE,Banner,44635,1047,65.85,1.6998,0.868
2026-02-18,ironSource,DE,Interstitial,9173,203,42.96,5.4267,0.8631
2026-02-18,ironSource,DE,Rewarded,12851,265,90.29,9.0218,0.7788
2026-02-18,ironSource,DE,Native,21151,503,69.67,4.1504,0.7936
2026-02-18,ironSource,JP,Banner,50181,972,84.13,1.9191,0.8736
2026-02-18,ironSource,JP,Interstitial,9260,167,51.8,6.3819,0.8766
2026-02-18,ironSource,JP,Rewarded,13002,307,99.71,9.568,0.8015
2026-02-18,ironSource,JP,Native,23141,386,66.41,3.8397,0.7474
2026-02-19,AdMob,US,Banner,232134,3911,489.95,2.3592,0.8946
2026-02-19,AdMob,US,Interstitial,56808,1317,401.07,8.1236,0.8691
2026-02-19,AdMob,US,Rewarded,78989,1787,871.12,13.051,0.845
2026-02-19,AdMob,US,Native,139162,2822,691.95,6.1197,0.8125
2026-02-19,AdMob,IN,Banner,373274,8678,75.5,0.2582,0.7832
2026-02-19,AdMob,IN,Interstitial,68964,1241,41.84,0.7836,0.7742
2026-02-19,AdMob,IN,Rewarded,135895,2787,129.64,1.3089,0.7288
2026-02-19,AdMob,IN,Native,208816,4393,85.56,0.6014,0.6813
2026-02-19,AdMob,BR,Banner,171701,2826,57.08,0.3734,0.8904
2026-02-19,AdMob,BR,Interstitial,26750,595,25.37,1.1884,0.7982
2026-02-19,AdMob,BR,Rewarded,40418,785,59.83,1.9714,0.7509
2026-02-19,AdMob,BR,Native,69931,1202,41.21,0.8533,0.6906
2026-02-19,AdMob,ID,Banner,214747,4798,25.4,0.1687,0.701
2026-02-19,AdMob,ID,Interstitial,35119,659,13.55,0.5925,0.6514
2026-02-19,AdMob,ID,Rewarded,63581,1479,35.36,0.8262,0.6732
2026-02-19,AdMob,ID,Native,88149,1469,24.38,0.4612,0.5996
2026-02-19,AdMob,DE,Banner,85152,1588,125.75,1.6198,0.9117
2026-02-19,AdMob,DE,Interstitial,22020,481,106.42,5.7383,0.8422
2026-02-19,AdMob,DE,Rewarded,33964,669,204.45,7.5786,0.7943
2026-02-19,AdMob,DE,Native,49969,1066,145.45,3.8825,0.7497
2026-02-19,AdMob,JP,Banner,130440,2584,201.73,1.828,0.846
2026-02-19,AdMob,JP,Interstitial,23921,474,124.83,5.9892,0.8713
2026-02-19,AdMob,JP,Rewarded,32032,712,232.76,8.8899,0.8174
2026-02-19,AdMob,JP,Native,62751,1286,186.62,3.9898,0.7454
2026-02-19,Unity,US,Banner,201243,4011,495.17,2.6235,0.9379
2026-02-19,Unity,US,Interstitial,33472,801,264.09,9.032,0.8736
2026-02-19,Unity,US,Rewarded,51824,848,508.96,11.6484,0.8431
2026-02-19,Unity,US,Native,80950,1615,374.39,5.7759,0.8007
2026-02-19,Unity,IN,Banner,240406,5619,45.65,0.2456,0.7731
2026-02-19,Unity,IN,Interstitial,55992,1236,33.61,0.8334,0.7202
2026-02-19,Unity,IN,Rewarded,89568,1753,77.75,1.297,0.6693
2026-02-19,Unity,IN,Native,147524,3472,49.89,0.5147,0.6571
2026-02-19,Unity,BR,Banner,102981,2239,33.04,0.3949,0.8123
2026-02-19,Unity,BR,Interstitial,21510,366,21.83,1.2001,0.8455
2026-02-19,Unity,BR,Rewarded,35242,818,49.17,1.8688,0.7466
2026-02-19,Unity,BR,Native,51386,1171,32.78,0.8928,0.7145
2026-02-19,Unity,ID,Banner,145738,2554,17.79,0.1671,0.7308
2026-02-19,Unity,ID,Interstitial,27260,482,9.95,0.5604,0.6513
2026-02-19,Unity,ID,Rewarded,42458,763,24.67,0.8967,0.6481
2026-02-19,Unity,ID,Native,73888,1703,19.49,0.4372,0.6033
2026-02-19,Unity,DE,Banner,73024,1168,110.54,1.7203,0.88
2026-02-19,Unity,DE,Interstitial,15534,295,74.83,5.8547,0.8228
2026-02-19,Unity,DE,Rewarded,22016,376,157.06,8.501,0.8392
2026-02-19,Unity,DE,Native,34264,552,91.76,3.5399,0.7566
2026-02-19,Unity,JP,Banner,97954,1614,161.46,1.8097,0.9108
2026-02-19,Unity,JP,Interstitial,16069,360,75.85,5.7113,0.8265
2026-02-19,Unity,JP,Rewarded,25356,421,162.66,8.4684,0.7575
2026-02-19,Unity,JP,Native,47163,1012,149.85,4.1536,0.7649
2026-02-19,AppLovin,US,Banner,111326,2423,248.71,2.3679,0.9435
2026-02-19,AppLovin,US,Interstitial,24085,440,155.81,7.7816,0.8314
2026-02-19,AppLovin,US,Rewarded,31978,542,316.8,12.0617,0.8213
2026-02-19,AppLovin,US,Native,55080,1293,278.97,6.4218,0.7887
2026-02-19,AppLovin,IN,Banner,190749,3995,35.88,0.2485,0.757
2026-02-19,AppLovin,IN,Interstitial,35555,726,19.8,0.7203,0.773
2026-02-19,AppLovin,IN,Rewarded,67684,1299,54.17,1.1601,0.6899
2026-02-19,AppLovin,IN,Native,106181,1720,41.64,0.5674,0.6912
2026-02-19,AppLovin,BR,Banner,79684,1600,22.8,0.3478,0.8228
2026-02-19,AppLovin,BR,Interstitial,15022,289,13.1,1.1129,0.7834
2026-02-19,AppLovin,BR,Rewarded,21884,350,28.01,1.7343,0.7381
2026-02-19,AppLovin,BR,Native,42790,1025,28.23,0.9145,0.7213
2026-02-19,AppLovin,ID,Banner,105209,2454,11.98,0.1645,0.6925
2026-02-19,AppLovin,ID,Interstitial,20780,406,9.48,0.6412,0.7112
2026-02-19,AppLovin,ID,Rewarded,25936,454,13.57,0.8439,0.6199
2026-02-19,AppLovin,ID,Native,48657,952,11.17,0.3879,0.5916
2026-02-19,AppLovin,DE,Banner,47602,1007,69.73,1.6393,0.8936
2026-02-19,AppLovin,DE,Interstitial,11311,258,47.05,5.0687,0.8207
2026-02-19,AppLovin,DE,Rewarded,15028,340,102.77,8.6896,0.7869
2026-02-19,AppLovin,DE,Native,28178,652,81.88,3.9543,0.7348
2026-02-19,AppLovin,JP,Banner,67984,1522,107.85,1.8903,0.8392
2026-02-19,AppLovin,JP,Interstitial,11142,201,53.19,5.6669,0.8424
2026-02-19,AppLovin,JP,Rewarded,19657,417,137.53,9.1945,0.761
2026-02-19,AppLovin,JP,Native,35224,659,104.16,3.9153,0.7553
2026-02-19,ironSource,US,Banner,98788,1603,218.65,2.4414,0.9066
2026-02-19,ironSource,US,Interstitial,22889,436,174.3,8.7122,0.8741
2026-02-19,ironSource,US,Rewarded,30354,598,308.38,12.4443,0.8164
2026-02-19,ironSource,US,Native,46639,1060,204.27,5.5693,0.7864
2026-02-19,ironSource,IN,Banner,143335,3416,23.71,0.2176,0.7603
2026-02-19,ironSource,IN,Interstitial,35156,687,22.15,0.8153,0.7728
2026-02-19,ironSource,IN,Rewarded,54959,1159,43.26,1.1511,0.6838
2026-02-19,ironSource,IN,Native,77075,1614,28.77,0.5742,0.6501
2026-02-19,ironSource,BR,Banner,55963,1290,16.23,0.3277,0.885
2026-02-19,ironSource,BR,Interstitial,13694,280,14.1,1.252,0.8223
2026-02-19,ironSource,BR,Rewarded,15980,369,20.2,1.6881,0.7489
2026-02-19,ironSource,BR,Native,27056,587,17.85,0.911,0.7241
2026-02-19,ironSource,ID,Banner,70645,1280,9.13,0.1717,0.753
2026-02-19,ironSource,ID,Interstitial,15023,268,5.58,0.5637,0.6586
2026-02-19,ironSource,ID,Rewarded,25024,424,14.54,0.892,0.6515
2026-02-19,ironSource,ID,Native,43625,831,11.28,0.4439,0.5827
2026-02-19,ironSource,DE,Banner,34825,808,56.04,1.7464,0.9214
2026-02-19,ironSource,DE,Interstitial,7367,139,33.26,5.4519,0.828
2026-02-19,ironSource,DE,Rewarded,12080,245,75.09,7.513,0.8274
2026-02-19,ironSource,DE,Native,21973,527,64.25,3.6743,0.7959
2026-02-19,ironSource,JP,Banner,56289,1158,97.06,1.9,0.9075
2026-02-19,ironSource,JP,Interstitial,9070,216,48.11,6.2124,0.8538
2026-02-19,ironSource,JP,Rewarded,15185,361,105.19,8.5885,0.8065
2026-02-19,ironSource,JP,Native,22579,392,68.75,4.0538,0.7511
2026-02-20,AdMob,US,Banner,214166,3501,503.81,2.4669,0.9536
2026-02-20,AdMob,US,Interstitial,48933,1168,399.92,8.9457,0.9136
2026-02-20,AdMob,US,Rewarded,73244,1608,803.73,13.8985,0.7895
2026-02-20,AdMob,US,Native,130352,2220,576.55,5.6519,0.7826
2026-02-20,AdMob,IN,Banner,444591,7678,81.88,0.2332,0.7898
2026-02-20,AdMob,IN,Interstitial,72947,1728,48.7,0.8787,0.7598
2026-02-20,AdMob,IN,Rewarded,112650,2248,88.56,1.1195,0.7022
2026-02-20,AdMob,IN,Native,180496,3157,69.17,0.5861,0.6538
2026-02-20,AdMob,BR,Banner,142439,2828,45.14,0.3646,0.8693
2026-02-20,AdMob,BR,Interstitial,30230,708,28.3,1.1133,0.841
2026-02-20,AdMob,BR,Rewarded,47476,998,59.29,1.6263,0.7678
2026-02-20,AdMob,BR,Native,86129,1422,59.51,0.9233,0.7483
2026-02-20,AdMob,ID,Banner,227196,4375,31.01,0.1841,0.7417
2026-02-20,AdMob,ID,Interstitial,37836,713,14.87,0.5956,0.6598
2026-02-20,AdMob,ID,Rewarded,66437,1129,33.94,0.8168,0.6254
2026-02-20,AdMob,ID,Native,97092,1666,26.54,0.4617,0.592
2026-02-20,AdMob,DE,Banner,112451,2475,171.34,1.7761,0.8579
2026-02-20,AdMob,DE,Interstitial,20932,500,103.65,5.7945,0.8545
2026-02-20,AdMob,DE,Rewarded,25894,507,162.15,7.8117,0.8016
2026-02-20,AdMob,DE,Native,56320,1084,160.23,3.8962,0.7302
2026-02-20,AdMob,JP,Banner,121868,2569,213.1,1.9676,0.8887
2026-02-20,AdMob,JP,Interstitial,26599,476,142.53,6.324,0.8473
2026-02-20,AdMob,JP,Rewarded,41708,999,318.62,9.4178,0.8112
2026-02-20,AdMob,JP,Native,68172,1173,238.57,4.4765,0.7818
2026-02-20,Unity,US,Banner,174880,3972,409.76,2.5911,0.9043
2026-02-20,Unity,US,Interstitial,37755,682,307.43,8.8755,0.9175
2026-02-20,Unity,US,Rewarded,56208,971,588.28,12.8811,0.8125
2026-02-20,Unity,US,Native,97891,1993,479.26,6.0636,0.8074
2026-02-20,Unity,IN,Banner,256478,6099,45.9,0.2322,0.7708
2026-02-20,Unity,IN,Interstitial,47694,1143,32.51,0.8777,0.7766
2026-02-20,Unity,IN,Rewarded,83410,1352,75.98,1.3113,0.6947
2026-02-20,Unity,IN,Native,128422,2615,49.4,0.6099,0.6308
2026-02-20,Unity,BR,Banner,91631,2096,25.74,0.3446,0.815
2026-02-20,Unity,BR,Interstitial,21573,512,23.01,1.2965,0.8227
2026-02-20,Unity,BR,Rewarded,31593,627,45.05,1.8499,0.7708
2026-02-20,Unity,BR,Native,57948,1291,37.28,0.8643,0.7443
2026-02-20,Unity,ID,Banner,127023,2625,16.45,0.1854,0.6984
2026-02-20,Unity,ID,Interstitial,29490,493,12.68,0.6597,0.6519
2026-02-20,Unity,ID,Rewarded,36670,834,21.62,0.8817,0.6688
2026-02-20,Unity,ID,Native,74976,1252,20.43,0.4533,0.6012
2026-02-20,Unity,DE,Banner,60721,1310,98.75,1.7662,0.9207
2026-02-20,Unity,DE,Interstitial,13326,220,63.96,5.3679,0.8942
2026-02-20,Unity,DE,Rewarded,22724,498,139.34,7.9359,0.7727
2026-02-20,Unity,DE,Native,33224,673,104.32,4.0211,0.7809
2026-02-20,Unity,JP,Banner,94781,2073,149.31,1.8292,0.8612
2026-02-20,Unity,JP,Interstitial,17967,365,84.61,5.4153,0.8696
2026-02-20,Unity,JP,Rewarded,29152,584,222.47,9.6889,0.7876
2026-02-20,Unity,JP,Native,42644,951,137.86,4.1575,0.7776
2026-02-20,AppLovin,US,Banner,110994,2304,279.33,2.6063,0.9656
2026-02-20,AppLovin,US,Interstitial,27144,515,209.32,8.9574,0.8609
2026-02-20,AppLovin,US,Rewarded,40020,868,425.47,12.75,0.8338
2026-02-20,AppLovin,US,Native,67704,1241,290.01,5.6781,0.7544
2026-02-20,AppLovin,IN,Banner,200452,3292,36.59,0.2324,0.7853
2026-02-20,AppLovin,IN,Interstitial,40117,777,23.23,0.7789,0.7436
2026-02-20,AppLovin,IN,Rewarded,56116,1203,49.48,1.297,0.6799
2026-02-20,AppLovin,IN,Native,112739,1916,43.77,0.5643,0.688
2026-02-20,AppLovin,BR,Banner,74860,1463,21.59,0.3569,0.8082
2026-02-20,AppLovin,BR,Interstitial,14410,240,15.07,1.2408,0.8429
2026-02-20,AppLovin,BR,Rewarded,21335,473,28.92,1.7799,0.7616
2026-02-20,AppLovin,BR,Native,36863,850,20.68,0.7606,0.7377
2026-02-20,AppLovin,ID,Banner,100417,1783,12.78,0.1829,0.6957
2026-02-20,AppLovin,ID,Interstitial,18411,371,7.77,0.5917,0.7133
2026-02-20,AppLovin,ID,Rewarded,27228,571,14.96,0.8579,0.6405
2026-02-20,AppLovin,ID,Native,49100,880,12.43,0.411,0.616
2026-02-20,AppLovin,DE,Banner,43683,730,57.24,1.4931,0.8776
2026-02-20,AppLovin,DE,Interstitial,9509,198,48.18,5.8002,0.8735
2026-02-20,AppLovin,DE,Rewarded,16586,318,110.09,7.8904,0.8412
2026-02-20,AppLovin,DE,Native,24256,577,67.27,3.7771,0.7343
2026-02-20,AppLovin,JP,Banner,55722,924,83.91,1.7427,0.8641
2026-02-20,AppLovin,JP,Interstitial,11195,256,49.98,5.4538,0.8186
2026-02-20,AppLovin,JP,Rewarded,17846,427,119.35,8.3226,0.8035
2026-02-20,AppLovin,JP,Native,28740,500,90.38,4.0148,0.7833
2026-02-20,ironSource,US,Banner,100336,2393,232.78,2.4172,0.9598
2026-02-20,ironSource,US,Interstitial,21888,392,155.07,8.1851,0.8656
2026-02-20,ironSource,US,Rewarded,33516,712,380.06,13.8071,0.8213
2026-02-20,ironSource,US,Native,44983,858,209.29,5.8726,0.7923
2026-02-20,ironSource,IN,Banner,153164,3540,26.6,0.216,0.8037
2026-02-20,ironSource,IN,Interstitial,36506,662,22.7,0.8351,0.7446
2026-02-20,ironSource,IN,Rewarded,55189,1184,48.18,1.2215,0.7147
2026-02-20,ironSource,IN,Native,88286,1882,28.74,0.5051,0.6445
2026-02-20,ironSource,BR,Banner,67112,1267,21.11,0.3733,0.8426
2026-02-20,ironSource,BR,Interstitial,12856,235,13.2,1.2579,0.8161
2026-02-20,ironSource,BR,Rewarded,20295,359,29.06,1.8187,0.7872
2026-02-20,ironSource,BR,Native,28596,574,17.82,0.9029,0.69
2026-02-20,ironSource,ID,Banner,79560,1412,10.59,0.189,0.7043
2026-02-20,ironSource,ID,Interstitial,18045,316,7.21,0.6086,0.657
2026-02-20,ironSource,ID,Rewarded,27591,534,15.28,0.8452,0.6552
2026-02-20,ironSource,ID,Native,44627,717,12.17,0.4414,0.6179
2026-02-20,ironSource,DE,Banner,44557,889,68.26,1.6317,0.9388
2026-02-20,ironSource,DE,Interstitial,8466,158,37.27,5.0262,0.876
2026-02-20,ironSource,DE,Rewarded,11464,200,68.27,7.6208,0.7814
2026-02-20,ironSource,DE,Native,18969,413,59.45,4.1518,0.7549
2026-02-20,ironSource,JP,Banner,43741,1042,70.42,1.8328,0.8784
2026-02-20,ironSource,JP,Interstitial,11038,193,56.38,5.9458,0.859
2026-02-20,ironSource,JP,Rewarded,15280,272,98.14,8.2343,0.78
2026-02-20,ironSource,JP,Native,26641,536,85.63,4.1917,0.7668
2026-02-21,AdMob,US,Banner,251834,5849,639.23,2.67,0.9507
2026-02-21,AdMob,US,Interstitial,58741,1013,470.08,8.9311,0.896
2026-02-21,AdMob,US,Rewarded,77561,1534,735.06,11.6558,0.8131
2026-02-21,AdMob,US,Native,165221,3560,775.3,5.8679,0.7997
2026-02-21,AdMob,IN,Banner,419218,9056,71.88,0.2188,0.7836
2026-02-21,AdMob,IN,Interstitial,105751,2015,63.33,0.7774,0.7704
2026-02-21,AdMob,IN,Rewarded,145841,2424,119.67,1.2236,0.6706
2026-02-21,AdMob,IN,Native,196932,3423,72.98,0.5455,0.6793
2026-02-21,AdMob,BR,Banner,177977,3984,53.71,0.3448,0.8752
2026-02-21,AdMob,BR,Interstitial,37350,839,35.59,1.206,0.7901
2026-02-21,AdMob,BR,Rewarded,46876,1002,59.88,1.7243,0.7408
2026-02-21,AdMob,BR,Native,91068,1530,56.47,0.8656,0.7164
2026-02-21,AdMob,ID,Banner,258370,5350,33.22,0.1803,0.7133
2026-02-21,AdMob,ID,Interstitial,41760,744,15.73,0.5559,0.6775
2026-02-21,AdMob,ID,Rewarded,63706,1265,40.19,0.9707,0.65
2026-02-21,AdMob,ID,Native,121537,2755,32.74,0.4579,0.5883
2026-02-21,AdMob,DE,Banner,117898,2341,159.39,1.5332,0.8817
2026-02-21,AdMob,DE,Interstitial,24319,522,108.85,5.2169,0.858
2026-02-21,AdMob,DE,Rewarded,33969,671,252.47,8.849,0.8399
2026-02-21,AdMob,DE,Native,65657,1250,168.17,3.5232,0.727
2026-02-21,AdMob,JP,Banner,148109,2517,240.1,1.8465,0.8779
2026-02-21,AdMob,JP,Interstitial,25908,554,144.23,6.4226,0.8668
2026-02-21,AdMob,JP,Rewarded,45249,879,319.07,9.1758,0.7685
2026-02-21,AdMob,JP,Native,76098,1798,229.26,4.2313,0.712
2026-02-21,Unity,US,Banner,222068,5193,501.8,2.4279,0.9307
2026-02-21,Unity,US,Interstitial,35371,682,261.78,8.5052,0.8702
2026-02-21,Unity,US,Rewarded,66453,1098,654.92,12.4456,0.7919
2026-02-21,Unity,US,Native,86821,1530,405.29,5.8419,0.7991
2026-02-21,Unity,IN,Banner,336148,6993,63.68,0.249,0.7609
2026-02-21,Unity,IN,Interstitial,67971,1424,39.37,0.7947,0.7289
2026-02-21,Unity,IN,Rewarded,110448,2177,90.69,1.1824,0.6944
2026-02-21,Unity,IN,Native,140531,2385,51.83,0.566,0.6516
2026-02-21,Unity,BR,Banner,119527,2013,32.62,0.3242,0.8417
2026-02-21,Unity,BR,Interstitial,20703,365,22.25,1.2779,0.8411
2026-02-21,Unity,BR,Rewarded,36652,714,48.2,1.7201,0.7645
2026-02-21,Unity,BR,Native,56191,922,34.14,0.8737,0.6955
2026-02-21,Unity,ID,Banner,173928,3433,23.29,0.186,0.7199
2026-02-21,Unity,ID,Interstitial,32174,643,12.9,0.5924,0.6767
2026-02-21,Unity,ID,Rewarded,48713,926,30.12,0.9345,0.6617
2026-02-21,Unity,ID,Native,78412,1538,19.72,0.4094,0.6142
2026-02-21,Unity,DE,Banner,89908,1948,144.29,1.7148,0.9359
2026-02-21,Unity,DE,Interstitial,18374,317,92.86,5.6493,0.8946
2026-02-21,Unity,DE,Rewarded,20907,404,148.78,8.3806,0.8492
2026-02-21,Unity,DE,Native,36772,681,110.39,3.8666,0.7764
2026-02-21,Unity,JP,Banner,107108,1963,193.16,1.971,0.9149
2026-02-21,Unity,JP,Interstitial,19078,320,92.25,5.8458,0.8272
2026-02-21,Unity,JP,Rewarded,32559,762,234.41,8.7576,0.8221
2026-02-21,Unity,JP,Native,43134,869,151.87,4.6103,0.7637
2026-02-21,AppLovin,US,Banner,138985,2916,321.53,2.5594,0.9039
2026-02-21,AppLovin,US,Interstitial,25239,407,187.73,8.7059,0.8544
2026-02-21,AppLovin,US,Rewarded,43806,726,466.27,12.95,0.8219
2026-02-21,AppLovin,US,Native,80356,1614,367.53,6.0826,0.7519
2026-02-21,AppLovin,IN,Banner,229810,5163,39.66,0.2189,0.7883
2026-02-21,AppLovin,IN,Interstitial,49436,926,28.56,0.7525,0.7678
2026-02-21,AppLovin,IN,Rewarded,78242,1625,60.18,1.0972,0.701
2026-02-21,AppLovin,IN,Native,106293,1716,42.13,0.5904,0.6714
2026-02-21,AppLovin,BR,Banner,89054,2134,26.38,0.3594,0.8242
2026-02-21,AppLovin,BR,Interstitial,19305,357,18.0,1.1502,0.8108
2026-02-21,AppLovin,BR,Rewarded,28013,628,41.3,1.9549,0.7542
2026-02-21,AppLovin,BR,Native,43104,865,26.74,0.8226,0.7542
2026-02-21,AppLovin,ID,Banner,113875,2117,14.9,0.1862,0.7028
2026-02-21,AppLovin,ID,Interstitial,25981,472,11.4,0.6214,0.7063
2026-02-21,AppLovin,ID,Rewarded,34953,604,21.9,0.9849,0.6363
2026-02-21,AppLovin,ID,Native,57687,1333,14.0,0.4106,0.5912
2026-02-21,AppLovin,DE,Banner,65964,1508,102.03,1.6726,0.9247
2026-02-21,AppLovin,DE,Interstitial,12193,202,50.33,4.9986,0.8257
2026-02-21,AppLovin,DE,Rewarded,14713,263,93.49,7.9299,0.8013
2026-02-21,AppLovin,DE,Native,24994,559,72.37,3.873,0.7477
2026-02-21,AppLovin,JP,Banner,61267,1331,108.41,1.9233,0.92
2026-02-21,AppLovin,JP,Interstitial,15382,368,81.41,6.5203,0.8117
2026-02-21,AppLovin,JP,Rewarded,23331,475,171.42,9.4078,0.781
2026-02-21,AppLovin,JP,Native,37596,626,123.43,4.3011,0.7633
2026-02-21,ironSource,US,Banner,110019,1912,248.6,2.5163,0.898
2026-02-21,ironSource,US,Interstitial,20508,338,148.19,8.2729,0.8734
2026-02-21,ironSource,US,Rewarded,39120,680,444.94,13.4264,0.8471
2026-02-21,ironSource,US,Native,59290,1303,290.9,5.9854,0.8197
2026-02-21,ironSource,IN,Banner,188182,3033,36.4,0.2568,0.7531
2026-02-21,ironSource,IN,Interstitial,38900,854,20.39,0.7357,0.7125
2026-02-21,ironSource,IN,Rewarded,51400,952,46.27,1.2309,0.7313
2026-02-21,ironSource,IN,Native,84193,1388,27.74,0.5159,0.6385
2026-02-21,ironSource,BR,Banner,60464,1309,17.92,0.3551,0.8348
2026-02-21,ironSource,BR,Interstitial,15332,257,15.75,1.2683,0.81
2026-02-21,ironSource,BR,Rewarded,22002,500,28.24,1.7506,0.7333
2026-02-21,ironSource,BR,Native,32825,762,19.5,0.7927,0.7493
2026-02-21,ironSource,ID,Banner,87555,1914,11.11,0.1748,0.7257
2026-02-21,ironSource,ID,Interstitial,15988,289,6.99,0.6112,0.715
2026-02-21,ironSource,ID,Rewarded,30985,682,19.24,0.981,0.633
2026-02-21,ironSource,ID,Native,42395,762,11.75,0.44,0.6302
2026-02-21,ironSource,DE,Banner,48978,849,76.18,1.753,0.8873
2026-02-21,ironSource,DE,Interstitial,8073,182,40.38,5.5829,0.8959
2026-02-21,ironSource,DE,Rewarded,13534,234,89.09,8.3104,0.7921
2026-02-21,ironSource,DE,Native,22876,540,67.03,3.8219,0.7667
2026-02-21,ironSource,JP,Banner,59292,1421,92.34,1.8381,0.8473
2026-02-21,ironSource,JP,Interstitial,12441,249,66.54,6.4526,0.8288
2026-02-21,ironSource,JP,Rewarded,17364,403,118.4,8.4494,0.807
2026-02-21,ironSource,JP,Native,25849,470,76.26,3.8525,0.7658
2026-02-22,AdMob,US,Banner,298183,6715,713.98,2.6498,0.9036
2026-02-22,AdMob,US,Interstitial,58362,1339,477.83,9.1273,0.897
2026-02-22,AdMob,US,Rewarded,73834,1442,709.16,12.0959,0.7941
2026-02-22,AdMob,US,Native,160567,2989,768.21,5.9114,0.8093
2026-02-22,AdMob,IN,Banner,437860,9772,87.8,0.259,0.7742
2026-02-22,AdMob,IN,Interstitial,84731,1870,55.15,0.8718,0.7465
2026-02-22,AdMob,IN,Rewarded,121005,2785,105.87,1.1982,0.7302
2026-02-22,AdMob,IN,Native,198730,3453,70.49,0.538,0.6592
2026-02-22,AdMob,BR,Banner,184402,3928,52.06,0.3373,0.837
2026-02-22,AdMob,BR,Interstitial,34314,581,36.44,1.2573,0.8447
2026-02-22,AdMob,BR,Rewarded,55003,894,71.04,1.7029,0.7585
2026-02-22,AdMob,BR,Native,76829,1782,44.24,0.8097,0.7111
2026-02-22,AdMob,ID,Banner,246685,4423,35.34,0.197,0.7271
2026-02-22,AdMob,ID,Interstitial,43621,932,16.96,0.5784,0.6721
2026-02-22,AdMob,ID,Rewarded,69637,1126,38.29,0.8794,0.6253
2026-02-22,AdMob,ID,Native,105299,1779,25.65,0.387,0.6295
2026-02-22,AdMob,DE,Banner,122735,2761,170.5,1.6123,0.8616
2026-02-22,AdMob,DE,Interstitial,23549,385,109.03,5.2093,0.8887
2026-02-22,AdMob,DE,Rewarded,31413,575,225.12,8.6659,0.827
2026-02-22,AdMob,DE,Native,49944,877,154.7,4.1257,0.7507
2026-02-22,AdMob,JP,Banner,144442,3195,236.27,1.9477,0.8398
2026-02-22,AdMob,JP,Interstitial,29375,696,148.69,5.9105,0.8564
2026-02-22,AdMob,JP,Rewarded,39621,845,273.12,8.3586,0.8247
2026-02-22,AdMob,JP,Native,70537,1564,230.37,4.2615,0.7664
2026-02-22,Unity,US,Banner,226601,4785,513.01,2.5127,0.901
2026-02-22,Unity,US,Interstitial,39232,675,294.59,8.6608,0.867
2026-02-22,Unity,US,Rewarded,59821,1193,675.27,13.2368,0.8528
2026-02-22,Unity,US,Native,90519,1747,425.84,5.8485,0.8044
2026-02-22,Unity,IN,Banner,340984,7627,62.27,0.2403,0.7598
2026-02-22,Unity,IN,Interstitial,56367,932,32.6,0.804,0.7194
2026-02-22,Unity,IN,Rewarded,96685,2123,83.13,1.1999,0.7165
2026-02-22,Unity,IN,Native,172002,3545,63.53,0.5499,0.6717
2026-02-22,Unity,BR,Banner,117908,2068,38.43,0.367,0.888
2026-02-22,Unity,BR,Interstitial,27089,495,23.45,1.0928,0.792
2026-02-22,Unity,BR,Rewarded,37598,850,49.79,1.6672,0.7942
2026-02-22,Unity,BR,Native,63129,1429,39.64,0.833,0.7538
2026-02-22,Unity,ID,Banner,160966,3332,21.85,0.1873,0.7248
2026-02-22,Unity,ID,Interstitial,30567,576,11.92,0.5955,0.6551
2026-02-22,Unity,ID,Rewarded,51137,1045,34.03,0.9816,0.678
2026-02-22,Unity,ID,Native,83074,1376,20.4,0.3936,0.624
2026-02-22,Unity,DE,Banner,75300,1234,113.39,1.7056,0.8829
2026-02-22,Unity,DE,Interstitial,17702,293,76.59,5.2914,0.8176
2026-02-22,Unity,DE,Rewarded,22351,415,143.58,7.7187,0.8322
2026-02-22,Unity,DE,Native,43929,944,120.86,3.5989,0.7645
2026-02-22,Unity,JP,Banner,105213,1875,177.25,1.8364,0.9174
2026-02-22,Unity,JP,Interstitial,20087,330,103.91,6.4608,0.8007
2026-02-22,Unity,JP,Rewarded,27772,486,198.35,9.2394,0.773
2026-02-22,Unity,JP,Native,49690,914,155.64,4.2954,0.7292
2026-02-22,AppLovin,US,Banner,148647,3309,386.45,2.7773,0.9361
2026-02-22,AppLovin,US,Interstitial,27601,619,194.81,8.1128,0.87
2026-02-22,AppLovin,US,Rewarded,42559,705,503.93,13.6341,0.8685
2026-02-22,AppLovin,US,Native,62072,1058,265.47,5.533,0.773
2026-02-22,AppLovin,IN,Banner,255575,4466,42.48,0.2171,0.7656
2026-02-22,AppLovin,IN,Interstitial,51955,1235,33.15,0.8271,0.7715
2026-02-22,AppLovin,IN,Rewarded,68939,1225,53.3,1.1362,0.6805
2026-02-22,AppLovin,IN,Native,122196,2549,39.35,0.5085,0.6333
2026-02-22,AppLovin,BR,Banner,89925,2018,28.06,0.3719,0.8391
2026-02-22,AppLovin,BR,Interstitial,17424,411,16.01,1.1053,0.8315
2026-02-22,AppLovin,BR,Rewarded,22459,385,30.22,1.7609,0.764
2026-02-22,AppLovin,BR,Native,47882,1023,28.59,0.8037,0.7429
2026-02-22,AppLovin,ID,Banner,118382,1938,14.0,0.1689,0.6999
2026-02-22,AppLovin,ID,Interstitial,21210,401,8.72,0.5815,0.7068
2026-02-22,AppLovin,ID,Rewarded,37135,884,22.0,0.8891,0.6665
2026-02-22,AppLovin,ID,Native,53012,1194,14.79,0.4504,0.6195
2026-02-22,AppLovin,DE,Banner,60114,995,85.52,1.6249,0.8755
2026-02-22,AppLovin,DE,Interstitial,11622,216,61.44,6.0394,0.8754
2026-02-22,AppLovin,DE,Rewarded,18943,305,130.48,8.6938,0.7923
2026-02-22,AppLovin,DE,Native,25456,467,83.35,4.1405,0.7907
2026-02-22,AppLovin,JP,Banner,67243,1495,117.69,1.9054,0.9185
2026-02-22,AppLovin,JP,Interstitial,14830,264,70.74,5.6912,0.8382
2026-02-22,AppLovin,JP,Rewarded,23554,448,169.57,8.7965,0.8184
2026-02-22,AppLovin,JP,Native,39432,825,119.03,4.06,0.7435
2026-02-22,ironSource,US,Banner,100174,2009,257.96,2.7786,0.9268
2026-02-22,ironSource,US,Interstitial,25341,593,202.48,9.1218,0.8759
2026-02-22,ironSource,US,Rewarded,29995,564,294.99,11.7637,0.836
2026-02-22,ironSource,US,Native,56882,1284,253.13,5.7454,0.7745
2026-02-22,ironSource,IN,Banner,189159,3440,40.05,0.2639,0.8024
2026-02-22,ironSource,IN,Interstitial,34198,554,20.28,0.7737,0.7664
2026-02-22,ironSource,IN,Rewarded,50731,903,46.84,1.2972,0.7118
2026-02-22,ironSource,IN,Native,84248,1520,34.87,0.6006,0.6891
2026-02-22,ironSource,BR,Banner,67354,1516,22.59,0.3841,0.873
2026-02-22,ironSource,BR,Interstitial,13876,239,14.3,1.2988,0.7934
2026-02-22,ironSource,BR,Rewarded,21996,366,31.61,1.8142,0.7921
2026-02-22,ironSource,BR,Native,38057,621,22.48,0.8053,0.7337
2026-02-22,ironSource,ID,Banner,95024,1684,12.68,0.1878,0.7106
2026-02-22,ironSource,ID,Interstitial,18607,335,8.0,0.64,0.6719
2026-02-22,ironSource,ID,Rewarded,25769,413,16.15,0.9808,0.6389
2026-02-22,ironSource,ID,Native,49887,1191,12.84,0.4367,0.5893
2026-02-22,ironSource,DE,Banner,47491,1101,69.7,1.6503,0.8894
2026-02-22,ironSource,DE,Interstitial,8493,187,36.78,5.2643,0.8227
2026-02-22,ironSource,DE,Rewarded,14195,301,94.2,8.43,0.7872
2026-02-22,ironSource,DE,Native,24831,466,73.2,3.7406,0.7881
2026-02-22,ironSource,JP,Banner,61952,1471,89.44,1.6321,0.8845
2026-02-22,ironSource,JP,Interstitial,13160,217,62.76,5.7381,0.8311
2026-02-22,ironSource,JP,Rewarded,19182,324,137.01,9.1234,0.7829
2026-02-22,ironSource,JP,Native,32603,612,100.81,4.2254,0.7318
2026-02-23,AdMob,US,Banner,232802,5320,581.24,2.6019,0.9596
2026-02-23,AdMob,US,Interstitial,49405,890,387.99,9.055,0.8673
2026-02-23,AdMob,US,Rewarded,85876,2053,855.68,12.2499,0.8134
2026-02-23,AdMob,US,Native,111272,2235,568.45,6.26,0.8161
2026-02-23,AdMob,IN,Banner,340302,6577,59.7,0.234,0.7497
2026-02-23,AdMob,IN,Interstitial,86960,1778,50.57,0.7902,0.736
2026-02-23,AdMob,IN,Rewarded,122940,2775,108.82,1.2855,0.6885
2026-02-23,AdMob,IN,Native,203956,3852,71.21,0.5377,0.6494
2026-02-23,AdMob,BR,Banner,155521,3203,46.92,0.3406,0.8857
2026-02-23,AdMob,BR,Interstitial,33780,546,29.29,1.0911,0.7948
2026-02-23,AdMob,BR,Rewarded,41925,817,59.04,1.9303,0.7296
2026-02-23,AdMob,BR,Native,66395,1393,40.97,0.826,0.747
2026-02-23,AdMob,ID,Banner,214205,4642,28.12,0.1746,0.752
2026-02-23,AdMob,ID,Interstitial,39061,805,16.46,0.5912,0.7126
2026-02-23,AdMob,ID,Rewarded,63714,1388,35.53,0.8851,0.6301
2026-02-23,AdMob,ID,Native,103234,1823,26.87,0.4201,0.6196
2026-02-23,AdMob,DE,Banner,108818,2020,182.97,1.7979,0.9352
2026-02-23,AdMob,DE,Interstitial,19436,396,97.96,5.8392,0.8631
2026-02-23,AdMob,DE,Rewarded,33839,552,228.1,8.3094,0.8112
2026-02-23,AdMob,DE,Native,43541,838,120.38,3.4707,0.7966
2026-02-23,AdMob,JP,Banner,123821,2584,211.97,1.9243,0.8896
2026-02-23,AdMob,JP,Interstitial,23474,385,121.41,6.4007,0.8081
2026-02-23,AdMob,JP,Rewarded,34030,727,226.26,8.5819,0.7748
2026-02-23,AdMob,JP,Native,57209,982,178.47,4.3484,0.7174
2026-02-23,Unity,US,Banner,175463,4167,462.42,2.7652,0.9531
2026-02-23,Unity,US,Interstitial,36580,767,284.83,8.7989,0.8849
2026-02-23,Unity,US,Rewarded,46942,917,494.21,12.8615,0.8186
2026-02-23,Unity,US,Native,88119,1454,374.2,5.5078,0.771
2026-02-23,Unity,IN,Banner,320292,7408,54.05,0.2217,0.7612
2026-02-23,Unity,IN,Interstitial,55709,942,30.26,0.7417,0.7324
2026-02-23,Unity,IN,Rewarded,76445,1716,58.27,1.0925,0.6977
2026-02-23,Unity,IN,Native,143610,2692,52.82,0.5719,0.6431
2026-02-23,Unity,BR,Banner,115875,2302,33.7,0.3303,0.8804
2026-02-23,Unity,BR,Interstitial,23124,509,21.24,1.1563,0.7945
2026-02-23,Unity,BR,Rewarded,34193,570,46.64,1.7027,0.8012
2026-02-23,Unity,BR,Native,45703,1082,28.9,0.856,0.7386
2026-02-23,Unity,ID,Banner,136007,2491,16.12,0.1629,0.7274
2026-02-23,Unity,ID,Interstitial,27436,545,10.74,0.5986,0.6542
2026-02-23,Unity,ID,Rewarded,41071,717,25.33,0.9383,0.6574
2026-02-23,Unity,ID,Native,63828,1356,15.09,0.3991,0.5924
2026-02-23,Unity,DE,Banner,80383,1549,124.31,1.7002,0.9096
2026-02-23,Unity,DE,Interstitial,13212,263,70.39,5.9522,0.8951
2026-02-23,Unity,DE,Rewarded,19678,435,133.51,8.6957,0.7802
2026-02-23,Unity,DE,Native,38348,915,109.45,3.5612,0.8015
2026-02-23,Unity,JP,Banner,98963,2044,152.66,1.7986,0.8577
2026-02-23,Unity,JP,Interstitial,17079,363,80.01,5.6471,0.8296
2026-02-23,Unity,JP,Rewarded,22870,503,149.99,8.7002,0.7538
2026-02-23,Unity,JP,Native,45596,737,136.79,3.8326,0.7828
2026-02-23,AppLovin,US,Banner,128373,2089,326.96,2.6909,0.9465
2026-02-23,AppLovin,US,Interstitial,28048,556,227.19,9.2114,0.8794
2026-02-23,AppLovin,US,Rewarded,32379,718,342.92,12.908,0.8205
2026-02-23,AppLovin,US,Native,60697,1035,281.12,6.1685,0.7508
2026-02-23,AppLovin,IN,Banner,178382,3987,30.48,0.2182,0.7832
2026-02-23,AppLovin,IN,Interstitial,41324,773,25.31,0.812,0.7544
2026-02-23,AppLovin,IN,Rewarded,57515,994,47.64,1.1554,0.7169
2026-02-23,AppLovin,IN,Native,85390,1782,33.74,0.5708,0.6923
2026-02-23,AppLovin,BR,Banner,81365,1769,25.75,0.3724,0.8498
2026-02-23,AppLovin,BR,Interstitial,16458,292,14.82,1.1339,0.7943
2026-02-23,AppLovin,BR,Rewarded,22177,421,32.38,1.9386,0.7532
2026-02-23,AppLovin,BR,Native,41554,951,25.39,0.8426,0.7251
2026-02-23,AppLovin,ID,Banner,99715,1737,12.84,0.1865,0.6902
2026-02-23,AppLovin,ID,Interstitial,19426,461,8.34,0.5994,0.7159
2026-02-23,AppLovin,ID,Rewarded,33160,713,19.49,0.8668,0.6781
2026-02-23,AppLovin,ID,Native,48394,830,12.32,0.4369,0.5824
2026-02-23,AppLovin,DE,Banner,54945,1099,82.83,1.698,0.8878
2026-02-23,AppLovin,DE,Interstitial,11215,190,53.58,5.6447,0.8463
2026-02-23,AppLovin,DE,Rewarded,14071,278,102.38,9.0393,0.8049
2026-02-23,AppLovin,DE,Native,24989,538,80.08,4.1458,0.773
2026-02-23,AppLovin,JP,Banner,60426,1425,90.44,1.6305,0.9179
2026-02-23,AppLovin,JP,Interstitial,14184,304,79.9,6.5324,0.8624
2026-02-23,AppLovin,JP,Rewarded,20687,395,144.92,9.181,0.763
2026-02-23,AppLovin,JP,Native,35668,597,112.72,4.075,0.7755
2026-02-23,ironSource,US,Banner,95025,1610,206.59,2.474,0.8787
2026-02-23,ironSource,US,Interstitial,18158,333,137.72,9.0743,0.8358
2026-02-23,ironSource,US,Rewarded,25591,541,284.11,13.2489,0.838
2026-02-23,ironSource,US,Native,48115,1082,215.46,5.6028,0.7992
2026-02-23,ironSource,IN,Banner,142652,2474,25.96,0.2394,0.7604
2026-02-23,ironSource,IN,Interstitial,34249,632,19.88,0.8061,0.72
2026-02-23,ironSource,IN,Rewarded,54719,1076,51.18,1.2837,0.7287
2026-02-23,ironSource,IN,Native,82971,1593,28.78,0.5462,0.635
2026-02-23,ironSource,BR,Banner,61691,1061,18.7,0.3447,0.8796
2026-02-23,ironSource,BR,Interstitial,11521,187,10.23,1.11,0.7998
2026-02-23,ironSource,BR,Rewarded,16771,341,22.59,1.7643,0.7633
2026-02-23,ironSource,BR,Native,27974,518,17.07,0.8439,0.7232
2026-02-23,ironSource,ID,Banner,87924,2073,11.31,0.1816,0.7079
2026-02-23,ironSource,ID,Interstitial,17656,335,8.1,0.6579,0.6971
2026-02-23,ironSource,ID,Rewarded,22422,471,14.15,0.9294,0.6792
2026-02-23,ironSource,ID,Native,44579,1036,10.96,0.4056,0.6063
2026-02-23,ironSource,DE,Banner,43082,843,72.06,1.8089,0.9247
2026-02-23,ironSource,DE,Interstitial,8074,145,41.22,5.9406,0.8594
2026-02-23,ironSource,DE,Rewarded,11768,258,75.71,8.2769,0.7773
2026-02-23,ironSource,DE,Native,17656,348,52.57,3.7768,0.7883
2026-02-23,ironSource,JP,Banner,55130,974,88.43,1.7431,0.9203
2026-02-23,ironSource,JP,Interstitial,8614,153,47.6,6.4469,0.8571
2026-02-23,ironSource,JP,Rewarded,17181,344,128.05,9.0041,0.8277
2026-02-23,ironSource,JP,Native,24789,502,75.81,4.1573,0.7356
2026-02-24,AdMob,US,Banner,246441,4363,512.02,2.3137,0.898
2026-02-24,AdMob,US,Interstitial,55511,1313,431.63,8.6681,0.897
2026-02-24,AdMob,US,Rewarded,78240,1368,888.66,13.9807,0.8124
2026-02-24,AdMob,US,Native,121374,2485,583.64,5.9153,0.8129
2026-02-24,AdMob,IN,Banner,375061,6487,73.66,0.2516,0.7805
2026-02-24,AdMob,IN,Interstitial,81843,1693,54.31,0.8658,0.7664
2026-02-24,AdMob,IN,Rewarded,115574,2544,89.05,1.1009,0.6999
2026-02-24,AdMob,IN,Native,191616,4325,70.29,0.5304,0.6916
2026-02-24,AdMob,BR,Banner,156222,2628,42.76,0.3338,0.8198
2026-02-24,AdMob,BR,Interstitial,31046,743,28.72,1.1077,0.8352
2026-02-24,AdMob,BR,Rewarded,43195,1014,60.18,1.7833,0.7812
2026-02-24,AdMob,BR,Native,83867,1848,44.86,0.7657,0.6986
2026-02-24,AdMob,ID,Banner,211333,4701,25.38,0.1668,0.7201
2026-02-24,AdMob,ID,Interstitial,36625,815,15.43,0.6446,0.6534
2026-02-24,AdMob,ID,Rewarded,62084,1381,35.64,0.8667,0.6623
2026-02-24,AdMob,ID,Native,113016,2353,28.81,0.4089,0.6234
2026-02-24,AdMob,DE,Banner,100756,1839,153.29,1.7788,0.8553
2026-02-24,AdMob,DE,Interstitial,20229,428,92.64,5.1461,0.8899
2026-02-24,AdMob,DE,Rewarded,29800,609,210.63,8.7693,0.806
2026-02-24,AdMob,DE,Native,42541,915,117.52,3.7466,0.7374
2026-02-24,AdMob,JP,Banner,124213,2195,188.34,1.7286,0.8772
2026-02-24,AdMob,JP,Interstitial,28188,566,133.48,5.4648,0.8665
2026-02-24,AdMob,JP,Rewarded,38838,708,278.32,8.6447,0.829
2026-02-24,AdMob,JP,Native,64166,1301,229.92,4.6145,0.7765
2026-02-24,Unity,US,Banner,200744,3863,475.64,2.6527,0.8932
2026-02-24,Unity,US,Interstitial,33262,687,245.63,8.2348,0.8968
2026-02-24,Unity,US,Rewarded,45224,1084,503.04,13.7125,0.8112
2026-02-24,Unity,US,Native,99422,1766,519.02,6.4742,0.8063
2026-02-24,Unity,IN,Banner,282741,5905,48.81,0.2268,0.7613
2026-02-24,Unity,IN,Interstitial,48286,919,32.62,0.8751,0.772
2026-02-24,Unity,IN,Rewarded,84388,1815,73.31,1.1919,0.7288
2026-02-24,Unity,IN,Native,130680,3093,47.66,0.554,0.6583
2026-02-24,Unity,BR,Banner,94772,2196,27.63,0.3304,0.8824
2026-02-24,Unity,BR,Interstitial,23341,478,23.03,1.2026,0.8204
2026-02-24,Unity,BR,Rewarded,27431,510,36.62,1.8345,0.7278
2026-02-24,Unity,BR,Native,59308,1067,36.1,0.8071,0.7543
2026-02-24,Unity,ID,Banner,132211,2645,18.03,0.1846,0.7388
2026-02-24,Unity,ID,Interstitial,31209,548,12.12,0.5448,0.7129
2026-02-24,Unity,ID,Rewarded,46841,1001,27.67,0.8822,0.6696
2026-02-24,Unity,ID,Native,63194,1134,17.15,0.4551,0.5964
2026-02-24,Unity,DE,Banner,76597,1534,101.87,1.5199,0.875
2026-02-24,Unity,DE,Interstitial,15388,333,67.58,5.1122,0.8591
2026-02-24,Unity,DE,Rewarded,23271,493,173.87,8.9687,0.8331
2026-02-24,Unity,DE,Native,34303,821,95.15,3.5513,0.781
2026-02-24,Unity,JP,Banner,93714,1960,134.04,1.626,0.8797
2026-02-24,Unity,JP,Interstitial,18495,328,97.41,6.2637,0.8409
2026-02-24,Unity,JP,Rewarded,29732,552,214.47,9.354,0.7712
2026-02-24,Unity,JP,Native,49287,803,165.26,4.5255,0.7409
2026-02-24,AppLovin,US,Banner,108068,2234,245.7,2.4398,0.9319
2026-02-24,AppLovin,US,Interstitial,26003,437,191.88,8.8694,0.832
2026-02-24,AppLovin,US,Rewarded,35919,758,338.03,11.8699,0.7928
2026-02-24,AppLovin,US,Native,68412,1459,345.0,6.2506,0.8068
2026-02-24,AppLovin,IN,Banner,214120,3739,40.14,0.229,0.8185
2026-02-24,AppLovin,IN,Interstitial,36573,874,21.75,0.7662,0.7762
2026-02-24,AppLovin,IN,Rewarded,65308,1552,56.55,1.231,0.7034
2026-02-24,AppLovin,IN,Native,105868,1976,42.02,0.6098,0.6508
2026-02-24,AppLovin,BR,Banner,82981,1664,24.67,0.3348,0.8879
2026-02-24,AppLovin,BR,Interstitial,16918,336,16.2,1.1608,0.8249
2026-02-24,AppLovin,BR,Rewarded,23355,502,33.69,1.8016,0.8007
2026-02-24,AppLovin,BR,Native,34702,658,22.32,0.9088,0.7076
2026-02-24,AppLovin,ID,Banner,88063,1591,12.06,0.1944,0.7046
2026-02-24,AppLovin,ID,Interstitial,22521,498,9.46,0.6367,0.6594
2026-02-24,AppLovin,ID,Rewarded,33717,687,18.59,0.8241,0.6691
2026-02-24,AppLovin,ID,Native,52537,854,13.75,0.4194,0.6241
2026-02-24,AppLovin,DE,Banner,53940,928,72.3,1.496,0.896
2026-02-24,AppLovin,DE,Interstitial,10970,213,49.44,5.295,0.8511
2026-02-24,AppLovin,DE,Rewarded,16226,269,111.14,8.2189,0.8334
2026-02-24,AppLovin,DE,Native,22686,376,70.52,3.8897,0.7992
2026-02-24,AppLovin,JP,Banner,53932,1035,80.68,1.6764,0.8924
2026-02-24,AppLovin,JP,Interstitial,13720,252,61.02,5.4863,0.8106
2026-02-24,AppLovin,JP,Rewarded,19462,458,138.46,9.3333,0.7622
2026-02-24,AppLovin,JP,Native,29759,529,97.71,4.3791,0.7498
2026-02-24,ironSource,US,Banner,110386,2285,272.59,2.7123,0.9104
2026-02-24,ironSource,US,Interstitial,18546,421,140.28,8.8227,0.8573
2026-02-24,ironSource,US,Rewarded,27456,481,255.67,11.5127,0.8088
2026-02-24,ironSource,US,Native,50124,898,225.18,5.5974,0.8026
2026-02-24,ironSource,IN,Banner,169934,4078,33.88,0.2438,0.8179
2026-02-24,ironSource,IN,Interstitial,35547,782,21.92,0.8416,0.7326
2026-02-24,ironSource,IN,Rewarded,54576,968,41.75,1.0856,0.7047
2026-02-24,ironSource,IN,Native,81389,1660,30.24,0.5562,0.668
2026-02-24,ironSource,BR,Banner,68281,1267,21.84,0.3638,0.8794
2026-02-24,ironSource,BR,Interstitial,11777,224,11.09,1.1929,0.7896
2026-02-24,ironSource,BR,Rewarded,18531,348,26.28,1.8289,0.7754
2026-02-24,ironSource,BR,Native,28342,510,16.94,0.8588,0.696
2026-02-24,ironSource,ID,Banner,69011,1114,7.97,0.1646,0.7015
2026-02-24,ironSource,ID,Interstitial,14777,288,5.98,0.6186,0.654
2026-02-24,ironSource,ID,Rewarded,26974,631,16.32,0.9524,0.6354
2026-02-24,ironSource,ID,Native,37955,871,9.36,0.3841,0.6422
2026-02-24,ironSource,DE,Banner,39591,695,61.79,1.7049,0.9154
2026-02-24,ironSource,DE,Interstitial,7280,117,35.43,5.4665,0.8902
2026-02-24,ironSource,DE,Rewarded,13017,274,79.12,7.5199,0.8082
2026-02-24,ironSource,DE,Native,21120,436,56.25,3.51,0.7588
2026-02-24,ironSource,JP,Banner,43490,877,64.91,1.6686,0.8944
2026-02-24,ironSource,JP,Interstitial,8985,144,47.26,6.0423,0.8705
2026-02-24,ironSource,JP,Rewarded,15641,269,96.95,8.2326,0.7529
2026-02-24,ironSource,JP,Native,24421,512,79.58,4.454,0.7317
2026-02-25,AdMob,US,Banner,243336,5445,541.3,2.4145,0.9213
2026-02-25,AdMob,US,Interstitial,54987,1228,429.76,9.0891,0.8599
2026-02-25,AdMob,US,Rewarded,68524,1103,791.89,13.358,0.8651
2026-02-25,AdMob,US,Native,122763,2137,599.95,6.1258,0.7978
2026-02-25,AdMob,IN,Banner,456661,7381,84.52,0.2455,0.7538
2026-02-25,AdMob,IN,Interstitial,86798,1787,45.44,0.7328,0.7144
2026-02-25,AdMob,IN,Rewarded,123726,2745,106.97,1.2449,0.6945
2026-02-25,AdMob,IN,Native,228461,5352,82.58,0.5344,0.6765
2026-02-25,AdMob,BR,Banner,158382,3212,48.83,0.373,0.8265
2026-02-25,AdMob,BR,Interstitial,30562,497,32.33,1.248,0.8476
2026-02-25,AdMob,BR,Rewarded,39130,668,50.53,1.6481,0.7836
2026-02-25,AdMob,BR,Native,77755,1378,45.34,0.8105,0.7194
2026-02-25,AdMob,ID,Banner,221966,4571,30.56,0.1831,0.752
2026-02-25,AdMob,ID,Interstitial,35486,773,14.27,0.5605,0.7175
2026-02-25,AdMob,ID,Rewarded,51887,957,31.22,0.9367,0.6423
2026-02-25,AdMob,ID,Native,89621,1641,23.53,0.4486,0.5853
2026-02-25,AdMob,DE,Banner,94191,1515,130.49,1.5381,0.9007
2026-02-25,AdMob,DE,Interstitial,18805,355,94.28,5.977,0.8388
2026-02-25,AdMob,DE,Rewarded,29758,521,207.53,8.3518,0.835
2026-02-25,AdMob,DE,Native,55576,927,175.95,4.0483,0.782
2026-02-25,AdMob,JP,Banner,107061,2213,179.05,1.8338,0.912
2026-02-25,AdMob,JP,Interstitial,22849,497,107.32,5.5086,0.8527
2026-02-25,AdMob,JP,Rewarded,33815,698,216.29,8.1507,0.7847
2026-02-25,AdMob,JP,Native,66362,1120,223.85,4.4604,0.7563
2026-02-25,Unity,US,Banner,184585,4240,494.23,2.7969,0.9573
2026-02-25,Unity,US,Interstitial,32922,705,265.86,8.9263,0.9047
2026-02-25,Unity,US,Rewarded,48571,827,556.56,13.9073,0.8239
2026-02-25,Unity,US,Native,77256,1294,367.76,6.1255,0.7771
2026-02-25,Unity,IN,Banner,300190,5288,60.9,0.2544,0.7976
2026-02-25,Unity,IN,Interstitial,59188,1135,31.04,0.7217,0.7266
2026-02-25,Unity,IN,Rewarded,92448,1739,72.45,1.1737,0.6677
2026-02-25,Unity,IN,Native,139954,2441,59.13,0.6103,0.6922
2026-02-25,Unity,BR,Banner,95082,1525,27.92,0.3358,0.8746
2026-02-25,Unity,BR,Interstitial,18651,312,17.75,1.2091,0.7871
2026-02-25,Unity,BR,Rewarded,30175,719,39.72,1.7187,0.7658
2026-02-25,Unity,BR,Native,46582,1072,28.74,0.8186,0.7537
2026-02-25,Unity,ID,Banner,135559,2941,17.51,0.1872,0.6903
2026-02-25,Unity,ID,Interstitial,31972,559,13.22,0.6045,0.6839
2026-02-25,Unity,ID,Rewarded,43685,708,26.33,0.9163,0.6578
2026-02-25,Unity,ID,Native,71023,1254,18.06,0.428,0.5941
2026-02-25,Unity,DE,Banner,65300,1486,102.15,1.7199,0.9096
2026-02-25,Unity,DE,Interstitial,13141,251,68.52,5.9533,0.8758
2026-02-25,Unity,DE,Rewarded,18450,341,122.66,7.849,0.847
2026-02-25,Unity,DE,Native,33213,604,94.56,3.611,0.7885
2026-02-25,Unity,JP,Banner,83044,1601,128.43,1.7692,0.8742
2026-02-25,Unity,JP,Interstitial,17519,392,96.39,6.3774,0.8627
2026-02-25,Unity,JP,Rewarded,23108,392,167.96,9.5394,0.7619
2026-02-25,Unity,JP,Native,49628,1141,166.74,4.4683,0.7519
2026-02-25,AppLovin,US,Banner,143351,3158,347.62,2.6064,0.9304
2026-02-25,AppLovin,US,Interstitial,22991,431,163.57,7.9341,0.8967
2026-02-25,AppLovin,US,Rewarded,33394,792,334.69,12.2779,0.8163
2026-02-25,AppLovin,US,Native,66211,1537,324.51,5.9867,0.8187
2026-02-25,AppLovin,IN,Banner,200720,3581,40.23,0.2595,0.7725
2026-02-25,AppLovin,IN,Interstitial,36792,782,22.52,0.826,0.7411
2026-02-25,AppLovin,IN,Rewarded,63349,1283,46.11,1.0854,0.6707
2026-02-25,AppLovin,IN,Native,90731,1876,34.76,0.5748,0.6665
2026-02-25,AppLovin,BR,Banner,70555,1692,22.92,0.3701,0.878
2026-02-25,AppLovin,BR,Interstitial,16522,354,15.7,1.2138,0.7827
2026-02-25,AppLovin,BR,Rewarded,25454,437,32.22,1.6963,0.7463
2026-02-25,AppLovin,BR,Native,40163,923,22.87,0.8243,0.6909
2026-02-25,AppLovin,ID,Banner,101730,1863,12.54,0.1739,0.7088
2026-02-25,AppLovin,ID,Interstitial,19732,437,7.87,0.5804,0.6873
2026-02-25,AppLovin,ID,Rewarded,31570,717,17.71,0.863,0.6499
2026-02-25,AppLovin,ID,Native,43523,918,10.3,0.3846,0.6154
2026-02-25,AppLovin,DE,Banner,45671,1068,72.19,1.7309,0.9132
2026-02-25,AppLovin,DE,Interstitial,9006,184,42.63,5.7765,0.8194
2026-02-25,AppLovin,DE,Rewarded,15233,244,102.95,8.0658,0.8379
2026-02-25,AppLovin,DE,Native,25151,411,71.59,3.6322,0.7836
2026-02-25,AppLovin,JP,Banner,68716,1183,120.07,1.9217,0.9093
2026-02-25,AppLovin,JP,Interstitial,12989,282,60.87,5.4172,0.8651
2026-02-25,AppLovin,JP,Rewarded,18925,382,135.39,9.4151,0.7599
2026-02-25,AppLovin,JP,Native,29293,640,104.32,4.597,0.7747
2026-02-25,ironSource,US,Banner,113012,2102,267.31,2.4719,0.9569
2026-02-25,ironSource,US,Interstitial,21396,404,158.45,8.9019,0.8319
2026-02-25,ironSource,US,Rewarded,25674,522,286.73,14.0176,0.7967
2026-02-25,ironSource,US,Native,54358,1133,237.46,5.5945,0.7808
2026-02-25,ironSource,IN,Banner,143689,2541,27.83,0.2534,0.7643
2026-02-25,ironSource,IN,Interstitial,32559,750,19.75,0.7857,0.7721
2026-02-25,ironSource,IN,Rewarded,47760,866,38.42,1.1662,0.6898
2026-02-25,ironSource,IN,Native,81069,1420,31.33,0.5942,0.6505
2026-02-25,ironSource,BR,Banner,59558,1199,16.99,0.329,0.8671
2026-02-25,ironSource,BR,Interstitial,11986,200,11.6,1.1521,0.8402
2026-02-25,ironSource,BR,Rewarded,19997,436,27.88,1.7556,0.7941
2026-02-25,ironSource,BR,Native,26437,429,17.42,0.8957,0.7357
2026-02-25,ironSource,ID,Banner,71208,1564,9.63,0.1849,0.7317
2026-02-25,ironSource,ID,Interstitial,17057,351,7.42,0.6191,0.7022
2026-02-25,ironSource,ID,Rewarded,22277,421,13.39,0.9742,0.6168
2026-02-25,ironSource,ID,Native,42746,706,10.31,0.4139,0.5829
2026-02-25,ironSource,DE,Banner,41783,837,68.17,1.8034,0.9047
2026-02-25,ironSource,DE,Interstitial,7563,137,32.21,5.2324,0.814
2026-02-25,ironSource,DE,Rewarded,11816,256,71.13,7.7516,0.7766
2026-02-25,ironSource,DE,Native,22367,367,72.48,4.1863,0.774
2026-02-25,ironSource,JP,Banner,53612,1192,79.63,1.6596,0.8949
2026-02-25,ironSource,JP,Interstitial,10677,230,59.79,6.5423,0.8559
2026-02-25,ironSource,JP,Rewarded,13927,323,104.25,9.7646,0.7666
2026-02-25,ironSource,JP,Native,23594,377,70.88,3.8893,0.7724
2026-02-26,AdMob,US,Banner,274906,5919,637.9,2.4288,0.9554
2026-02-26,AdMob,US,Interstitial,52492,1188,362.74,8.271,0.8355
2026-02-26,AdMob,US,Rewarded,67595,1342,702.35,12.4243,0.8363
2026-02-26,AdMob,US,Native,113699,2604,472.51,5.5223,0.7525
2026-02-26,AdMob,IN,Banner,343787,5804,68.37,0.2629,0.7565
2026-02-26,AdMob,IN,Interstitial,81847,1866,44.9,0.7328,0.7486
2026-02-26,AdMob,IN,Rewarded,103724,1791,91.64,1.272,0.6946
2026-02-26,AdMob,IN,Native,180565,4141,69.83,0.6069,0.6372
2026-02-26,AdMob,BR,Banner,151991,3425,42.07,0.3268,0.847
2026-02-26,AdMob,BR,Interstitial,32035,543,32.09,1.1973,0.8366
2026-02-26,AdMob,BR,Rewarded,50534,1139,75.96,1.9247,0.7809
2026-02-26,AdMob,BR,Native,75985,1431,48.02,0.8694,0.7269
2026-02-26,AdMob,ID,Banner,204131,3724,25.02,0.1713,0.7157
2026-02-26,AdMob,ID,Interstitial,35474,675,14.53,0.5786,0.7081
2026-02-26,AdMob,ID,Rewarded,64464,1090,34.89,0.8415,0.6431
2026-02-26,AdMob,ID,Native,89158,1578,23.71,0.4299,0.6186
2026-02-26,AdMob,DE,Banner,99232,1602,152.92,1.7699,0.8707
2026-02-26,AdMob,DE,Interstitial,20911,436,93.85,5.0088,0.896
2026-02-26,AdMob,DE,Rewarded,29733,497,197.34,8.1345,0.8159
2026-02-26,AdMob,DE,Native,56450,1157,165.05,3.9467,0.7408
2026-02-26,AdMob,JP,Banner,111247,2357,161.29,1.6263,0.8915
2026-02-26,AdMob,JP,Interstitial,25627,421,121.65,5.6202,0.8446
2026-02-26,AdMob,JP,Rewarded,38728,897,283.37,9.0972,0.8043
2026-02-26,AdMob,JP,Native,69069,1531,249.17,4.6037,0.7836
2026-02-26,Unity,US,Banner,198962,3303,512.45,2.7373,0.9409
2026-02-26,Unity,US,Interstitial,30265,681,239.77,9.0739,0.8731
2026-02-26,Unity,US,Rewarded,49553,1155,522.68,12.489,0.8446
2026-02-26,Unity,US,Native,76678,1420,393.78,6.3802,0.8049
2026-02-26,Unity,IN,Banner,267838,5307,43.38,0.2182,0.7422
2026-02-26,Unity,IN,Interstitial,49205,1012,28.33,0.751,0.7667
2026-02-26,Unity,IN,Rewarded,87367,2004,71.27,1.125,0.7251
2026-02-26,Unity,IN,Native,140979,3080,58.62,0.6062,0.6859
2026-02-26,Unity,BR,Banner,112373,1858,30.95,0.3316,0.8305
2026-02-26,Unity,BR,Interstitial,17904,320,16.78,1.118,0.8382
2026-02-26,Unity,BR,Rewarded,35942,718,49.13,1.835,0.7449
2026-02-26,Unity,BR,Native,48075,779,33.11,0.9213,0.7476
2026-02-26,Unity,ID,Banner,158806,3392,20.59,0.188,0.6899
2026-02-26,Unity,ID,Interstitial,29234,488,11.62,0.5663,0.7017
2026-02-26,Unity,ID,Rewarded,41867,921,23.06,0.8118,0.6784
2026-02-26,Unity,ID,Native,62835,1390,15.11,0.4067,0.5912
2026-02-26,Unity,DE,Banner,60736,1300,100.59,1.7623,0.9398
2026-02-26,Unity,DE,Interstitial,12794,266,58.35,5.3461,0.8531
2026-02-26,Unity,DE,Rewarded,22062,510,146.81,8.3395,0.798
2026-02-26,Unity,DE,Native,30604,504,92.0,3.824,0.7861
2026-02-26,Unity,JP,Banner,92890,1495,159.06,1.9151,0.8942
2026-02-26,Unity,JP,Interstitial,15820,374,74.8,5.8105,0.8137
2026-02-26,Unity,JP,Rewarded,27443,601,195.73,8.6345,0.826
2026-02-26,Unity,JP,Native,40922,972,121.68,4.0983,0.7255
2026-02-26,AppLovin,US,Banner,125648,2875,313.24,2.752,0.9059
2026-02-26,AppLovin,US,Interstitial,21654,409,183.65,9.3196,0.91
2026-02-26,AppLovin,US,Rewarded,40590,749,468.19,13.3933,0.8612
2026-02-26,AppLovin,US,Native,61853,1184,317.41,6.3843,0.8038
2026-02-26,AppLovin,IN,Banner,220743,3897,38.64,0.2183,0.802
2026-02-26,AppLovin,IN,Interstitial,37433,754,22.05,0.7989,0.7373
2026-02-26,AppLovin,IN,Rewarded,60805,1346,47.89,1.1596,0.6792
2026-02-26,AppLovin,IN,Native,96999,2257,36.58,0.5607,0.6726
2026-02-26,AppLovin,BR,Banner,79669,1905,22.91,0.3273,0.8788
2026-02-26,AppLovin,BR,Interstitial,14876,292,15.84,1.3127,0.8113
2026-02-26,AppLovin,BR,Rewarded,21361,359,29.52,1.8567,0.7443
2026-02-26,AppLovin,BR,Native,32181,657,18.52,0.8051,0.715
2026-02-26,AppLovin,ID,Banner,93782,1831,13.05,0.1974,0.705
2026-02-26,AppLovin,ID,Interstitial,17619,360,6.57,0.5713,0.6531
2026-02-26,AppLovin,ID,Rewarded,32259,520,17.44,0.8452,0.6394
2026-02-26,AppLovin,ID,Native,55092,1042,14.3,0.4435,0.5853
2026-02-26,AppLovin,DE,Banner,56829,1070,82.79,1.6144,0.9024
2026-02-26,AppLovin,DE,Interstitial,10288,228,55.64,6.026,0.8975
2026-02-26,AppLovin,DE,Rewarded,14569,347,95.86,8.2408,0.7984
2026-02-26,AppLovin,DE,Native,26558,535,73.64,3.8107,0.7277
2026-02-26,AppLovin,JP,Banner,71573,1157,110.28,1.8083,0.8521
2026-02-26,AppLovin,JP,Interstitial,11955,281,68.21,6.5019,0.8775
2026-02-26,AppLovin,JP,Rewarded,20040,407,145.82,9.1047,0.7992
2026-02-26,AppLovin,JP,Native,33191,563,104.32,4.1319,0.7607
2026-02-26,ironSource,US,Banner,92970,1888,242.16,2.7214,0.9571
2026-02-26,ironSource,US,Interstitial,17189,331,141.4,9.2259,0.8917
2026-02-26,ironSource,US,Rewarded,30885,713,320.36,12.5709,0.8251
2026-02-26,ironSource,US,Native,44916,831,182.86,5.4784,0.7431
2026-02-26,ironSource,IN,Banner,143075,2549,24.05,0.2266,0.7419
2026-02-26,ironSource,IN,Interstitial,30394,624,16.51,0.7251,0.749
2026-02-26,ironSource,IN,Rewarded,42197,993,38.03,1.2228,0.737
2026-02-26,ironSource,IN,Native,68064,1123,26.37,0.5931,0.6533
2026-02-26,ironSource,BR,Banner,56327,1199,16.66,0.3472,0.852
2026-02-26,ironSource,BR,Interstitial,12896,238,11.65,1.139,0.7931
2026-02-26,ironSource,BR,Rewarded,17258,410,26.87,1.9799,0.7863
2026-02-26,ironSource,BR,Native,31737,631,18.69,0.8243,0.7145
2026-02-26,ironSource,ID,Banner,78004,1432,10.74,0.1918,0.7175
2026-02-26,ironSource,ID,Interstitial,17319,369,7.55,0.6425,0.6786
2026-02-26,ironSource,ID,Rewarded,20823,338,11.66,0.9053,0.6185
2026-02-26,ironSource,ID,Native,41355,958,10.46,0.4035,0.6268
2026-02-26,ironSource,DE,Banner,35672,602,55.43,1.7241,0.9013
2026-02-26,ironSource,DE,Interstitial,8363,195,40.25,5.6204,0.8563
2026-02-26,ironSource,DE,Rewarded,12075,204,88.69,9.0593,0.8107
2026-02-26,ironSource,DE,Native,19822,427,55.2,3.6054,0.7724
2026-02-26,ironSource,JP,Banner,49526,824,71.91,1.6552,0.8772
2026-02-26,ironSource,JP,Interstitial,10546,181,58.56,6.3484,0.8747
2026-02-26,ironSource,JP,Rewarded,15145,318,114.03,9.1216,0.8255
2026-02-26,ironSource,JP,Native,22341,482,70.37,4.1465,0.7596
2026-02-27,AdMob,US,Banner,277230,4566,636.31,2.3871,0.9615
2026-02-27,AdMob,US,Interstitial,57256,1252,463.1,9.1082,0.888
2026-02-27,AdMob,US,Rewarded,65385,1091,602.0,11.5808,0.795
2026-02-27,AdMob,US,Native,126776,2480,576.34,5.6114,0.8102
2026-02-27,AdMob,IN,Banner,423461,7599,80.22,0.2473,0.7659
2026-02-27,AdMob,IN,Interstitial,76218,1374,48.28,0.8475,0.7474
2026-02-27,AdMob,IN,Rewarded,131442,2564,102.88,1.0931,0.716
2026-02-27,AdMob,IN,Native,213877,4178,88.35,0.6079,0.6796
2026-02-27,AdMob,BR,Banner,134293,2229,43.44,0.3821,0.8467
2026-02-27,AdMob,BR,Interstitial,31971,742,28.35,1.15,0.7711
2026-02-27,AdMob,BR,Rewarded,44771,1033,60.22,1.7211,0.7816
2026-02-27,AdMob,BR,Native,63756,1127,41.22,0.8716,0.7418
2026-02-27,AdMob,ID,Banner,199377,4541,24.3,0.1652,0.7378
2026-02-27,AdMob,ID,Interstitial,35298,662,15.82,0.638,0.7026
2026-02-27,AdMob,ID,Rewarded,63425,1294,34.73,0.81,0.676
2026-02-27,AdMob,ID,Native,103610,2367,27.68,0.4338,0.6158
2026-02-27,AdMob,DE,Banner,103291,1794,167.26,1.7846,0.9074
2026-02-27,AdMob,DE,Interstitial,22481,536,111.74,5.6998,0.872
2026-02-27,AdMob,DE,Rewarded,26176,550,167.92,8.1322,0.7889
2026-02-27,AdMob,DE,Native,54602,1217,175.02,4.2091,0.7615
2026-02-27,AdMob,JP,Banner,140639,2934,225.0,1.866,0.8574
2026-02-27,AdMob,JP,Interstitial,28524,658,159.26,6.5851,0.8479
2026-02-27,AdMob,JP,Rewarded,34128,582,241.37,8.5429,0.8279
2026-02-27,AdMob,JP,Native,56708,1181,176.89,4.1333,0.7547
2026-02-27,Unity,US,Banner,164078,3139,434.63,2.7645,0.9582
2026-02-27,Unity,US,Interstitial,34310,653,269.53,8.8442,0.8882
2026-02-27,Unity,US,Rewarded,51149,1005,509.71,12.3625,0.8061
2026-02-27,Unity,US,Native,92393,1755,463.27,6.2379,0.8038
2026-02-27,Unity,IN,Banner,302229,6755,50.88,0.2163,0.7782
2026-02-27,Unity,IN,Interstitial,58184,1353,34.81,0.7959,0.7517
2026-02-27,Unity,IN,Rewarded,85672,1854,80.17,1.2719,0.7357
2026-02-27,Unity,IN,Native,143079,2936,47.6,0.5082,0.6547
2026-02-27,Unity,BR,Banner,114362,2078,36.15,0.3555,0.8891
2026-02-27,Unity,BR,Interstitial,22540,505,21.46,1.1806,0.8064
2026-02-27,Unity,BR,Rewarded,29574,598,37.52,1.6549,0.7665
2026-02-27,Unity,BR,Native,57180,1185,36.27,0.9187,0.6904
2026-02-27,Unity,ID,Banner,147613,3203,21.92,0.1975,0.7519
2026-02-27,Unity,ID,Interstitial,28183,582,10.66,0.5594,0.6761
2026-02-27,Unity,ID,Rewarded,44837,871,27.43,0.9244,0.6619
2026-02-27,Unity,ID,Native,74780,1293,17.25,0.3901,0.5914
2026-02-27,Unity,DE,Banner,78208,1397,109.5,1.5101,0.9271
2026-02-27,Unity,DE,Interstitial,13867,245,71.24,5.9576,0.8623
2026-02-27,Unity,DE,Rewarded,19639,406,141.24,8.9437,0.8041
2026-02-27,Unity,DE,Native,34579,743,96.62,3.7564,0.7438
2026-02-27,Unity,JP,Banner,93228,2128,145.1,1.719,0.9054
2026-02-27,Unity,JP,Interstitial,19708,450,90.35,5.5935,0.8196
2026-02-27,Unity,JP,Rewarded,23876,444,158.97,8.1062,0.8214
2026-02-27,Unity,JP,Native,42627,797,137.09,4.1549,0.7741
2026-02-27,AppLovin,US,Banner,139710,2599,336.34,2.6096,0.9225
2026-02-27,AppLovin,US,Interstitial,23077,537,174.76,8.7109,0.8694
2026-02-27,AppLovin,US,Rewarded,37405,834,392.52,12.7801,0.8211
2026-02-27,AppLovin,US,Native,61090,1269,280.95,5.6755,0.8103
2026-02-27,AppLovin,IN,Banner,205490,3802,40.18,0.2453,0.7971
2026-02-27,AppLovin,IN,Interstitial,34406,749,20.86,0.8497,0.7135
2026-02-27,AppLovin,IN,Rewarded,52481,1058,41.22,1.1701,0.6713
2026-02-27,AppLovin,IN,Native,104594,2451,35.82,0.5232,0.6545
2026-02-27,AppLovin,BR,Banner,73703,1753,24.94,0.3818,0.8863
2026-02-27,AppLovin,BR,Interstitial,16792,377,16.4,1.1562,0.8449
2026-02-27,AppLovin,BR,Rewarded,24775,550,32.21,1.6255,0.7997
2026-02-27,AppLovin,BR,Native,40514,960,21.93,0.7697,0.7032
2026-02-27,AppLovin,ID,Banner,100020,1670,13.13,0.1763,0.7445
2026-02-27,AppLovin,ID,Interstitial,19501,360,7.69,0.5851,0.6737
2026-02-27,AppLovin,ID,Rewarded,27390,639,15.14,0.8411,0.6571
2026-02-27,AppLovin,ID,Native,50132,1135,11.94,0.403,0.5911
2026-02-27,AppLovin,DE,Banner,57072,1187,80.48,1.6002,0.8812
2026-02-27,AppLovin,DE,Interstitial,10825,235,51.11,5.4509,0.8661
2026-02-27,AppLovin,DE,Rewarded,17072,326,111.74,7.6973,0.8503
2026-02-27,AppLovin,DE,Native,26674,575,79.59,3.9058,0.764
2026-02-27,AppLovin,JP,Banner,60545,1221,88.63,1.6654,0.879
2026-02-27,AppLovin,JP,Interstitial,11382,219,60.37,6.5227,0.8132
2026-02-27,AppLovin,JP,Rewarded,16808,334,118.34,9.0644,0.7768
2026-02-27,AppLovin,JP,Native,28668,605,84.32,3.8252,0.7689
2026-02-27,ironSource,US,Banner,95222,1652,210.6,2.3192,0.9536
2026-02-27,ironSource,US,Interstitial,22584,495,164.39,8.4636,0.86
2026-02-27,ironSource,US,Rewarded,33391,649,340.21,12.4203,0.8203
2026-02-27,ironSource,US,Native,56334,984,265.34,6.1792,0.7623
2026-02-27,ironSource,IN,Banner,147057,3127,25.52,0.2287,0.759
2026-02-27,ironSource,IN,Interstitial,28312,518,16.61,0.782,0.7503
2026-02-27,ironSource,IN,Rewarded,41739,946,31.02,1.0996,0.6757
2026-02-27,ironSource,IN,Native,83788,1527,28.09,0.5112,0.6558
2026-02-27,ironSource,BR,Banner,61404,1136,18.84,0.3616,0.8484
2026-02-27,ironSource,BR,Interstitial,10696,251,11.28,1.2582,0.8382
2026-02-27,ironSource,BR,Rewarded,15616,368,23.05,1.8864,0.7823
2026-02-27,ironSource,BR,Native,27776,584,16.89,0.8807,0.6903
2026-02-27,ironSource,ID,Banner,76420,1445,10.82,0.1897,0.7462
2026-02-27,ironSource,ID,Interstitial,16122,304,6.06,0.5541,0.6783
2026-02-27,ironSource,ID,Rewarded,21718,457,13.18,0.971,0.6252
2026-02-27,ironSource,ID,Native,44681,777,12.8,0.4546,0.6299
2026-02-27,ironSource,DE,Banner,43809,949,64.77,1.5763,0.938
2026-02-27,ironSource,DE,Interstitial,8684,195,37.76,5.0435,0.8621
2026-02-27,ironSource,DE,Rewarded,13301,217,84.04,7.4722,0.8456
2026-02-27,ironSource,DE,Native,20687,338,60.8,3.9989,0.735
2026-02-27,ironSource,JP,Banner,54273,1199,80.69,1.7585,0.8454
2026-02-27,ironSource,JP,Interstitial,11047,178,54.47,6.1049,0.8077
2026-02-27,ironSource,JP,Rewarded,15903,357,116.22,9.0903,0.8039
2026-02-27,ironSource,JP,Native,24506,498,74.34,3.8846,0.7809
2026-02-28,AdMob,US,Banner,297444,6120,791.02,2.771,0.9597
2026-02-28,AdMob,US,Interstitial,54008,1040,449.09,9.3451,0.8898
2026-02-28,AdMob,US,Rewarded,87798,1743,946.67,12.5354,0.8602
2026-02-28,AdMob,US,Native,157702,3434,809.11,6.3548,0.8074
2026-02-28,AdMob,IN,Banner,508973,11573,89.54,0.2346,0.7499
2026-02-28,AdMob,IN,Interstitial,91949,1588,48.5,0.7404,0.7125
2026-02-28,AdMob,IN,Rewarded,148390,3379,126.42,1.2506,0.6812
2026-02-28,AdMob,IN,Native,214909,4696,84.37,0.5928,0.6623
2026-02-28,AdMob,BR,Banner,166361,2708,51.03,0.349,0.879
2026-02-28,AdMob,BR,Interstitial,39413,828,39.06,1.2356,0.802
2026-02-28,AdMob,BR,Rewarded,45893,820,66.45,1.8051,0.8021
2026-02-28,AdMob,BR,Native,92001,1622,55.95,0.8291,0.7335
2026-02-28,AdMob,ID,Banner,227962,4808,31.39,0.1973,0.6981
2026-02-28,AdMob,ID,Interstitial,47043,941,19.78,0.6078,0.6919
2026-02-28,AdMob,ID,Rewarded,59000,1026,38.38,0.972,0.6692
2026-02-28,AdMob,ID,Native,112007,2644,31.81,0.4427,0.6414
2026-02-28,AdMob,DE,Banner,128777,2965,185.55,1.5373,0.9373
2026-02-28,AdMob,DE,Interstitial,22150,470,101.55,5.384,0.8516
2026-02-28,AdMob,DE,Rewarded,32024,625,186.64,7.4629,0.7809
2026-02-28,AdMob,DE,Native,53739,1254,160.09,4.0537,0.7349
2026-02-28,AdMob,JP,Banner,160798,2710,282.13,1.9472,0.9011
2026-02-28,AdMob,JP,Interstitial,28216,526,137.49,5.5577,0.8768
2026-02-28,AdMob,JP,Rewarded,44228,974,346.87,9.5029,0.8253
2026-02-28,AdMob,JP,Native,75637,1267,238.49,4.1714,0.7559
2026-02-28,Unity,US,Banner,224429,5242,506.7,2.5723,0.8777
2026-02-28,Unity,US,Interstitial,40120,903,331.44,9.1266,0.9052
2026-02-28,Unity,US,Rewarded,52430,1215,545.24,12.105,0.8591
2026-02-28,Unity,US,Native,99359,2359,441.93,5.8786,0.7566
2026-02-28,Unity,IN,Banner,294289,5280,52.52,0.2252,0.7925
2026-02-28,Unity,IN,Interstitial,72877,1460,37.05,0.7217,0.7044
2026-02-28,Unity,IN,Rewarded,96254,1857,75.58,1.1192,0.7016
2026-02-28,Unity,IN,Native,179852,3776,63.09,0.505,0.6946
2026-02-28,Unity,BR,Banner,108138,1933,30.21,0.3274,0.8532
2026-02-28,Unity,BR,Interstitial,22709,463,21.2,1.1388,0.8196
2026-02-28,Unity,BR,Rewarded,31638,526,45.07,1.8095,0.7873
2026-02-28,Unity,BR,Native,67434,1158,43.44,0.8532,0.7551
2026-02-28,Unity,ID,Banner,184839,3719,24.81,0.1852,0.7249
2026-02-28,Unity,ID,Interstitial,27598,461,12.5,0.6528,0.6938
2026-02-28,Unity,ID,Rewarded,41358,864,22.19,0.8191,0.6551
2026-02-28,Unity,ID,Native,80491,1620,19.95,0.4038,0.6139
2026-02-28,Unity,DE,Banner,68893,1598,93.48,1.5782,0.8598
2026-02-28,Unity,DE,Interstitial,17187,395,87.08,6.0457,0.8381
2026-02-28,Unity,DE,Rewarded,24896,545,160.24,8.1727,0.7875
2026-02-28,Unity,DE,Native,45129,973,121.79,3.6462,0.7402
2026-02-28,Unity,JP,Banner,115023,2226,187.18,1.89,0.861
2026-02-28,Unity,JP,Interstitial,19426,402,107.13,6.4225,0.8587
2026-02-28,Unity,JP,Rewarded,28149,668,221.57,9.7884,0.8041
2026-02-28,Unity,JP,Native,51521,963,177.65,4.4698,0.7714
2026-02-28,AppLovin,US,Banner,163760,3885,356.79,2.3062,0.9447
2026-02-28,AppLovin,US,Interstitial,27360,604,210.58,8.7518,0.8794
2026-02-28,AppLovin,US,Rewarded,47862,885,531.98,13.0128,0.8542
2026-02-28,AppLovin,US,Native,66022,1155,308.32,5.8675,0.7959
2026-02-28,AppLovin,IN,Banner,242444,3950,45.74,0.2349,0.8031
2026-02-28,AppLovin,IN,Interstitial,48318,1048,30.8,0.824,0.7737
2026-02-28,AppLovin,IN,Rewarded,75133,1376,69.61,1.2971,0.7143
2026-02-28,AppLovin,IN,Native,127757,2770,49.41,0.5877,0.658
2026-02-28,AppLovin,BR,Banner,95763,1781,33.54,0.3942,0.8884
2026-02-28,AppLovin,BR,Interstitial,16844,388,14.67,1.1063,0.7871
2026-02-28,AppLovin,BR,Rewarded,24794,551,35.54,1.8434,0.7777
2026-02-28,AppLovin,BR,Native,39021,738,22.64,0.8072,0.7188
2026-02-28,AppLovin,ID,Banner,131660,3032,18.17,0.1921,0.7185
2026-02-28,AppLovin,ID,Interstitial,21948,486,9.26,0.6343,0.6651
2026-02-28,AppLovin,ID,Rewarded,34049,654,17.88,0.8293,0.6333
2026-02-28,AppLovin,ID,Native,61800,1342,14.76,0.3841,0.6218
2026-02-28,AppLovin,DE,Banner,60155,1245,90.96,1.736,0.871
2026-02-28,AppLovin,DE,Interstitial,13021,285,63.28,5.6219,0.8645
2026-02-28,AppLovin,DE,Rewarded,16386,263,118.63,8.5808,0.8437
2026-02-28,AppLovin,DE,Native,31942,728,88.39,3.6333,0.7616
2026-02-28,AppLovin,JP,Banner,78859,1543,140.64,1.9411,0.9188
2026-02-28,AppLovin,JP,Interstitial,15049,292,72.73,5.8686,0.8235
2026-02-28,AppLovin,JP,Rewarded,23134,508,170.13,9.0026,0.8169
2026-02-28,AppLovin,JP,Native,30767,604,98.55,4.3094,0.7433
2026-02-28,ironSource,US,Banner,125983,2734,309.88,2.5743,0.9555
2026-02-28,ironSource,US,Interstitial,23364,378,173.99,8.9327,0.8337
2026-02-28,ironSource,US,Rewarded,30187,720,306.38,12.5908,0.8061
2026-02-28,ironSource,US,Native,58229,1081,273.55,6.1433,0.7647
2026-02-28,ironSource,IN,Banner,174917,3523,33.96,0.2495,0.7779
2026-02-28,ironSource,IN,Interstitial,37815,840,22.65,0.843,0.7106
2026-02-28,ironSource,IN,Rewarded,56247,1084,48.14,1.2406,0.6899
2026-02-28,ironSource,IN,Native,84580,2027,34.4,0.6137,0.6628
2026-02-28,ironSource,BR,Banner,68788,1122,19.88,0.3398,0.8506
2026-02-28,ironSource,BR,Interstitial,15475,323,16.31,1.2765,0.8257
2026-02-28,ironSource,BR,Rewarded,21195,471,31.37,1.9788,0.748
2026-02-28,ironSource,BR,Native,35342,847,24.26,0.9199,0.7462
2026-02-28,ironSource,ID,Banner,94437,2048,11.52,0.1694,0.7203
2026-02-28,ironSource,ID,Interstitial,19914,356,7.36,0.5401,0.6843
2026-02-28,ironSource,ID,Rewarded,30704,556,16.94,0.8375,0.6588
2026-02-28,ironSource,ID,Native,44020,737,11.99,0.457,0.5961
2026-02-28,ironSource,DE,Banner,40056,745,60.38,1.6515,0.9128
2026-02-28,ironSource,DE,Interstitial,9725,219,43.21,5.0171,0.8856
2026-02-28,ironSource,DE,Rewarded,15809,303,113.21,8.9702,0.7984
2026-02-28,ironSource,DE,Native,24697,418,66.16,3.5682,0.7508
2026-02-28,ironSource,JP,Banner,56721,919,88.16,1.8187,0.8546
2026-02-28,ironSource,JP,Interstitial,12256,217,58.21,5.424,0.8756
2026-02-28,ironSource,JP,Rewarded,18098,357,121.71,8.8826,0.7571
2026-02-28,ironSource,JP,Native,28894,480,99.47,4.4979,0.7654
2026-03-01,AdMob,US,Banner,262415,5157,569.74,2.4541,0.8847
2026-03-01,AdMob,US,Interstitial,65854,1413,502.53,8.5248,0.8951
2026-03-01,AdMob,US,Rewarded,95303,2196,973.0,12.0251,0.849
2026-03-01,AdMob,US,Native,129583,2882,611.94,5.7677,0.8188
2026-03-01,AdMob,IN,Banner,429997,8565,80.74,0.2431,0.7725
2026-03-01,AdMob,IN,Interstitial,88002,1956,50.74,0.7647,0.7539
2026-03-01,AdMob,IN,Rewarded,153481,2768,124.27,1.1173,0.7247
2026-03-01,AdMob,IN,Native,224986,3954,89.83,0.605,0.66
2026-03-01,AdMob,BR,Banner,154898,3714,48.38,0.3581,0.8723
2026-03-01,AdMob,BR,Interstitial,37474,868,40.02,1.2905,0.8275
2026-03-01,AdMob,BR,Rewarded,45171,1055,66.85,1.9548,0.7571
2026-03-01,AdMob,BR,Native,75272,1804,48.77,0.8762,0.7395
2026-03-01,AdMob,ID,Banner,248551,4705,31.64,0.1758,0.7241
2026-03-01,AdMob,ID,Interstitial,41805,852,15.84,0.5698,0.665
2026-03-01,AdMob,ID,Rewarded,77407,1287,46.69,0.9743,0.6191
2026-03-01,AdMob,ID,Native,106206,2029,24.91,0.3994,0.5872
2026-03-01,AdMob,DE,Banner,118026,2208,178.78,1.6758,0.9039
2026-03-01,AdMob,DE,Interstitial,24424,407,120.47,5.8591,0.8419
2026-03-01,AdMob,DE,Rewarded,32392,558,200.11,7.6517,0.8074
2026-03-01,AdMob,DE,Native,56859,922,161.89,3.6352,0.7833
2026-03-01,AdMob,JP,Banner,146110,3353,205.35,1.681,0.8361
2026-03-01,AdMob,JP,Interstitial,30229,631,141.75,5.5187,0.8497
2026-03-01,AdMob,JP,Rewarded,42780,768,311.62,8.8547,0.8227
2026-03-01,AdMob,JP,Native,69682,1625,217.17,4.0565,0.7683
2026-03-01,Unity,US,Banner,222368,4798,579.64,2.7018,0.9648
2026-03-01,Unity,US,Interstitial,43281,912,335.2,9.3208,0.8309
2026-03-01,Unity,US,Rewarded,64703,1471,768.56,13.8155,0.8598
2026-03-01,Unity,US,Native,114082,1835,508.41,5.9945,0.7434
2026-03-01,Unity,IN,Banner,326312,6266,60.0,0.2369,0.7762
2026-03-01,Unity,IN,Interstitial,72470,1682,43.24,0.7775,0.7674
2026-03-01,Unity,IN,Rewarded,96585,2092,82.6,1.1873,0.7203
2026-03-01,Unity,IN,Native,152718,2603,50.97,0.5155,0.6474
2026-03-01,Unity,BR,Banner,113314,2678,33.48,0.3429,0.8617
2026-03-01,Unity,BR,Interstitial,25495,556,27.57,1.3024,0.8304
2026-03-01,Unity,BR,Rewarded,35291,820,48.52,1.7369,0.7915
2026-03-01,Unity,BR,Native,59503,1087,33.52,0.7575,0.7436
2026-03-01,Unity,ID,Banner,137327,2950,18.92,0.191,0.7213
2026-03-01,Unity,ID,Interstitial,36205,663,14.99,0.6049,0.6842
2026-03-01,Unity,ID,Rewarded,45477,787,27.95,0.9534,0.6447
2026-03-01,Unity,ID,Native,70707,1500,18.01,0.4177,0.6099
2026-03-01,Unity,DE,Banner,79801,1855,110.14,1.5323,0.9007
2026-03-01,Unity,DE,Interstitial,14455,317,71.22,5.7087,0.863
2026-03-01,Unity,DE,Rewarded,21618,492,159.12,8.9786,0.8198
2026-03-01,Unity,DE,Native,37190,713,118.0,4.0343,0.7865
2026-03-01,Unity,JP,Banner,97121,2125,152.24,1.8568,0.8442
2026-03-01,Unity,JP,Interstitial,17365,291,83.05,5.6287,0.8497
2026-03-01,Unity,JP,Rewarded,34460,777,267.06,9.6631,0.802
2026-03-01,Unity,JP,Native,56162,986,173.82,3.998,0.7741
2026-03-01,AppLovin,US,Banner,140012,2273,339.4,2.5797,0.9397
2026-03-01,AppLovin,US,Interstitial,26943,598,201.59,8.6845,0.8615
2026-03-01,AppLovin,US,Rewarded,45086,948,434.73,12.0727,0.7987
2026-03-01,AppLovin,US,Native,70806,1304,302.3,5.5561,0.7684
2026-03-01,AppLovin,IN,Banner,202961,4181,39.36,0.2423,0.8006
2026-03-01,AppLovin,IN,Interstitial,50502,1054,27.53,0.7404,0.7362
2026-03-01,AppLovin,IN,Rewarded,72643,1540,65.05,1.247,0.7181
2026-03-01,AppLovin,IN,Native,101000,2418,39.84,0.5819,0.6779
2026-03-01,AppLovin,BR,Banner,91253,2093,29.01,0.3735,0.8513
2026-03-01,AppLovin,BR,Interstitial,19821,329,20.51,1.267,0.8166
2026-03-01,AppLovin,BR,Rewarded,27635,469,40.73,1.8751,0.7861
2026-03-01,AppLovin,BR,Native,45113,808,26.94,0.8057,0.7413
2026-03-01,AppLovin,ID,Banner,121347,2556,14.34,0.1726,0.6846
2026-03-01,AppLovin,ID,Interstitial,20331,482,8.98,0.6191,0.7131
2026-03-01,AppLovin,ID,Rewarded,31766,737,19.38,0.9557,0.6385
2026-03-01,AppLovin,ID,Native,62459,1167,14.55,0.3842,0.6063
2026-03-01,AppLovin,DE,Banner,62419,1299,92.71,1.6204,0.9166
2026-03-01,AppLovin,DE,Interstitial,13140,286,66.72,5.9816,0.8488
2026-03-01,AppLovin,DE,Rewarded,18954,349,130.86,8.9082,0.775
2026-03-01,AppLovin,DE,Native,27199,543,76.44,3.7995,0.7397
2026-03-01,AppLovin,JP,Banner,75394,1246,121.34,1.7991,0.8946
2026-03-01,AppLovin,JP,Interstitial,15996,368,88.31,6.5269,0.8459
2026-03-01,AppLovin,JP,Rewarded,19178,369,139.32,9.5354,0.7618
2026-03-01,AppLovin,JP,Native,34038,718,106.61,4.2719,0.7332
2026-03-01,ironSource,US,Banner,110424,1956,281.47,2.734,0.9323
2026-03-01,ironSource,US,Interstitial,21869,443,171.78,9.0906,0.8641
2026-03-01,ironSource,US,Rewarded,36041,713,361.3,12.3619,0.8109
2026-03-01,ironSource,US,Native,52581,969,223.84,5.6932,0.7478
2026-03-01,ironSource,IN,Banner,174102,3882,35.92,0.2622,0.787
2026-03-01,ironSource,IN,Interstitial,31780,667,17.9,0.737,0.7643
2026-03-01,ironSource,IN,Rewarded,50082,1139,41.55,1.1772,0.7047
2026-03-01,ironSource,IN,Native,79867,1902,30.88,0.5708,0.6774
2026-03-01,ironSource,BR,Banner,75358,1665,22.49,0.3439,0.8678
2026-03-01,ironSource,BR,Interstitial,14751,247,15.82,1.2768,0.8401
2026-03-01,ironSource,BR,Rewarded,18245,300,25.95,1.9067,0.7461
2026-03-01,ironSource,BR,Native,33477,715,20.81,0.8937,0.6955
2026-03-01,ironSource,ID,Banner,78299,1305,9.22,0.166,0.7093
2026-03-01,ironSource,ID,Interstitial,20309,364,9.17,0.6437,0.7015
2026-03-01,ironSource,ID,Rewarded,27792,559,14.85,0.8432,0.6338
2026-03-01,ironSource,ID,Native,49243,1152,11.39,0.386,0.5996
2026-03-01,ironSource,DE,Banner,45021,910,76.3,1.7948,0.9442
2026-03-01,ironSource,DE,Interstitial,8615,155,41.41,5.8199,0.8259
2026-03-01,ironSource,DE,Rewarded,14979,317,95.82,8.1405,0.7858
2026-03-01,ironSource,DE,Native,24606,437,65.54,3.5613,0.7479
2026-03-01,ironSource,JP,Banner,55427,1180,94.4,1.8948,0.8988
2026-03-01,ironSource,JP,Interstitial,9796,178,44.36,5.5706,0.8129
2026-03-01,ironSource,JP,Rewarded,15420,339,103.36,8.8386,0.7584
2026-03-01,ironSource,JP,Native,31231,722,95.49,4.2624,0.7173
2026-03-02,AdMob,US,Banner,284922,6477,641.5,2.3982,0.9388
2026-03-02,AdMob,US,Interstitial,50597,1016,361.83,8.1996,0.8721
2026-03-02,AdMob,US,Rewarded,72764,1304,854.55,13.8461,0.8482
2026-03-02,AdMob,US,Native,128208,2418,596.77,6.1745,0.7539
2026-03-02,AdMob,IN,Banner,448665,7619,57.9,0.2432,0.5305
2026-03-02,AdMob,IN,Interstitial,80437,1692,33.14,0.8076,0.5101
2026-03-02,AdMob,IN,Rewarded,104472,1723,57.5,1.1148,0.4937
2026-03-02,AdMob,IN,Native,222854,4263,54.71,0.5199,0.4722
2026-03-02,AdMob,BR,Banner,145490,3172,46.88,0.3791,0.85
2026-03-02,AdMob,BR,Interstitial,30046,626,30.43,1.2223,0.8286
2026-03-02,AdMob,BR,Rewarded,46560,885,70.87,1.9041,0.7994
2026-03-02,AdMob,BR,Native,76735,1480,42.11,0.7705,0.7123
2026-03-02,AdMob,ID,Banner,220114,3555,29.26,0.1805,0.7366
2026-03-02,AdMob,ID,Interstitial,39573,643,17.06,0.6482,0.6651
2026-03-02,AdMob,ID,Rewarded,58801,1157,35.53,0.9368,0.645
2026-03-02,AdMob,ID,Native,105094,1810,26.33,0.3994,0.6274
2026-03-02,AdMob,DE,Banner,96872,2163,153.21,1.7015,0.9296
2026-03-02,AdMob,DE,Interstitial,21330,378,93.8,5.345,0.8227
2026-03-02,AdMob,DE,Rewarded,33283,552,249.07,8.8396,0.8466
2026-03-02,AdMob,DE,Native,50552,1069,156.55,3.9645,0.7811
2026-03-02,AdMob,JP,Banner,135125,2383,201.35,1.7494,0.8518
2026-03-02,AdMob,JP,Interstitial,21339,396,99.59,5.8204,0.8019
2026-03-02,AdMob,JP,Rewarded,38942,701,309.65,9.7101,0.8189
2026-03-02,AdMob,JP,Native,55639,1134,171.79,3.9422,0.7832
2026-03-02,Unity,US,Banner,158331,3672,392.6,2.7238,0.9104
2026-03-02,Unity,US,Interstitial,32487,751,236.31,8.3185,0.8744
2026-03-02,Unity,US,Rewarded,58307,1121,607.32,12.9396,0.805
2026-03-02,Unity,US,Native,99985,1959,488.61,6.0783,0.804
2026-03-02,Unity,IN,Banner,282688,6448,37.26,0.2366,0.5571
2026-03-02,Unity,IN,Interstitial,56123,977,22.83,0.7969,0.5104
2026-03-02,Unity,IN,Rewarded,95069,2065,55.62,1.1559,0.5062
2026-03-02,Unity,IN,Native,152218,3528,43.55,0.6089,0.4698
2026-03-02,Unity,BR,Banner,94532,1717,30.47,0.3691,0.8731
2026-03-02,Unity,BR,Interstitial,22516,416,23.8,1.2668,0.8342
2026-03-02,Unity,BR,Rewarded,33216,654,45.0,1.7295,0.7833
2026-03-02,Unity,BR,Native,54036,941,31.15,0.8259,0.6981
2026-03-02,Unity,ID,Banner,122257,1976,16.78,0.1843,0.7451
2026-03-02,Unity,ID,Interstitial,24356,420,10.15,0.5949,0.7003
2026-03-02,Unity,ID,Rewarded,39122,696,21.38,0.8518,0.6415
2026-03-02,Unity,ID,Native,66904,1113,18.18,0.4392,0.6188
2026-03-02,Unity,DE,Banner,72892,1334,112.43,1.6424,0.9391
2026-03-02,Unity,DE,Interstitial,14949,347,71.5,5.7539,0.8312
2026-03-02,Unity,DE,Rewarded,20944,378,139.83,8.5452,0.7813
2026-03-02,Unity,DE,Native,35904,681,101.92,3.7107,0.765
2026-03-02,Unity,JP,Banner,91189,1932,136.93,1.7954,0.8364
2026-03-02,Unity,JP,Interstitial,17091,303,79.65,5.81,0.8021
2026-03-02,Unity,JP,Rewarded,24074,393,185.28,9.7837,0.7867
2026-03-02,Unity,JP,Native,39009,682,113.23,3.8464,0.7546
2026-03-02,AppLovin,US,Banner,124945,2319,294.18,2.4837,0.948
2026-03-02,AppLovin,US,Interstitial,24686,551,190.23,8.8762,0.8682
2026-03-02,AppLovin,US,Rewarded,39318,933,407.81,12.5218,0.8283
2026-03-02,AppLovin,US,Native,65530,1301,319.01,6.4319,0.7569
2026-03-02,AppLovin,IN,Banner,224519,3766,29.7,0.2315,0.5715
2026-03-02,AppLovin,IN,Interstitial,44832,1032,17.62,0.7912,0.4966
2026-03-02,AppLovin,IN,Rewarded,55534,1181,28.54,1.0853,0.4735
2026-03-02,AppLovin,IN,Native,114334,1994,27.3,0.5165,0.4623
2026-03-02,AppLovin,BR,Banner,80513,1414,22.16,0.3325,0.8279
2026-03-02,AppLovin,BR,Interstitial,15236,250,15.88,1.2896,0.8084
2026-03-02,AppLovin,BR,Rewarded,22927,380,32.22,1.9071,0.7369
2026-03-02,AppLovin,BR,Native,33987,690,21.84,0.8813,0.7291
2026-03-02,AppLovin,ID,Banner,92484,1657,12.12,0.174,0.7535
2026-03-02,AppLovin,ID,Interstitial,22409,442,8.99,0.6097,0.6582
2026-03-02,AppLovin,ID,Rewarded,34036,614,20.24,0.8853,0.6715
2026-03-02,AppLovin,ID,Native,51063,1015,14.62,0.4489,0.6377
2026-03-02,AppLovin,DE,Banner,52095,949,67.95,1.486,0.8778
2026-03-02,AppLovin,DE,Interstitial,8780,208,38.76,5.2577,0.8397
2026-03-02,AppLovin,DE,Rewarded,15758,271,108.81,8.1279,0.8495
2026-03-02,AppLovin,DE,Native,24820,539,71.91,3.9632,0.731
2026-03-02,AppLovin,JP,Banner,54997,1288,78.1,1.6705,0.8501
2026-03-02,AppLovin,JP,Interstitial,13187,241,68.58,6.1865,0.8406
2026-03-02,AppLovin,JP,Rewarded,19430,418,131.19,8.8383,0.7639
2026-03-02,AppLovin,JP,Native,27777,591,84.47,3.9402,0.7718
2026-03-02,ironSource,US,Banner,103929,2236,237.34,2.5083,0.9105
2026-03-02,ironSource,US,Interstitial,21440,506,167.09,8.5174,0.915
2026-03-02,ironSource,US,Rewarded,29211,586,329.58,13.5676,0.8316
2026-03-02,ironSource,US,Native,43324,963,212.76,6.038,0.8133
2026-03-02,ironSource,IN,Banner,173743,3104,20.92,0.2237,0.5383
2026-03-02,ironSource,IN,Interstitial,30232,619,12.57,0.8127,0.5117
2026-03-02,ironSource,IN,Rewarded,47114,1089,25.52,1.1488,0.4715
2026-03-02,ironSource,IN,Native,68272,1636,16.5,0.5042,0.4793
2026-03-02,ironSource,BR,Banner,64087,1523,17.23,0.3251,0.8268
2026-03-02,ironSource,BR,Interstitial,13110,211,12.53,1.216,0.7863
2026-03-02,ironSource,BR,Rewarded,15412,369,20.66,1.8403,0.7284
2026-03-02,ironSource,BR,Native,27150,551,16.58,0.8754,0.6976
2026-03-02,ironSource,ID,Banner,69934,1167,9.63,0.1896,0.7261
2026-03-02,ironSource,ID,Interstitial,17673,412,7.63,0.6056,0.7128
2026-03-02,ironSource,ID,Rewarded,27027,645,13.88,0.824,0.6234
2026-03-02,ironSource,ID,Native,39851,721,9.97,0.398,0.6285
2026-03-02,ironSource,DE,Banner,42726,777,69.65,1.7613,0.9256
2026-03-02,ironSource,DE,Interstitial,7763,134,35.84,5.4046,0.8543
2026-03-02,ironSource,DE,Rewarded,11828,266,79.46,8.2678,0.8126
2026-03-02,ironSource,DE,Native,20104,449,56.94,3.6427,0.7775
2026-03-02,ironSource,JP,Banner,47290,885,74.36,1.8523,0.8489
2026-03-02,ironSource,JP,Interstitial,11227,242,61.41,6.4936,0.8423
2026-03-02,ironSource,JP,Rewarded,16593,340,128.99,9.8254,0.7912
2026-03-02,ironSource,JP,Native,24367,543,69.46,3.8405,0.7422
2026-03-03,AdMob,US,Banner,272866,5516,659.41,2.7501,0.8787
2026-03-03,AdMob,US,Interstitial,44111,881,320.42,7.9913,0.909
2026-03-03,AdMob,US,Rewarded,80817,1728,772.37,11.6392,0.8211
2026-03-03,AdMob,US,Native,111252,2359,477.86,5.7427,0.7479
2026-03-03,AdMob,IN,Banner,456506,10392,66.76,0.2557,0.5719
2026-03-03,AdMob,IN,Interstitial,88524,1704,37.37,0.8123,0.5196
2026-03-03,AdMob,IN,Rewarded,131451,3100,69.36,1.1237,0.4696
2026-03-03,AdMob,IN,Native,170226,3170,49.57,0.6134,0.4747
2026-03-03,AdMob,BR,Banner,158901,3522,50.4,0.3829,0.8284
2026-03-03,AdMob,BR,Interstitial,32739,577,28.75,1.1398,0.7705
2026-03-03,AdMob,BR,Rewarded,40958,779,52.66,1.6435,0.7823
2026-03-03,AdMob,BR,Native,83648,1765,48.02,0.7984,0.7191
2026-03-03,AdMob,ID,Banner,222647,5106,28.63,0.1809,0.7109
2026-03-03,AdMob,ID,Interstitial,37722,840,14.1,0.5495,0.6802
2026-03-03,AdMob,ID,Rewarded,51554,1207,30.87,0.9155,0.6541
2026-03-03,AdMob,ID,Native,93593,1764,22.86,0.4014,0.6084
2026-03-03,AdMob,DE,Banner,107090,2415,167.77,1.6968,0.9233
2026-03-03,AdMob,DE,Interstitial,22537,399,109.58,5.424,0.8964
2026-03-03,AdMob,DE,Rewarded,31929,632,221.62,8.3061,0.8357
2026-03-03,AdMob,DE,Native,54259,1205,177.59,4.1812,0.7828
2026-03-03,AdMob,JP,Banner,108769,2343,169.81,1.6938,0.9217
2026-03-03,AdMob,JP,Interstitial,25460,482,118.65,5.8404,0.7979
2026-03-03,AdMob,JP,Rewarded,37487,752,243.56,8.4806,0.7661
2026-03-03,AdMob,JP,Native,64110,1487,192.6,3.9815,0.7545
2026-03-03,Unity,US,Banner,173591,2905,455.0,2.7323,0.9593
2026-03-03,Unity,US,Interstitial,30756,596,229.39,8.4593,0.8817
2026-03-03,Unity,US,Rewarded,49766,1181,513.3,13.1095,0.7868
2026-03-03,Unity,US,Native,80467,1440,389.78,6.4463,0.7514
2026-03-03,Unity,IN,Banner,257729,5442,35.28,0.2638,0.519
2026-03-03,Unity,IN,Interstitial,62210,1472,26.34,0.8276,0.5116
2026-03-03,Unity,IN,Rewarded,93916,2229,55.05,1.1841,0.495
2026-03-03,Unity,IN,Native,160267,2951,42.67,0.5544,0.4802
2026-03-03,Unity,BR,Banner,100962,2145,27.99,0.3359,0.8253
2026-03-03,Unity,BR,Interstitial,21067,399,19.13,1.1355,0.7997
2026-03-03,Unity,BR,Rewarded,36105,841,52.64,1.9273,0.7564
2026-03-03,Unity,BR,Native,50021,956,32.84,0.8682,0.7562
2026-03-03,Unity,ID,Banner,147555,3038,17.91,0.1727,0.7032
2026-03-03,Unity,ID,Interstitial,32025,746,13.59,0.5944,0.7139
2026-03-03,Unity,ID,Rewarded,38897,783,22.56,0.8823,0.6573
2026-03-03,Unity,ID,Native,61515,1199,17.81,0.4615,0.6275
2026-03-03,Unity,DE,Banner,72481,1699,98.71,1.5139,0.8996
2026-03-03,Unity,DE,Interstitial,15665,338,71.49,5.3211,0.8577
2026-03-03,Unity,DE,Rewarded,19992,416,122.04,7.5321,0.8104
2026-03-03,Unity,DE,Native,29811,559,78.34,3.5386,0.7426
2026-03-03,Unity,JP,Banner,88577,2033,131.51,1.7258,0.8603
2026-03-03,Unity,JP,Interstitial,15636,328,81.91,5.9946,0.8739
2026-03-03,Unity,JP,Rewarded,27960,591,187.12,8.8762,0.754
2026-03-03,Unity,JP,Native,45481,1060,131.25,3.8728,0.7452
2026-03-03,AppLovin,US,Banner,113940,2562,264.19,2.5302,0.9164
2026-03-03,AppLovin,US,Interstitial,27434,454,211.49,8.9408,0.8622
2026-03-03,AppLovin,US,Rewarded,35806,849,399.54,13.2085,0.8448
2026-03-03,AppLovin,US,Native,61630,1060,295.51,6.1076,0.7851
2026-03-03,AppLovin,IN,Banner,197672,3742,27.31,0.2422,0.5706
2026-03-03,AppLovin,IN,Interstitial,45761,802,18.66,0.8068,0.5053
2026-03-03,AppLovin,IN,Rewarded,53550,1047,29.78,1.1887,0.4679
2026-03-03,AppLovin,IN,Native,114652,1943,31.61,0.5791,0.4762
2026-03-03,AppLovin,BR,Banner,74394,1298,22.65,0.3446,0.8835
2026-03-03,AppLovin,BR,Interstitial,14814,335,14.63,1.2211,0.8086
2026-03-03,AppLovin,BR,Rewarded,20687,418,28.6,1.7559,0.7873
2026-03-03,AppLovin,BR,Native,36398,865,20.52,0.7609,0.7408
2026-03-03,AppLovin,ID,Banner,103608,1849,14.41,0.1928,0.7212
2026-03-03,AppLovin,ID,Interstitial,17086,380,7.22,0.6184,0.6835
2026-03-03,AppLovin,ID,Rewarded,31752,616,20.35,0.9878,0.6487
2026-03-03,AppLovin,ID,Native,46801,764,12.42,0.4181,0.6348
2026-03-03,AppLovin,DE,Banner,57168,1066,94.18,1.8128,0.9088
2026-03-03,AppLovin,DE,Interstitial,9169,181,39.34,5.2541,0.8165
2026-03-03,AppLovin,DE,Rewarded,13007,228,89.56,8.6105,0.7996
2026-03-03,AppLovin,DE,Native,25336,505,83.29,4.2148,0.7799
2026-03-03,AppLovin,JP,Banner,67692,1193,116.72,1.8855,0.9145
2026-03-03,AppLovin,JP,Interstitial,13845,252,69.62,5.7612,0.8729
2026-03-03,AppLovin,JP,Rewarded,21151,503,158.91,9.8348,0.7639
2026-03-03,AppLovin,JP,Native,27366,655,80.68,3.9636,0.7438
2026-03-03,ironSource,US,Banner,99656,2366,240.74,2.5757,0.9379
2026-03-03,ironSource,US,Interstitial,21700,364,149.31,8.0311,0.8568
2026-03-03,ironSource,US,Rewarded,31300,723,301.83,11.9359,0.8079
2026-03-03,ironSource,US,Native,47401,786,221.2,6.0293,0.774
2026-03-03,ironSource,IN,Banner,153417,2852,20.52,0.2356,0.5676
2026-03-03,ironSource,IN,Interstitial,30840,690,13.87,0.8453,0.5321
2026-03-03,ironSource,IN,Rewarded,54534,1230,33.74,1.2709,0.4869
2026-03-03,ironSource,IN,Native,80208,1426,19.53,0.5351,0.455
2026-03-03,ironSource,BR,Banner,53609,1238,14.7,0.3373,0.8129
2026-03-03,ironSource,BR,Interstitial,13551,236,13.81,1.2208,0.835
2026-03-03,ironSource,BR,Rewarded,20169,345,26.6,1.8023,0.7319
2026-03-03,ironSource,BR,Native,28280,466,15.3,0.7633,0.7087
2026-03-03,ironSource,ID,Banner,73664,1317,9.55,0.1716,0.7556
2026-03-03,ironSource,ID,Interstitial,14748,281,6.5,0.6224,0.7086
2026-03-03,ironSource,ID,Rewarded,26704,497,14.62,0.8712,0.6284
2026-03-03,ironSource,ID,Native,41312,739,10.52,0.4088,0.6226
2026-03-03,ironSource,DE,Banner,42411,867,60.79,1.5997,0.896
2026-03-03,ironSource,DE,Interstitial,8446,183,38.91,5.2126,0.8837
2026-03-03,ironSource,DE,Rewarded,11042,216,82.13,9.0337,0.8233
2026-03-03,ironSource,DE,Native,17945,348,51.42,3.8756,0.7394
2026-03-03,ironSource,JP,Banner,48630,1097,77.94,1.8792,0.8529
2026-03-03,ironSource,JP,Interstitial,9478,199,48.29,5.9328,0.8588
2026-03-03,ironSource,JP,Rewarded,14136,293,96.56,8.7952,0.7766
2026-03-03,ironSource,JP,Native,23744,407,78.58,4.3896,0.754
2026-03-04,AdMob,US,Banner,235770,4745,516.57,2.4079,0.9099
2026-03-04,AdMob,US,Interstitial,50101,1180,378.99,8.9327,0.8468
2026-03-04,AdMob,US,Rewarded,71464,1603,737.72,12.2406,0.8433
2026-03-04,AdMob,US,Native,120442,2665,610.64,6.2437,0.812
2026-03-04,AdMob,IN,Banner,344103,7348,70.52,0.2557,0.8014
2026-03-04,AdMob,IN,Interstitial,86240,1426,55.64,0.8767,0.7359
2026-03-04,AdMob,IN,Rewarded,118592,2454,88.97,1.0911,0.6876
2026-03-04,AdMob,IN,Native,188577,3651,74.95,0.5808,0.6843
2026-03-04,AdMob,BR,Banner,168006,3801,48.69,0.3297,0.8789
2026-03-04,AdMob,BR,Interstitial,28397,638,25.89,1.1517,0.7918
2026-03-04,AdMob,BR,Rewarded,49477,846,66.42,1.7387,0.7721
2026-03-04,AdMob,BR,Native,74297,1751,47.9,0.9238,0.6979
2026-03-04,AdMob,ID,Banner,219455,3886,30.13,0.197,0.6969
2026-03-04,AdMob,ID,Interstitial,34202,595,14.88,0.627,0.6939
2026-03-04,AdMob,ID,Rewarded,65240,1264,35.19,0.8639,0.6243
2026-03-04,AdMob,ID,Native,87729,2001,21.21,0.4001,0.6041
2026-03-04,AdMob,DE,Banner,108776,2235,163.27,1.6311,0.9202
2026-03-04,AdMob,DE,Interstitial,19045,399,95.32,5.7485,0.8707
2026-03-04,AdMob,DE,Rewarded,31061,712,212.68,8.5519,0.8006
2026-03-04,AdMob,DE,Native,44934,763,140.26,4.1456,0.7529
2026-03-04,AdMob,JP,Banner,128751,2503,205.16,1.7554,0.9078
2026-03-04,AdMob,JP,Interstitial,26264,501,123.01,5.7699,0.8117
2026-03-04,AdMob,JP,Rewarded,38701,925,286.74,9.2825,0.7982
2026-03-04,AdMob,JP,Native,66082,1089,216.9,4.5625,0.7194
2026-03-04,Unity,US,Banner,165077,3326,360.05,2.3647,0.9224
2026-03-04,Unity,US,Interstitial,35787,824,292.05,8.9169,0.9152
2026-03-04,Unity,US,Rewarded,46489,809,463.34,12.3382,0.8078
2026-03-04,Unity,US,Native,88674,1923,405.61,6.0134,0.7607
2026-03-04,Unity,IN,Banner,299564,6926,50.18,0.217,0.7719
2026-03-04,Unity,IN,Interstitial,56341,1011,31.58,0.7756,0.7227
2026-03-04,Unity,IN,Rewarded,73914,1355,63.48,1.2761,0.673
2026-03-04,Unity,IN,Native,120918,2232,45.24,0.5915,0.6325
2026-03-04,Unity,BR,Banner,107308,1953,31.54,0.3535,0.8315
2026-03-04,Unity,BR,Interstitial,22876,373,23.9,1.3138,0.7952
2026-03-04,Unity,BR,Rewarded,27120,603,39.49,1.8933,0.769
2026-03-04,Unity,BR,Native,55610,1240,37.91,0.9085,0.7504
2026-03-04,Unity,ID,Banner,138957,2781,17.33,0.1731,0.7205
2026-03-04,Unity,ID,Interstitial,28926,568,11.3,0.5623,0.6946
2026-03-04,Unity,ID,Rewarded,43514,769,23.9,0.8531,0.6437
2026-03-04,Unity,ID,Native,77881,1271,19.42,0.419,0.5952
2026-03-04,Unity,DE,Banner,73690,1493,108.24,1.5558,0.9441
2026-03-04,Unity,DE,Interstitial,13113,295,62.18,5.6734,0.8358
2026-03-04,Unity,DE,Rewarded,19791,450,146.69,9.0556,0.8185
2026-03-04,Unity,DE,Native,30514,648,89.21,3.7332,0.7832
2026-03-04,Unity,JP,Banner,79473,1661,119.37,1.7482,0.8592
2026-03-04,Unity,JP,Interstitial,16683,321,78.13,5.7709,0.8115
2026-03-04,Unity,JP,Rewarded,23852,555,179.33,9.8326,0.7646
2026-03-04,Unity,JP,Native,42811,902,127.68,4.0974,0.7279
2026-03-04,AppLovin,US,Banner,131957,3080,293.9,2.5335,0.8791
2026-03-04,AppLovin,US,Interstitial,28602,560,211.94,8.3828,0.8839
2026-03-04,AppLovin,US,Rewarded,35496,800,341.55,11.6722,0.8244
2026-03-04,AppLovin,US,Native,53444,948,262.38,6.0477,0.8118
2026-03-04,AppLovin,IN,Banner,180995,3173,34.85,0.2531,0.7609
2026-03-04,AppLovin,IN,Interstitial,38535,807,23.19,0.7828,0.7687
2026-03-04,AppLovin,IN,Rewarded,58307,985,51.7,1.2083,0.7339
2026-03-04,AppLovin,IN,Native,91231,1588,38.7,0.6118,0.6933
2026-03-04,AppLovin,BR,Banner,67014,1423,19.27,0.3543,0.8117
2026-03-04,AppLovin,BR,Interstitial,13098,309,11.55,1.0939,0.8063
2026-03-04,AppLovin,BR,Rewarded,22005,445,30.9,1.7483,0.8031
2026-03-04,AppLovin,BR,Native,36096,725,20.75,0.8208,0.7005
2026-03-04,AppLovin,ID,Banner,98165,1815,11.73,0.1717,0.6956
2026-03-04,AppLovin,ID,Interstitial,20052,472,7.24,0.547,0.6603
2026-03-04,AppLovin,ID,Rewarded,30385,501,16.49,0.8214,0.6605
2026-03-04,AppLovin,ID,Native,53583,1171,14.68,0.441,0.6212
2026-03-04,AppLovin,DE,Banner,43819,820,65.55,1.7248,0.8673
2026-03-04,AppLovin,DE,Interstitial,11328,189,55.79,5.5032,0.895
2026-03-04,AppLovin,DE,Rewarded,14899,247,92.03,7.528,0.8205
2026-03-04,AppLovin,DE,Native,22565,390,64.83,3.6643,0.784
2026-03-04,AppLovin,JP,Banner,68999,1322,96.54,1.6675,0.8391
2026-03-04,AppLovin,JP,Interstitial,14297,314,63.49,5.5324,0.8027
2026-03-04,AppLovin,JP,Rewarded,17693,348,127.65,9.3911,0.7682
2026-03-04,AppLovin,JP,Native,29049,641,92.81,4.1593,0.7681
2026-03-04,ironSource,US,Banner,100473,1800,249.86,2.7685,0.8983
2026-03-04,ironSource,US,Interstitial,20682,431,150.24,8.7062,0.8344
2026-03-04,ironSource,US,Rewarded,28869,589,329.71,13.381,0.8535
2026-03-04,ironSource,US,Native,42525,765,208.32,6.1123,0.8015
2026-03-04,ironSource,IN,Banner,158303,2815,31.74,0.2624,0.7643
2026-03-04,ironSource,IN,Interstitial,29224,609,18.32,0.8094,0.7743
2026-03-04,ironSource,IN,Rewarded,45167,938,39.59,1.2333,0.7108
2026-03-04,ironSource,IN,Native,71826,1159,27.19,0.5751,0.6584
2026-03-04,ironSource,BR,Banner,60715,1440,20.09,0.3952,0.8372
2026-03-04,ironSource,BR,Interstitial,10546,191,10.28,1.2558,0.7764
2026-03-04,ironSource,BR,Rewarded,18382,384,26.49,1.8334,0.7861
2026-03-04,ironSource,BR,Native,30842,549,20.16,0.9093,0.719
2026-03-04,ironSource,ID,Banner,71882,1174,9.32,0.1764,0.7353
2026-03-04,ironSource,ID,Interstitial,14219,255,5.42,0.5527,0.6898
2026-03-04,ironSource,ID,Rewarded,21597,402,13.16,0.9167,0.6649
2026-03-04,ironSource,ID,Native,40938,765,10.1,0.3862,0.6386
2026-03-04,ironSource,DE,Banner,45970,742,76.89,1.8079,0.9251
2026-03-04,ironSource,DE,Interstitial,8104,180,36.34,5.0455,0.8888
2026-03-04,ironSource,DE,Rewarded,13700,276,93.74,8.4288,0.8118
2026-03-04,ironSource,DE,Native,19318,453,57.31,3.8259,0.7754
2026-03-04,ironSource,JP,Banner,51438,1036,90.46,1.9286,0.9119
2026-03-04,ironSource,JP,Interstitial,9542,158,48.93,6.1675,0.8315
2026-03-04,ironSource,JP,Rewarded,14450,311,108.07,9.8893,0.7562
2026-03-04,ironSource,JP,Native,27558,596,89.77,4.3249,0.7532
2026-03-05,AdMob,US,Banner,244700,4761,551.52,2.3416,0.9625
2026-03-05,AdMob,US,Interstitial,52480,1239,374.84,8.5532,0.8351
2026-03-05,AdMob,US,Rewarded,81582,1786,839.39,11.8552,0.8679
2026-03-05,AdMob,US,Native,123962,2539,566.44,6.0825,0.7512
2026-03-05,AdMob,IN,Banner,348839,8021,66.24,0.2422,0.7841
2026-03-05,AdMob,IN,Interstitial,85401,1758,49.96,0.7599,0.7698
2026-03-05,AdMob,IN,Rewarded,123829,2903,100.89,1.1206,0.7271
2026-03-05,AdMob,IN,Native,216499,4955,85.74,0.6094,0.6499
2026-03-05,AdMob,BR,Banner,149500,3210,43.39,0.3358,0.8643
2026-03-05,AdMob,BR,Interstitial,28082,539,23.9,1.0866,0.7833
2026-03-05,AdMob,BR,Rewarded,40512,959,51.8,1.6899,0.7567
2026-03-05,AdMob,BR,Native,80945,1713,49.49,0.8097,0.7551
2026-03-05,AdMob,ID,Banner,197326,3525,25.18,0.1789,0.7136
2026-03-05,AdMob,ID,Interstitial,38639,853,15.99,0.6033,0.6859
2026-03-05,AdMob,ID,Rewarded,57458,1361,35.24,0.939,0.6531
2026-03-05,AdMob,ID,Native,96558,2037,27.67,0.4537,0.6316
2026-03-05,AdMob,DE,Banner,104635,1763,148.89,1.5129,0.9405
2026-03-05,AdMob,DE,Interstitial,20379,425,91.93,5.3131,0.849
2026-03-05,AdMob,DE,Rewarded,33679,698,234.03,8.18,0.8495
2026-03-05,AdMob,DE,Native,44908,736,126.75,3.6113,0.7815
2026-03-05,AdMob,JP,Banner,124262,2733,181.76,1.6734,0.8741
2026-03-05,AdMob,JP,Interstitial,24691,467,112.65,5.5961,0.8153
2026-03-05,AdMob,JP,Rewarded,32657,538,239.25,9.1518,0.8005
2026-03-05,AdMob,JP,Native,60668,1241,184.2,4.1278,0.7356
2026-03-05,Unity,US,Banner,166912,2887,396.48,2.5074,0.9474
2026-03-05,Unity,US,Interstitial,36250,790,264.35,8.5095,0.857
2026-03-05,Unity,US,Rewarded,53306,1195,569.6,12.6923,0.8419
2026-03-05,Unity,US,Native,99907,1599,494.74,6.1039,0.8113
2026-03-05,Unity,IN,Banner,282539,5723,47.85,0.2263,0.7483
2026-03-05,Unity,IN,Interstitial,60146,1197,35.62,0.786,0.7536
2026-03-05,Unity,IN,Rewarded,82414,1549,65.73,1.1497,0.6938
2026-03-05,Unity,IN,Native,146139,3109,48.05,0.517,0.636
2026-03-05,Unity,BR,Banner,106458,2053,31.0,0.355,0.8205
2026-03-05,Unity,BR,Interstitial,22825,376,24.32,1.2935,0.8239
2026-03-05,Unity,BR,Rewarded,33110,581,42.43,1.7068,0.7509
2026-03-05,Unity,BR,Native,56843,1213,35.92,0.865,0.7306
2026-03-05,Unity,ID,Banner,128944,2719,16.75,0.178,0.7296
2026-03-05,Unity,ID,Interstitial,30451,594,12.29,0.5745,0.7025
2026-03-05,Unity,ID,Rewarded,44144,769,26.66,0.892,0.6771
2026-03-05,Unity,ID,Native,73675,1217,18.6,0.4264,0.592
2026-03-05,Unity,DE,Banner,76282,1817,102.21,1.537,0.8718
2026-03-05,Unity,DE,Interstitial,14912,302,67.23,5.2255,0.8628
2026-03-05,Unity,DE,Rewarded,23170,409,167.31,8.6284,0.8369
2026-03-05,Unity,DE,Native,36472,791,93.34,3.496,0.732
2026-03-05,Unity,JP,Banner,75016,1428,124.83,1.8287,0.91
2026-03-05,Unity,JP,Interstitial,15110,328,82.43,6.2566,0.8719
2026-03-05,Unity,JP,Rewarded,26867,579,172.39,8.5141,0.7536
2026-03-05,Unity,JP,Native,40219,814,134.95,4.5009,0.7455
2026-03-05,AppLovin,US,Banner,134522,3162,337.98,2.6925,0.9331
2026-03-05,AppLovin,US,Interstitial,28617,619,239.1,9.2597,0.9023
2026-03-05,AppLovin,US,Rewarded,39337,631,373.63,11.7396,0.8091
2026-03-05,AppLovin,US,Native,55701,1293,246.97,5.8777,0.7544
2026-03-05,AppLovin,IN,Banner,218341,4924,36.43,0.2194,0.7604
2026-03-05,AppLovin,IN,Interstitial,43636,1038,29.57,0.8713,0.7779
2026-03-05,AppLovin,IN,Rewarded,58382,1073,47.93,1.1401,0.7201
2026-03-05,AppLovin,IN,Native,109192,1988,42.02,0.5638,0.6825
2026-03-05,AppLovin,BR,Banner,75180,1363,24.33,0.3646,0.8877
2026-03-05,AppLovin,BR,Interstitial,16965,378,17.84,1.2732,0.8261
2026-03-05,AppLovin,BR,Rewarded,23211,532,29.38,1.7079,0.7412
2026-03-05,AppLovin,BR,Native,40032,783,23.17,0.7918,0.7308
2026-03-05,AppLovin,ID,Banner,89759,1505,11.45,0.1811,0.7043
2026-03-05,AppLovin,ID,Interstitial,19801,380,7.9,0.6108,0.653
2026-03-05,AppLovin,ID,Rewarded,27818,476,14.15,0.8155,0.6237
2026-03-05,AppLovin,ID,Native,45243,777,12.26,0.4455,0.6083
2026-03-05,AppLovin,DE,Banner,44004,832,64.57,1.5833,0.9268
2026-03-05,AppLovin,DE,Interstitial,8979,145,41.64,5.3945,0.8597
2026-03-05,AppLovin,DE,Rewarded,15574,333,96.89,8.0769,0.7703
2026-03-05,AppLovin,DE,Native,26592,538,79.07,3.9492,0.7529
2026-03-05,AppLovin,JP,Banner,60384,1005,100.32,1.8722,0.8874
2026-03-05,AppLovin,JP,Interstitial,13036,299,66.96,6.2247,0.8252
2026-03-05,AppLovin,JP,Rewarded,20679,403,143.4,8.4153,0.824
2026-03-05,AppLovin,JP,Native,33347,640,111.4,4.4638,0.7484
2026-03-05,ironSource,US,Banner,112463,2124,243.57,2.4127,0.8976
2026-03-05,ironSource,US,Interstitial,22156,507,174.03,9.2459,0.8495
2026-03-05,ironSource,US,Rewarded,27823,446,324.51,13.9501,0.8361
2026-03-05,ironSource,US,Native,43011,952,180.2,5.5305,0.7576
2026-03-05,ironSource,IN,Banner,146692,3159,30.45,0.2625,0.7906
2026-03-05,ironSource,IN,Interstitial,29291,671,19.04,0.8628,0.7534
2026-03-05,ironSource,IN,Rewarded,54573,1223,40.81,1.1102,0.6737
2026-03-05,ironSource,IN,Native,88787,1884,33.07,0.5694,0.6541
2026-03-05,ironSource,BR,Banner,56501,1001,16.37,0.3412,0.849
2026-03-05,ironSource,BR,Interstitial,11941,281,13.06,1.3096,0.8349
2026-03-05,ironSource,BR,Rewarded,19654,459,27.1,1.7477,0.7889
2026-03-05,ironSource,BR,Native,34023,555,20.79,0.8708,0.7016
2026-03-05,ironSource,ID,Banner,71532,1633,10.1,0.1968,0.7173
2026-03-05,ironSource,ID,Interstitial,15832,284,6.39,0.6193,0.6515
2026-03-05,ironSource,ID,Rewarded,23541,520,13.63,0.9235,0.6267
2026-03-05,ironSource,ID,Native,38372,822,10.07,0.4467,0.5874
2026-03-05,ironSource,DE,Banner,37519,800,58.43,1.7475,0.8912
2026-03-05,ironSource,DE,Interstitial,9042,200,36.56,4.9727,0.8132
2026-03-05,ironSource,DE,Rewarded,12527,204,80.2,7.9084,0.8095
2026-03-05,ironSource,DE,Native,18154,360,54.42,3.7919,0.7906
2026-03-05,ironSource,JP,Banner,51295,1108,85.66,1.9346,0.8632
2026-03-05,ironSource,JP,Interstitial,11085,264,51.54,5.6431,0.824
2026-03-05,ironSource,JP,Rewarded,17174,312,110.63,8.5018,0.7577
2026-03-05,ironSource,JP,Native,24232,562,76.12,4.1504,0.7569
2026-03-06,AdMob,US,Banner,237276,3875,571.4,2.7285,0.8826
2026-03-06,AdMob,US,Interstitial,50060,1160,335.5,7.7514,0.8646
2026-03-06,AdMob,US,Rewarded,69183,1131,745.42,13.2752,0.8116
2026-03-06,AdMob,US,Native,127125,2661,625.4,6.3485,0.7749
2026-03-06,AdMob,IN,Banner,448002,9796,86.01,0.2539,0.7561
2026-03-06,AdMob,IN,Interstitial,80045,1362,49.76,0.8394,0.7406
2026-03-06,AdMob,IN,Rewarded,122516,2821,103.23,1.1981,0.7033
2026-03-06,AdMob,IN,Native,223690,4500,81.92,0.5548,0.6601
2026-03-06,AdMob,BR,Banner,150881,2748,51.08,0.3924,0.8627
2026-03-06,AdMob,BR,Interstitial,30283,626,30.51,1.2305,0.8188
2026-03-06,AdMob,BR,Rewarded,40649,789,49.93,1.6321,0.7526
2026-03-06,AdMob,BR,Native,65140,1518,41.37,0.8929,0.7112
2026-03-06,AdMob,ID,Banner,179264,3139,21.14,0.164,0.7187
2026-03-06,AdMob,ID,Interstitial,45248,1059,16.6,0.5412,0.678
2026-03-06,AdMob,ID,Rewarded,57919,1157,30.42,0.8268,0.6352
2026-03-06,AdMob,ID,Native,90554,2081,23.9,0.4172,0.6326
2026-03-06,AdMob,DE,Banner,86477,1795,117.02,1.5381,0.8798
2026-03-06,AdMob,DE,Interstitial,19165,322,98.41,5.8784,0.8735
2026-03-06,AdMob,DE,Rewarded,31121,542,187.17,7.6115,0.7902
2026-03-06,AdMob,DE,Native,45095,785,136.77,3.9396,0.7699
2026-03-06,AdMob,JP,Banner,143381,2432,214.56,1.7719,0.8445
2026-03-06,AdMob,JP,Interstitial,25629,604,141.89,6.5749,0.842
2026-03-06,AdMob,JP,Rewarded,36871,795,259.44,8.8845,0.792
2026-03-06,AdMob,JP,Native,60017,1171,192.75,4.5057,0.7128
2026-03-06,Unity,US,Banner,175577,3409,411.3,2.6046,0.8994
2026-03-06,Unity,US,Interstitial,34837,763,275.82,8.8177,0.8979
2026-03-06,Unity,US,Rewarded,50004,904,600.87,14.0236,0.8569
2026-03-06,Unity,US,Native,79496,1813,354.43,5.7287,0.7783
2026-03-06,Unity,IN,Banner,303382,6294,59.4,0.2569,0.7622
2026-03-06,Unity,IN,Interstitial,52358,897,29.14,0.7374,0.7546
2026-03-06,Unity,IN,Rewarded,88225,1510,78.89,1.2355,0.7238
2026-03-06,Unity,IN,Native,151906,3344,64.21,0.6159,0.6863
2026-03-06,Unity,BR,Banner,110108,2399,33.93,0.3544,0.8696
2026-03-06,Unity,BR,Interstitial,21828,370,22.29,1.2711,0.8034
2026-03-06,Unity,BR,Rewarded,32058,517,41.58,1.7154,0.7562
2026-03-06,Unity,BR,Native,50653,814,32.78,0.8919,0.7256
2026-03-06,Unity,ID,Banner,138733,2668,17.19,0.1725,0.7184
2026-03-06,Unity,ID,Interstitial,31628,721,12.01,0.5449,0.6966
2026-03-06,Unity,ID,Rewarded,47786,781,26.15,0.842,0.65
2026-03-06,Unity,ID,Native,69982,1183,17.2,0.3885,0.6327
2026-03-06,Unity,DE,Banner,70279,1492,109.75,1.657,0.9424
2026-03-06,Unity,DE,Interstitial,13108,289,56.27,5.2149,0.8232
2026-03-06,Unity,DE,Rewarded,22201,490,144.66,8.4313,0.7728
2026-03-06,Unity,DE,Native,36489,672,118.46,4.2072,0.7717
2026-03-06,Unity,JP,Banner,84389,1828,127.79,1.6833,0.8996
2026-03-06,Unity,JP,Interstitial,15928,371,71.29,5.5902,0.8006
2026-03-06,Unity,JP,Rewarded,24147,466,163.1,8.7195,0.7746
2026-03-06,Unity,JP,Native,46559,1000,152.12,4.5113,0.7243
2026-03-06,AppLovin,US,Banner,119471,1918,301.04,2.7951,0.9015
2026-03-06,AppLovin,US,Interstitial,25117,542,165.65,7.9062,0.8342
2026-03-06,AppLovin,US,Rewarded,40112,814,427.57,12.6498,0.8426
2026-03-06,AppLovin,US,Native,64933,1142,313.08,6.0651,0.795
2026-03-06,AppLovin,IN,Banner,186122,4131,34.24,0.2371,0.7758
2026-03-06,AppLovin,IN,Interstitial,38408,680,20.7,0.746,0.7226
2026-03-06,AppLovin,IN,Rewarded,64169,1240,54.86,1.1929,0.7166
2026-03-06,AppLovin,IN,Native,111692,2558,46.25,0.6142,0.6743
2026-03-06,AppLovin,BR,Banner,75178,1799,25.83,0.3913,0.8782
2026-03-06,AppLovin,BR,Interstitial,15553,281,15.98,1.267,0.811
2026-03-06,AppLovin,BR,Rewarded,21519,446,30.55,1.9418,0.731
2026-03-06,AppLovin,BR,Native,36065,823,22.21,0.821,0.7503
2026-03-06,AppLovin,ID,Banner,102965,1983,12.71,0.1718,0.7182
2026-03-06,AppLovin,ID,Interstitial,19121,352,7.25,0.5523,0.6869
2026-03-06,AppLovin,ID,Rewarded,31447,516,17.56,0.8675,0.6435
2026-03-06,AppLovin,ID,Native,57388,1166,14.07,0.4206,0.5829
2026-03-06,AppLovin,DE,Banner,55555,950,88.74,1.7399,0.9181
2026-03-06,AppLovin,DE,Interstitial,10473,242,52.25,5.7929,0.8612
2026-03-06,AppLovin,DE,Rewarded,13996,293,91.98,7.8245,0.8399
2026-03-06,AppLovin,DE,Native,21260,344,62.95,3.7369,0.7924
2026-03-06,AppLovin,JP,Banner,53185,1234,83.89,1.7213,0.9164
2026-03-06,AppLovin,JP,Interstitial,12570,225,62.65,6.0639,0.822
2026-03-06,AppLovin,JP,Rewarded,20523,432,134.6,8.2913,0.791
2026-03-06,AppLovin,JP,Native,27534,604,87.51,4.2165,0.7538
2026-03-06,ironSource,US,Banner,92045,2196,208.45,2.4446,0.9264
2026-03-06,ironSource,US,Interstitial,18304,413,152.39,9.326,0.8927
2026-03-06,ironSource,US,Rewarded,26306,499,254.84,12.2411,0.7914
2026-03-06,ironSource,US,Native,57219,918,246.75,5.4803,0.7869
2026-03-06,ironSource,IN,Banner,170208,3182,28.82,0.2255,0.7511
2026-03-06,ironSource,IN,Interstitial,34602,555,18.39,0.7371,0.721
2026-03-06,ironSource,IN,Rewarded,54745,1161,48.0,1.2221,0.7174
2026-03-06,ironSource,IN,Native,71464,1372,26.04,0.5706,0.6386
2026-03-06,ironSource,BR,Banner,61241,996,18.24,0.3642,0.8176
2026-03-06,ironSource,BR,Interstitial,13073,222,12.69,1.2542,0.7737
2026-03-06,ironSource,BR,Rewarded,20119,362,30.64,1.8969,0.803
2026-03-06,ironSource,BR,Native,29890,505,17.4,0.7957,0.7314
2026-03-06,ironSource,ID,Banner,71053,1417,8.58,0.1646,0.7339
2026-03-06,ironSource,ID,Interstitial,16565,326,7.49,0.6455,0.7004
2026-03-06,ironSource,ID,Rewarded,27487,658,15.27,0.8921,0.6229
2026-03-06,ironSource,ID,Native,34273,686,8.73,0.4242,0.6003
2026-03-06,ironSource,DE,Banner,40704,897,57.63,1.5642,0.9051
2026-03-06,ironSource,DE,Interstitial,7439,167,33.37,5.3718,0.8352
2026-03-06,ironSource,DE,Rewarded,12809,212,88.92,8.8625,0.7833
2026-03-06,ironSource,DE,Native,17716,421,48.8,3.589,0.7675
2026-03-06,ironSource,JP,Banner,47858,1120,78.94,1.9651,0.8394
2026-03-06,ironSource,JP,Interstitial,9043,213,46.92,6.495,0.7989
2026-03-06,ironSource,JP,Rewarded,13653,260,93.39,8.6449,0.7913
2026-03-06,ironSource,JP,Native,26256,571,91.28,4.5988,0.756
2026-03-07,AdMob,US,Banner,251965,5816,603.42,2.6152,0.9158
2026-03-07,AdMob,US,Interstitial,55571,1004,416.03,8.8051,0.8502
2026-03-07,AdMob,US,Rewarded,83044,1361,821.61,12.2504,0.8076
2026-03-07,AdMob,US,Native,158272,2691,698.29,5.4315,0.8123
2026-03-07,AdMob,IN,Banner,400006,7972,75.84,0.243,0.7802
2026-03-07,AdMob,IN,Interstitial,94056,1882,54.25,0.7659,0.7531
2026-03-07,AdMob,IN,Rewarded,131158,2511,120.38,1.2784,0.718
2026-03-07,AdMob,IN,Native,253985,4500,102.6,0.6071,0.6654
2026-03-07,AdMob,BR,Banner,194017,3612,53.17,0.3376,0.8116
2026-03-07,AdMob,BR,Interstitial,36849,870,39.26,1.3016,0.8186
2026-03-07,AdMob,BR,Rewarded,45421,1077,57.64,1.6419,0.773
2026-03-07,AdMob,BR,Native,86320,1550,46.36,0.7647,0.7024
2026-03-07,AdMob,ID,Banner,218812,4403,26.81,0.1636,0.7492
2026-03-07,AdMob,ID,Interstitial,48358,1000,17.32,0.5481,0.6535
2026-03-07,AdMob,ID,Rewarded,77017,1731,46.88,0.9051,0.6725
2026-03-07,AdMob,ID,Native,100366,1961,24.64,0.395,0.6217
2026-03-07,AdMob,DE,Banner,107779,2509,156.58,1.6231,0.8951
2026-03-07,AdMob,DE,Interstitial,20263,437,91.43,5.2577,0.8582
2026-03-07,AdMob,DE,Rewarded,35852,733,268.45,8.9787,0.8339
2026-03-07,AdMob,DE,Native,52578,1193,156.3,3.8122,0.7798
2026-03-07,AdMob,JP,Banner,163576,2640,265.28,1.838,0.8824
2026-03-07,AdMob,JP,Interstitial,25059,481,111.84,5.5873,0.7988
2026-03-07,AdMob,JP,Rewarded,41014,851,301.45,9.2472,0.7948
2026-03-07,AdMob,JP,Native,71270,1189,223.64,4.0133,0.7819
2026-03-07,Unity,US,Banner,227748,3842,514.78,2.4537,0.9212
2026-03-07,Unity,US,Interstitial,35068,636,263.06,8.3802,0.8951
2026-03-07,Unity,US,Rewarded,61504,1430,613.64,12.1856,0.8188
2026-03-07,Unity,US,Native,111366,1953,506.22,5.9691,0.7615
2026-03-07,Unity,IN,Banner,365864,6933,66.4,0.2257,0.804
2026-03-07,Unity,IN,Interstitial,73782,1556,41.95,0.7789,0.73
2026-03-07,Unity,IN,Rewarded,109974,2423,103.57,1.3143,0.7165
2026-03-07,Unity,IN,Native,164062,3262,66.33,0.5886,0.6869
2026-03-07,Unity,BR,Banner,125092,2892,38.8,0.3627,0.8553
2026-03-07,Unity,BR,Interstitial,23103,408,20.99,1.13,0.804
2026-03-07,Unity,BR,Rewarded,36207,827,54.51,1.9453,0.774
2026-03-07,Unity,BR,Native,54328,883,35.98,0.9073,0.7299
2026-03-07,Unity,ID,Banner,167429,3459,22.66,0.1963,0.6897
2026-03-07,Unity,ID,Interstitial,36213,716,13.58,0.5412,0.693
2026-03-07,Unity,ID,Rewarded,46082,1014,26.33,0.923,0.619
2026-03-07,Unity,ID,Native,68533,1303,16.94,0.4038,0.6122
2026-03-07,Unity,DE,Banner,75850,1743,125.31,1.7592,0.9391
2026-03-07,Unity,DE,Interstitial,16208,312,85.53,5.9226,0.891
2026-03-07,Unity,DE,Rewarded,22581,532,138.48,7.5871,0.8083
2026-03-07,Unity,DE,Native,40985,702,119.93,3.979,0.7354
2026-03-07,Unity,JP,Banner,99552,2291,169.53,1.9625,0.8677
2026-03-07,Unity,JP,Interstitial,17832,407,92.46,6.1404,0.8444
2026-03-07,Unity,JP,Rewarded,25689,606,166.94,8.4419,0.7698
2026-03-07,Unity,JP,Native,45085,912,128.97,3.811,0.7506
2026-03-07,AppLovin,US,Banner,158587,3717,407.01,2.7789,0.9235
2026-03-07,AppLovin,US,Interstitial,30691,654,226.58,8.0998,0.9114
2026-03-07,AppLovin,US,Rewarded,42013,710,454.98,13.2096,0.8198
2026-03-07,AppLovin,US,Native,76596,1365,388.18,6.3357,0.7999
2026-03-07,AppLovin,IN,Banner,261507,4728,43.56,0.2172,0.7669
2026-03-07,AppLovin,IN,Interstitial,39764,916,23.41,0.7849,0.7501
2026-03-07,AppLovin,IN,Rewarded,79136,1724,70.55,1.2739,0.6998
2026-03-07,AppLovin,IN,Native,126855,2519,48.11,0.5561,0.6819
2026-03-07,AppLovin,BR,Banner,83313,1817,26.08,0.3619,0.8649
2026-03-07,AppLovin,BR,Interstitial,16508,393,16.89,1.2171,0.8406
2026-03-07,AppLovin,BR,Rewarded,23757,458,31.25,1.6894,0.7785
2026-03-07,AppLovin,BR,Native,36969,827,22.42,0.8143,0.7447
2026-03-07,AppLovin,ID,Banner,114816,2038,14.92,0.179,0.7257
2026-03-07,AppLovin,ID,Interstitial,23179,433,8.56,0.5413,0.6823
2026-03-07,AppLovin,ID,Rewarded,36309,583,21.5,0.9249,0.6403
2026-03-07,AppLovin,ID,Native,53226,897,13.45,0.4312,0.5858
2026-03-07,AppLovin,DE,Banner,60036,1195,92.04,1.7344,0.8839
2026-03-07,AppLovin,DE,Interstitial,13037,293,65.48,5.9901,0.8385
2026-03-07,AppLovin,DE,Rewarded,17736,393,129.5,9.0345,0.8082
2026-03-07,AppLovin,DE,Native,31062,561,94.14,3.848,0.7876
2026-03-07,AppLovin,JP,Banner,63729,1274,103.85,1.7731,0.919
2026-03-07,AppLovin,JP,Interstitial,14958,286,74.07,6.149,0.8053
2026-03-07,AppLovin,JP,Rewarded,22901,441,172.72,9.8496,0.7657
2026-03-07,AppLovin,JP,Native,31572,641,92.92,3.9836,0.7388
2026-03-07,ironSource,US,Banner,105704,2505,240.98,2.4111,0.9456
2026-03-07,ironSource,US,Interstitial,21782,510,163.84,8.8196,0.8529
2026-03-07,ironSource,US,Rewarded,36289,754,387.98,13.5218,0.7907
2026-03-07,ironSource,US,Native,57976,1196,252.45,5.7037,0.7634
2026-03-07,ironSource,IN,Banner,195398,3392,33.39,0.2176,0.7853
2026-03-07,ironSource,IN,Interstitial,32829,641,19.56,0.8197,0.727
2026-03-07,ironSource,IN,Rewarded,52881,1253,45.73,1.2356,0.6999
2026-03-07,ironSource,IN,Native,87925,1764,33.38,0.5869,0.6469
2026-03-07,ironSource,BR,Banner,70088,1278,20.66,0.3477,0.8476
2026-03-07,ironSource,BR,Interstitial,11754,260,10.96,1.1318,0.8237
2026-03-07,ironSource,BR,Rewarded,19335,346,24.93,1.7669,0.7296
2026-03-07,ironSource,BR,Native,37389,675,22.49,0.8578,0.7012
2026-03-07,ironSource,ID,Banner,100743,2147,12.09,0.1695,0.7081
2026-03-07,ironSource,ID,Interstitial,18737,332,7.93,0.5953,0.7113
2026-03-07,ironSource,ID,Rewarded,29598,679,16.27,0.8386,0.6555
2026-03-07,ironSource,ID,Native,45419,776,12.59,0.4388,0.6316
2026-03-07,ironSource,DE,Banner,48840,854,79.22,1.7885,0.9069
2026-03-07,ironSource,DE,Interstitial,8170,164,35.12,5.2357,0.8211
2026-03-07,ironSource,DE,Rewarded,12018,237,75.41,7.7936,0.8051
2026-03-07,ironSource,DE,Native,23451,390,68.65,4.0083,0.7304
2026-03-07,ironSource,JP,Banner,49924,1096,74.3,1.7723,0.8397
2026-03-07,ironSource,JP,Interstitial,10544,206,57.46,6.5271,0.8349
2026-03-07,ironSource,JP,Rewarded,18701,439,140.47,9.3837,0.8005
2026-03-07,ironSource,JP,Native,28079,637,92.53,4.4592,0.739
2026-03-08,AdMob,US,Banner,266754,4722,610.09,2.4425,0.9364
2026-03-08,AdMob,US,Interstitial,52827,1221,383.92,8.1689,0.8896
2026-03-08,AdMob,US,Rewarded,90766,1502,1025.49,13.5859,0.8316
2026-03-08,AdMob,US,Native,126520,2247,584.84,6.0147,0.7685
2026-03-08,AdMob,IN,Banner,455343,10208,87.07,0.248,0.771
2026-03-08,AdMob,IN,Interstitial,98583,1810,64.15,0.8376,0.777
2026-03-08,AdMob,IN,Rewarded,143991,3213,130.95,1.2853,0.7076
2026-03-08,AdMob,IN,Native,224097,5352,80.94,0.5701,0.6335
2026-03-08,AdMob,BR,Banner,188025,3288,62.98,0.3866,0.8665
2026-03-08,AdMob,BR,Interstitial,29646,536,30.5,1.2875,0.7991
2026-03-08,AdMob,BR,Rewarded,52707,1047,72.51,1.7715,0.7766
2026-03-08,AdMob,BR,Native,91353,1702,57.55,0.8994,0.7005
2026-03-08,AdMob,ID,Banner,225640,4298,31.52,0.1966,0.7103
2026-03-08,AdMob,ID,Interstitial,48117,1114,20.3,0.5903,0.7149
2026-03-08,AdMob,ID,Rewarded,69277,1494,39.73,0.9261,0.6194
2026-03-08,AdMob,ID,Native,122148,2848,29.66,0.4082,0.5948
2026-03-08,AdMob,DE,Banner,112471,2172,164.12,1.7007,0.858
2026-03-08,AdMob,DE,Interstitial,25189,445,116.98,5.3763,0.8638
2026-03-08,AdMob,DE,Rewarded,33636,780,245.62,8.9556,0.8154
2026-03-08,AdMob,DE,Native,64434,1032,214.8,4.192,0.7952
2026-03-08,AdMob,JP,Banner,162466,2671,227.71,1.6695,0.8395
2026-03-08,AdMob,JP,Interstitial,27446,444,139.62,6.145,0.8278
2026-03-08,AdMob,JP,Rewarded,42820,780,309.44,8.8958,0.8123
2026-03-08,AdMob,JP,Native,65784,1367,192.72,3.995,0.7333
2026-03-08,Unity,US,Banner,199530,3784,447.14,2.4668,0.9084
2026-03-08,Unity,US,Interstitial,45954,995,333.44,8.0461,0.9018
2026-03-08,Unity,US,Rewarded,51419,1103,611.67,14.0076,0.8492
2026-03-08,Unity,US,Native,97766,1592,448.57,6.0157,0.7627
2026-03-08,Unity,IN,Banner,354459,7903,69.2,0.259,0.7537
2026-03-08,Unity,IN,Interstitial,69059,1338,38.01,0.7485,0.7352
2026-03-08,Unity,IN,Rewarded,104133,2135,89.85,1.281,0.6736
2026-03-08,Unity,IN,Native,173642,3508,65.76,0.5921,0.6397
2026-03-08,Unity,BR,Banner,133702,2999,39.13,0.3469,0.8436
2026-03-08,Unity,BR,Interstitial,21174,339,21.58,1.2863,0.7923
2026-03-08,Unity,BR,Rewarded,33335,718,40.42,1.6522,0.7338
2026-03-08,Unity,BR,Native,55194,1086,36.47,0.913,0.7237
2026-03-08,Unity,ID,Banner,157825,2687,21.14,0.1869,0.7166
2026-03-08,Unity,ID,Interstitial,35872,725,13.89,0.5914,0.6549
2026-03-08,Unity,ID,Rewarded,50435,1077,28.94,0.8596,0.6675
2026-03-08,Unity,ID,Native,84130,1530,22.27,0.4133,0.6403
2026-03-08,Unity,DE,Banner,82376,1349,120.54,1.587,0.922
2026-03-08,Unity,DE,Interstitial,13906,260,69.0,5.8419,0.8494
2026-03-08,Unity,DE,Rewarded,24929,435,168.14,8.5831,0.7858
2026-03-08,Unity,DE,Native,45782,1026,135.75,3.919,0.7566
2026-03-08,Unity,JP,Banner,101384,1944,147.83,1.707,0.8542
2026-03-08,Unity,JP,Interstitial,22297,516,99.16,5.4737,0.8125
2026-03-08,Unity,JP,Rewarded,26761,557,190.09,9.2333,0.7693
2026-03-08,Unity,JP,Native,48548,1042,141.53,3.8654,0.7542
2026-03-08,AppLovin,US,Banner,151524,3054,365.23,2.6199,0.92
2026-03-08,AppLovin,US,Interstitial,29919,619,234.3,8.8234,0.8875
2026-03-08,AppLovin,US,Rewarded,38672,903,375.41,12.0121,0.8081
2026-03-08,AppLovin,US,Native,77468,1308,355.23,6.0129,0.7626
2026-03-08,AppLovin,IN,Banner,257514,5762,49.97,0.2588,0.7496
2026-03-08,AppLovin,IN,Interstitial,45263,946,26.51,0.7718,0.7587
2026-03-08,AppLovin,IN,Rewarded,74796,1387,56.6,1.0978,0.6893
2026-03-08,AppLovin,IN,Native,109126,2133,39.66,0.5603,0.6486
2026-03-08,AppLovin,BR,Banner,82828,1758,26.81,0.3769,0.8588
2026-03-08,AppLovin,BR,Interstitial,15752,265,14.03,1.1581,0.7688
2026-03-08,AppLovin,BR,Rewarded,24051,576,30.55,1.6436,0.7729
2026-03-08,AppLovin,BR,Native,37960,810,23.58,0.894,0.695
2026-03-08,AppLovin,ID,Banner,119938,2221,16.15,0.1945,0.6922
2026-03-08,AppLovin,ID,Interstitial,20176,448,8.46,0.5889,0.7122
2026-03-08,AppLovin,ID,Rewarded,36807,721,22.44,0.9059,0.6728
2026-03-08,AppLovin,ID,Native,51457,845,13.81,0.4484,0.5985
2026-03-08,AppLovin,DE,Banner,51049,923,78.29,1.686,0.9096
2026-03-08,AppLovin,DE,Interstitial,12283,254,63.48,5.801,0.891
2026-03-08,AppLovin,DE,Rewarded,18696,345,128.08,8.6676,0.7904
2026-03-08,AppLovin,DE,Native,28564,565,74.5,3.4797,0.7495
2026-03-08,AppLovin,JP,Banner,63423,1385,92.61,1.6655,0.8768
2026-03-08,AppLovin,JP,Interstitial,15814,301,79.86,6.0556,0.8339
2026-03-08,AppLovin,JP,Rewarded,19576,386,133.46,8.3638,0.8151
2026-03-08,AppLovin,JP,Native,39067,784,123.83,4.3714,0.7251
2026-03-08,ironSource,US,Banner,113068,2697,262.33,2.5112,0.9239
2026-03-08,ironSource,US,Interstitial,25159,430,192.5,9.1863,0.8329
2026-03-08,ironSource,US,Rewarded,30202,638,301.98,12.1462,0.8232
2026-03-08,ironSource,US,Native,57514,995,301.91,6.4298,0.8164
2026-03-08,ironSource,IN,Banner,203480,4533,37.78,0.2391,0.7764
2026-03-08,ironSource,IN,Interstitial,32308,743,20.97,0.8612,0.7537
2026-03-08,ironSource,IN,Rewarded,63388,1098,51.41,1.2043,0.6734
2026-03-08,ironSource,IN,Native,87131,1601,30.72,0.5156,0.6839
2026-03-08,ironSource,BR,Banner,78850,1561,24.29,0.3746,0.8222
2026-03-08,ironSource,BR,Interstitial,13662,221,13.27,1.1982,0.8104
2026-03-08,ironSource,BR,Rewarded,21856,492,30.89,1.7954,0.7873
2026-03-08,ironSource,BR,Native,31711,755,17.86,0.7641,0.7372
2026-03-08,ironSource,ID,Banner,90527,1656,10.78,0.1713,0.6953
2026-03-08,ironSource,ID,Interstitial,17450,317,7.16,0.5909,0.6946
2026-03-08,ironSource,ID,Rewarded,23882,477,14.06,0.8772,0.671
2026-03-08,ironSource,ID,Native,52414,919,13.18,0.4203,0.5983
2026-03-08,ironSource,DE,Banner,48684,1073,73.58,1.662,0.9094
2026-03-08,ironSource,DE,Interstitial,9823,199,43.24,4.9977,0.8809
2026-03-08,ironSource,DE,Rewarded,13351,229,90.9,8.3119,0.8191
2026-03-08,ironSource,DE,Native,22430,375,62.93,3.7234,0.7536
2026-03-08,ironSource,JP,Banner,51632,1195,75.29,1.6783,0.8688
2026-03-08,ironSource,JP,Interstitial,10485,233,50.74,5.8994,0.8203
2026-03-08,ironSource,JP,Rewarded,14921,357,97.01,8.4538,0.7691
2026-03-08,ironSource,JP,Native,29360,509,83.63,3.8967,0.731
2026-03-09,AdMob,US,Banner,221845,4669,551.15,2.7016,0.9196
2026-03-09,AdMob,US,Interstitial,47468,876,347.79,8.5913,0.8528
2026-03-09,AdMob,US,Rewarded,78425,1789,779.06,11.8584,0.8377
2026-03-09,AdMob,US,Native,110765,2081,532.95,6.423,0.7491
2026-03-09,AdMob,IN,Banner,413261,9253,75.12,0.2429,0.7485
2026-03-09,AdMob,IN,Interstitial,91355,1868,52.71,0.749,0.7703
2026-03-09,AdMob,IN,Rewarded,135693,2235,110.02,1.1223,0.7225
2026-03-09,AdMob,IN,Native,222991,3907,84.56,0.5795,0.6544
2026-03-09,AdMob,BR,Banner,164243,3211,50.58,0.3674,0.8381
2026-03-09,AdMob,BR,Interstitial,32938,767,29.62,1.1613,0.7744
2026-03-09,AdMob,BR,Rewarded,43479,1007,56.34,1.7454,0.7424
2026-03-09,AdMob,BR,Native,68643,1117,44.43,0.863,0.75
2026-03-09,AdMob,ID,Banner,219727,4170,28.41,0.1768,0.7314
2026-03-09,AdMob,ID,Interstitial,42346,998,15.73,0.5705,0.6513
2026-03-09,AdMob,ID,Rewarded,51294,981,30.8,0.9583,0.6266
2026-03-09,AdMob,ID,Native,109674,2191,27.5,0.3953,0.6344
2026-03-09,AdMob,DE,Banner,95984,1802,144.83,1.7036,0.8857
2026-03-09,AdMob,DE,Interstitial,21401,480,93.91,5.2908,0.8294
2026-03-09,AdMob,DE,Rewarded,32748,706,219.32,8.246,0.8122
2026-03-09,AdMob,DE,Native,50139,861,152.41,3.7861,0.8029
2026-03-09,AdMob,JP,Banner,128477,2961,223.32,1.9389,0.8965
2026-03-09,AdMob,JP,Interstitial,23772,455,117.8,5.7264,0.8654
2026-03-09,AdMob,JP,Rewarded,39858,812,270.85,8.3659,0.8123
2026-03-09,AdMob,JP,Native,58161,936,186.11,4.1954,0.7627
2026-03-09,Unity,US,Banner,182217,4013,418.98,2.5712,0.8943
2026-03-09,Unity,US,Interstitial,32936,705,233.09,8.1207,0.8715
2026-03-09,Unity,US,Rewarded,59254,979,574.66,11.8355,0.8194
2026-03-09,Unity,US,Native,94286,1751,443.1,5.8878,0.7982
2026-03-09,Unity,IN,Banner,308922,5137,60.82,0.2417,0.8146
2026-03-09,Unity,IN,Interstitial,56239,910,35.47,0.8426,0.7484
2026-03-09,Unity,IN,Rewarded,95902,1907,75.58,1.1516,0.6844
2026-03-09,Unity,IN,Native,141770,2767,54.85,0.5898,0.6559
2026-03-09,Unity,BR,Banner,106101,2420,33.1,0.3524,0.8852
2026-03-09,Unity,BR,Interstitial,20716,352,18.79,1.08,0.8399
2026-03-09,Unity,BR,Rewarded,29085,652,36.07,1.6749,0.7405
2026-03-09,Unity,BR,Native,53752,1068,34.64,0.9166,0.7031
2026-03-09,Unity,ID,Banner,160051,2802,22.6,0.1918,0.7365
2026-03-09,Unity,ID,Interstitial,30263,631,12.08,0.5817,0.6861
2026-03-09,Unity,ID,Rewarded,43377,717,26.87,0.9408,0.6585
2026-03-09,Unity,ID,Native,69104,1278,17.97,0.4338,0.5995
2026-03-09,Unity,DE,Banner,62115,1135,95.16,1.6231,0.9438
2026-03-09,Unity,DE,Interstitial,14132,327,66.3,5.7676,0.8134
2026-03-09,Unity,DE,Rewarded,20285,348,138.85,8.859,0.7727
2026-03-09,Unity,DE,Native,33136,533,97.87,3.731,0.7916
2026-03-09,Unity,JP,Banner,91204,2027,138.14,1.6673,0.9084
2026-03-09,Unity,JP,Interstitial,17499,301,83.84,5.6552,0.8472
2026-03-09,Unity,JP,Rewarded,23808,550,182.55,9.228,0.8309
2026-03-09,Unity,JP,Native,44972,916,149.47,4.2324,0.7853
2026-03-09,AppLovin,US,Banner,122004,2047,301.43,2.7589,0.8955
2026-03-09,AppLovin,US,Interstitial,26005,504,175.32,7.8129,0.8629
2026-03-09,AppLovin,US,Rewarded,38034,722,428.7,14.0037,0.8049
2026-03-09,AppLovin,US,Native,55604,1104,270.31,6.0781,0.7998
2026-03-09,AppLovin,IN,Banner,184749,3208,35.56,0.2458,0.7831
2026-03-09,AppLovin,IN,Interstitial,38868,885,23.84,0.7896,0.7768
2026-03-09,AppLovin,IN,Rewarded,64218,1491,59.68,1.2933,0.7185
2026-03-09,AppLovin,IN,Native,86636,1790,32.67,0.5551,0.6794
2026-03-09,AppLovin,BR,Banner,67691,1224,19.69,0.3485,0.8345
2026-03-09,AppLovin,BR,Interstitial,14294,313,14.39,1.2036,0.8362
2026-03-09,AppLovin,BR,Rewarded,24762,464,36.41,1.9381,0.7586
2026-03-09,AppLovin,BR,Native,32523,713,20.51,0.9123,0.6911
2026-03-09,AppLovin,ID,Banner,96343,2170,13.5,0.1962,0.7142
2026-03-09,AppLovin,ID,Interstitial,18695,448,7.43,0.5759,0.6905
2026-03-09,AppLovin,ID,Rewarded,30158,674,19.67,0.9785,0.6665
2026-03-09,AppLovin,ID,Native,49039,1162,11.94,0.4105,0.5931
2026-03-09,AppLovin,DE,Banner,56890,1021,86.85,1.7315,0.8817
2026-03-09,AppLovin,DE,Interstitial,11465,216,50.93,5.0232,0.8844
2026-03-09,AppLovin,DE,Rewarded,14634,275,100.02,8.7978,0.7768
2026-03-09,AppLovin,DE,Native,28390,626,89.16,4.0033,0.7845
2026-03-09,AppLovin,JP,Banner,54260,1027,80.78,1.6932,0.8792
2026-03-09,AppLovin,JP,Interstitial,12165,258,61.33,6.3377,0.7954
2026-03-09,AppLovin,JP,Rewarded,15938,362,102.73,8.2135,0.7847
2026-03-09,AppLovin,JP,Native,27921,498,90.26,4.2459,0.7614
2026-03-09,ironSource,US,Banner,100369,1732,255.15,2.7598,0.9211
2026-03-09,ironSource,US,Interstitial,20766,347,149.68,8.6567,0.8327
2026-03-09,ironSource,US,Rewarded,26911,528,257.1,11.8225,0.8081
2026-03-09,ironSource,US,Native,48075,1106,243.87,6.4149,0.7908
2026-03-09,ironSource,IN,Banner,161297,3641,27.62,0.2203,0.7771
2026-03-09,ironSource,IN,Interstitial,29063,555,15.55,0.7346,0.7284
2026-03-09,ironSource,IN,Rewarded,45210,970,34.43,1.1125,0.6845
2026-03-09,ironSource,IN,Native,77262,1575,29.55,0.5748,0.6654
2026-03-09,ironSource,BR,Banner,55473,1079,16.24,0.3616,0.8095
2026-03-09,ironSource,BR,Interstitial,12261,217,10.85,1.1237,0.7878
2026-03-09,ironSource,BR,Rewarded,15681,295,21.94,1.7452,0.8016
2026-03-09,ironSource,BR,Native,29644,699,18.82,0.8657,0.7332
2026-03-09,ironSource,ID,Banner,88581,1580,12.7,0.1906,0.7525
2026-03-09,ironSource,ID,Interstitial,16561,394,7.41,0.6465,0.6925
2026-03-09,ironSource,ID,Rewarded,21122,402,12.75,0.8891,0.6789
2026-03-09,ironSource,ID,Native,42874,1006,10.18,0.3806,0.6239
2026-03-09,ironSource,DE,Banner,38592,892,49.38,1.492,0.8575
2026-03-09,ironSource,DE,Interstitial,8534,191,35.33,5.0674,0.8169
2026-03-09,ironSource,DE,Rewarded,13115,291,79.38,7.6239,0.7939
2026-03-09,ironSource,DE,Native,20152,431,64.65,4.2016,0.7636
2026-03-09,ironSource,JP,Banner,50146,894,85.59,1.9595,0.8711
2026-03-09,ironSource,JP,Interstitial,9479,178,50.89,6.4233,0.8358
2026-03-09,ironSource,JP,Rewarded,15199,277,95.43,8.3398,0.7528
2026-03-09,ironSource,JP,Native,25787,603,87.2,4.3778,0.7724
2026-03-10,AdMob,US,Banner,243408,4006,573.05,2.6727,0.8809
2026-03-10,AdMob,US,Interstitial,44371,811,316.82,8.4126,0.8488
2026-03-10,AdMob,US,Rewarded,78327,1511,808.11,12.3892,0.8328
2026-03-10,AdMob,US,Native,112586,1853,466.58,5.4431,0.7614
2026-03-10,AdMob,IN,Banner,414233,7910,80.81,0.2542,0.7675
2026-03-10,AdMob,IN,Interstitial,87588,1752,47.17,0.7556,0.7128
2026-03-10,AdMob,IN,Rewarded,125262,2061,109.93,1.2239,0.717
2026-03-10,AdMob,IN,Native,195692,4497,70.64,0.5307,0.6802
2026-03-10,AdMob,BR,Banner,140160,2359,38.44,0.3309,0.829
2026-03-10,AdMob,BR,Interstitial,28401,545,29.04,1.2092,0.8457
2026-03-10,AdMob,BR,Rewarded,41220,723,51.25,1.68,0.74
2026-03-10,AdMob,BR,Native,80901,1632,47.02,0.7663,0.7584
2026-03-10,AdMob,ID,Banner,202656,4006,26.0,0.1749,0.7337
2026-03-10,AdMob,ID,Interstitial,37948,695,15.47,0.5718,0.7131
2026-03-10,AdMob,ID,Rewarded,58855,1029,31.92,0.8731,0.6212
2026-03-10,AdMob,ID,Native,90685,2018,23.99,0.4363,0.6063
2026-03-10,AdMob,DE,Banner,106268,2331,149.02,1.5484,0.9057
2026-03-10,AdMob,DE,Interstitial,20798,342,102.15,5.61,0.8755
2026-03-10,AdMob,DE,Rewarded,32082,575,206.11,7.8749,0.8158
2026-03-10,AdMob,DE,Native,55082,1231,163.91,3.835,0.7759
2026-03-10,AdMob,JP,Banner,139824,3193,223.62,1.8835,0.8491
2026-03-10,AdMob,JP,Interstitial,25889,465,138.29,6.1313,0.8712
2026-03-10,AdMob,JP,Rewarded,34570,676,253.26,9.0237,0.8119
2026-03-10,AdMob,JP,Native,65010,1467,204.53,4.1601,0.7563
2026-03-10,Unity,US,Banner,158225,3097,396.79,2.6496,0.9464
2026-03-10,Unity,US,Interstitial,33143,617,228.87,7.673,0.9
2026-03-10,Unity,US,Rewarded,50252,1086,513.05,12.3318,0.8279
2026-03-10,Unity,US,Native,94636,2059,437.9,5.8222,0.7948
2026-03-10,Unity,IN,Banner,262941,5631,47.04,0.2206,0.8108
2026-03-10,Unity,IN,Interstitial,58488,1200,32.62,0.7294,0.7646
2026-03-10,Unity,IN,Rewarded,92766,2119,89.47,1.3139,0.7341
2026-03-10,Unity,IN,Native,119459,2724,45.74,0.6032,0.6348
2026-03-10,Unity,BR,Banner,98075,2174,29.25,0.3679,0.8107
2026-03-10,Unity,BR,Interstitial,18553,400,18.22,1.1786,0.8331
2026-03-10,Unity,BR,Rewarded,26832,573,34.57,1.7651,0.73
2026-03-10,Unity,BR,Native,59885,1128,36.44,0.8661,0.7026
2026-03-10,Unity,ID,Banner,160019,3072,19.71,0.1701,0.7244
2026-03-10,Unity,ID,Interstitial,30253,643,13.12,0.6441,0.6731
2026-03-10,Unity,ID,Rewarded,42618,865,23.21,0.8601,0.6332
2026-03-10,Unity,ID,Native,62734,1051,16.39,0.4461,0.5856
2026-03-10,Unity,DE,Banner,66686,1280,91.24,1.524,0.8978
2026-03-10,Unity,DE,Interstitial,14931,260,78.52,5.9983,0.8767
2026-03-10,Unity,DE,Rewarded,23743,459,154.84,8.072,0.8079
2026-03-10,Unity,DE,Native,32695,674,102.16,4.1542,0.7522
2026-03-10,Unity,JP,Banner,80675,1482,139.1,1.9071,0.9041
2026-03-10,Unity,JP,Interstitial,18453,383,96.94,6.2446,0.8412
2026-03-10,Unity,JP,Rewarded,26836,530,178.27,8.2474,0.8055
2026-03-10,Unity,JP,Native,42942,773,137.72,4.5024,0.7123
2026-03-10,AppLovin,US,Banner,110802,2649,230.5,2.313,0.8994
2026-03-10,AppLovin,US,Interstitial,23276,484,171.76,8.7783,0.8406
2026-03-10,AppLovin,US,Rewarded,42950,1029,449.67,12.2192,0.8568
2026-03-10,AppLovin,US,Native,64160,1460,292.13,5.7232,0.7956
2026-03-10,AppLovin,IN,Banner,180281,3293,32.82,0.2377,0.7659
2026-03-10,AppLovin,IN,Interstitial,44329,923,25.45,0.7875,0.7291
2026-03-10,AppLovin,IN,Rewarded,54949,1059,43.88,1.1352,0.7034
2026-03-10,AppLovin,IN,Native,93849,2114,31.8,0.51,0.6644
2026-03-10,AppLovin,BR,Banner,82905,1894,24.27,0.341,0.8585
2026-03-10,AppLovin,BR,Interstitial,14589,257,15.98,1.3037,0.84
2026-03-10,AppLovin,BR,Rewarded,20873,485,26.09,1.685,0.7417
2026-03-10,AppLovin,BR,Native,42350,868,23.62,0.7647,0.7293
2026-03-10,AppLovin,ID,Banner,96716,1679,13.44,0.1847,0.7522
2026-03-10,AppLovin,ID,Interstitial,17722,331,6.5,0.544,0.6747
2026-03-10,AppLovin,ID,Rewarded,29377,562,17.59,0.9006,0.6647
2026-03-10,AppLovin,ID,Native,47459,847,13.45,0.4475,0.6334
2026-03-10,AppLovin,DE,Banner,47220,878,71.54,1.7573,0.8621
2026-03-10,AppLovin,DE,Interstitial,9845,190,42.01,5.1558,0.8276
2026-03-10,AppLovin,DE,Rewarded,16145,267,120.75,8.8114,0.8488
2026-03-10,AppLovin,DE,Native,22875,425,71.12,4.0476,0.7681
2026-03-10,AppLovin,JP,Banner,56979,992,85.68,1.721,0.8738
2026-03-10,AppLovin,JP,Interstitial,14240,323,69.02,5.5291,0.8766
2026-03-10,AppLovin,JP,Rewarded,18317,324,139.17,9.4317,0.8056
2026-03-10,AppLovin,JP,Native,29741,605,94.97,4.211,0.7583
2026-03-10,ironSource,US,Banner,99189,1931,230.01,2.521,0.9198
2026-03-10,ironSource,US,Interstitial,20247,440,164.24,9.1596,0.8856
2026-03-10,ironSource,US,Rewarded,30877,500,337.92,13.1147,0.8345
2026-03-10,ironSource,US,Native,57493,968,240.01,5.395,0.7738
2026-03-10,ironSource,IN,Banner,140652,3151,27.67,0.2541,0.7742
2026-03-10,ironSource,IN,Interstitial,29818,624,16.4,0.761,0.7226
2026-03-10,ironSource,IN,Rewarded,52535,1249,43.3,1.1885,0.6935
2026-03-10,ironSource,IN,Native,70802,1188,25.98,0.5585,0.6569
2026-03-10,ironSource,BR,Banner,55827,1164,16.06,0.326,0.882
2026-03-10,ironSource,BR,Interstitial,13134,283,12.91,1.2052,0.8155
2026-03-10,ironSource,BR,Rewarded,20203,437,25.12,1.653,0.7521
2026-03-10,ironSource,BR,Native,34125,598,23.02,0.9208,0.7325
2026-03-10,ironSource,ID,Banner,70861,1244,9.94,0.1961,0.7152
2026-03-10,ironSource,ID,Interstitial,18082,379,6.99,0.5525,0.6997
2026-03-10,ironSource,ID,Rewarded,21031,438,11.45,0.871,0.6253
2026-03-10,ironSource,ID,Native,39725,746,9.64,0.3784,0.6411
2026-03-10,ironSource,DE,Banner,37098,890,50.26,1.5584,0.8693
2026-03-10,ironSource,DE,Interstitial,7508,158,35.93,5.3961,0.8868
2026-03-10,ironSource,DE,Rewarded,11527,205,85.24,8.9072,0.8302
2026-03-10,ironSource,DE,Native,20862,456,66.61,4.1752,0.7647
2026-03-10,ironSource,JP,Banner,57066,1024,90.1,1.8685,0.845
2026-03-10,ironSource,JP,Interstitial,10285,197,51.53,5.7307,0.8743
2026-03-10,ironSource,JP,Rewarded,14807,282,110.07,9.3629,0.7939
2026-03-10,ironSource,JP,Native,21824,468,72.45,4.281,0.7755
2026-03-11,AdMob,US,Banner,241112,5674,540.09,2.3601,0.9491
2026-03-11,AdMob,US,Interstitial,48324,967,372.07,8.8887,0.8662
2026-03-11,AdMob,US,Rewarded,82570,1462,801.49,11.6877,0.8305
2026-03-11,AdMob,US,Native,118992,2469,542.72,6.1219,0.745
2026-03-11,AdMob,IN,Banner,374013,8185,69.79,0.2481,0.752
2026-03-11,AdMob,IN,Interstitial,83495,1525,56.39,0.8754,0.7715
2026-03-11,AdMob,IN,Rewarded,102983,1670,90.37,1.2373,0.7092
2026-03-11,AdMob,IN,Native,177360,4123,69.72,0.5695,0.6903
2026-03-11,AdMob,BR,Banner,134316,2653,38.32,0.3517,0.8112
2026-03-11,AdMob,BR,Interstitial,32277,541,33.09,1.2696,0.8074
2026-03-11,AdMob,BR,Rewarded,43398,805,63.17,1.9556,0.7443
2026-03-11,AdMob,BR,Native,80553,1538,53.28,0.8792,0.7523
2026-03-11,AdMob,ID,Banner,200875,4450,26.97,0.1788,0.7508
2026-03-11,AdMob,ID,Interstitial,43977,855,17.21,0.556,0.704
2026-03-11,AdMob,ID,Rewarded,51420,975,27.84,0.8208,0.6595
2026-03-11,AdMob,ID,Native,111043,2386,28.45,0.4397,0.5827
2026-03-11,AdMob,DE,Banner,90770,2086,134.36,1.6245,0.9112
2026-03-11,AdMob,DE,Interstitial,19736,381,101.32,5.8393,0.8792
2026-03-11,AdMob,DE,Rewarded,30008,693,198.79,8.5808,0.772
2026-03-11,AdMob,DE,Native,54047,942,158.48,3.6571,0.8018
2026-03-11,AdMob,JP,Banner,140528,2761,220.43,1.7368,0.9032
2026-03-11,AdMob,JP,Interstitial,26773,449,122.17,5.5869,0.8167
2026-03-11,AdMob,JP,Rewarded,41607,938,290.02,8.6333,0.8074
2026-03-11,AdMob,JP,Native,70026,1230,210.64,3.8693,0.7774
2026-03-11,Unity,US,Banner,187437,3329,437.25,2.6667,0.8748
2026-03-11,Unity,US,Interstitial,34915,659,265.92,8.3641,0.9106
2026-03-11,Unity,US,Rewarded,59382,1300,650.68,12.6465,0.8664
2026-03-11,Unity,US,Native,96145,1648,415.55,5.4798,0.7887
2026-03-11,Unity,IN,Banner,263000,4290,51.59,0.2459,0.7976
2026-03-11,Unity,IN,Interstitial,56519,1130,32.51,0.8105,0.7098
2026-03-11,Unity,IN,Rewarded,89388,1842,70.36,1.0928,0.7203
2026-03-11,Unity,IN,Native,153995,2580,55.75,0.5284,0.6851
2026-03-11,Unity,BR,Banner,101970,2206,30.43,0.3384,0.882
2026-03-11,Unity,BR,Interstitial,18009,308,15.41,1.0823,0.7906
2026-03-11,Unity,BR,Rewarded,32731,772,48.6,1.859,0.7988
2026-03-11,Unity,BR,Native,55002,1105,29.66,0.757,0.7123
2026-03-11,Unity,ID,Banner,139965,3230,19.37,0.1837,0.7532
2026-03-11,Unity,ID,Interstitial,24714,558,9.99,0.5719,0.7068
2026-03-11,Unity,ID,Rewarded,39169,775,24.31,0.9415,0.6591
2026-03-11,Unity,ID,Native,63730,1105,17.97,0.4526,0.6229
2026-03-11,Unity,DE,Banner,74300,1321,120.14,1.7297,0.9348
2026-03-11,Unity,DE,Interstitial,16052,341,70.96,5.1187,0.8636
2026-03-11,Unity,DE,Rewarded,20489,433,141.56,8.2088,0.8417
2026-03-11,Unity,DE,Native,34968,594,90.64,3.5638,0.7273
2026-03-11,Unity,JP,Banner,99474,1620,173.64,1.8951,0.9211
2026-03-11,Unity,JP,Interstitial,18446,351,86.46,5.4532,0.8596
2026-03-11,Unity,JP,Rewarded,23066,490,162.99,9.1225,0.7746
2026-03-11,Unity,JP,Native,45826,874,157.25,4.3722,0.7848
2026-03-11,AppLovin,US,Banner,123699,2016,310.29,2.7054,0.9272
2026-03-11,AppLovin,US,Interstitial,27573,463,180.33,7.7375,0.8452
2026-03-11,AppLovin,US,Rewarded,32751,639,299.03,11.5405,0.7912
2026-03-11,AppLovin,US,Native,57865,1030,253.08,5.5056,0.7944
2026-03-11,AppLovin,IN,Banner,171136,3174,30.92,0.2361,0.7652
2026-03-11,AppLovin,IN,Interstitial,39343,924,24.39,0.827,0.7496
2026-03-11,AppLovin,IN,Rewarded,60318,1329,49.08,1.1934,0.6819
2026-03-11,AppLovin,IN,Native,89223,1897,32.81,0.559,0.6578
2026-03-11,AppLovin,BR,Banner,84396,1527,27.2,0.3922,0.8218
2026-03-11,AppLovin,BR,Interstitial,16402,355,15.88,1.2044,0.8037
2026-03-11,AppLovin,BR,Rewarded,23187,457,35.23,1.9695,0.7714
2026-03-11,AppLovin,BR,Native,37981,804,24.75,0.8918,0.7306
2026-03-11,AppLovin,ID,Banner,114143,2457,14.96,0.1843,0.7114
2026-03-11,AppLovin,ID,Interstitial,20956,459,7.74,0.5417,0.6818
2026-03-11,AppLovin,ID,Rewarded,29991,715,18.38,0.9503,0.6448
2026-03-11,AppLovin,ID,Native,46893,953,10.99,0.3857,0.6077
2026-03-11,AppLovin,DE,Banner,47736,907,68.39,1.565,0.9155
2026-03-11,AppLovin,DE,Interstitial,10394,197,52.95,5.807,0.8773
2026-03-11,AppLovin,DE,Rewarded,15305,352,105.0,8.1669,0.84
2026-03-11,AppLovin,DE,Native,23828,451,62.31,3.5356,0.7396
2026-03-11,AppLovin,JP,Banner,63704,1359,102.32,1.8564,0.8652
2026-03-11,AppLovin,JP,Interstitial,14141,291,70.59,6.1824,0.8075
2026-03-11,AppLovin,JP,Rewarded,18985,367,143.18,9.6673,0.7801
2026-03-11,AppLovin,JP,Native,32174,525,103.8,4.2205,0.7644
2026-03-11,ironSource,US,Banner,101905,2169,216.9,2.3571,0.903
2026-03-11,ironSource,US,Interstitial,17944,380,130.81,8.175,0.8917
2026-03-11,ironSource,US,Rewarded,26319,474,272.19,12.947,0.7988
2026-03-11,ironSource,US,Native,49388,855,222.3,5.4851,0.8206
2026-03-11,ironSource,IN,Banner,173503,3371,36.33,0.2558,0.8186
2026-03-11,ironSource,IN,Interstitial,35591,705,22.28,0.8732,0.7168
2026-03-11,ironSource,IN,Rewarded,41664,734,36.24,1.229,0.7077
2026-03-11,ironSource,IN,Native,87149,1412,30.26,0.5082,0.6833
2026-03-11,ironSource,BR,Banner,62822,1367,17.17,0.3297,0.8289
2026-03-11,ironSource,BR,Interstitial,11209,183,11.34,1.2027,0.841
2026-03-11,ironSource,BR,Rewarded,19679,333,23.82,1.6435,0.7364
2026-03-11,ironSource,BR,Native,34446,824,20.34,0.7863,0.7512
2026-03-11,ironSource,ID,Banner,77210,1477,10.56,0.1847,0.7401
2026-03-11,ironSource,ID,Interstitial,14376,319,5.98,0.5921,0.7026
2026-03-11,ironSource,ID,Rewarded,22059,360,12.53,0.8415,0.6753
2026-03-11,ironSource,ID,Native,42816,995,10.35,0.3819,0.6327
2026-03-11,ironSource,DE,Banner,37569,690,50.94,1.5094,0.8983
2026-03-11,ironSource,DE,Interstitial,7801,147,36.8,5.6815,0.8302
2026-03-11,ironSource,DE,Rewarded,13017,277,87.93,8.4872,0.7959
2026-03-11,ironSource,DE,Native,21591,345,63.08,3.9212,0.7451
2026-03-11,ironSource,JP,Banner,54542,906,93.79,1.9161,0.8974
2026-03-11,ironSource,JP,Interstitial,10255,180,54.14,6.3852,0.8268
2026-03-11,ironSource,JP,Rewarded,15394,319,111.62,9.5874,0.7563
2026-03-11,ironSource,JP,Native,26073,548,84.84,4.286,0.7592
2026-03-12,AdMob,US,Banner,222280,3587,499.7,2.4148,0.9309
2026-03-12,AdMob,US,Interstitial,52021,1081,388.83,8.7812,0.8512
2026-03-12,AdMob,US,Rewarded,75767,1763,758.77,12.1398,0.8249
2026-03-12,AdMob,US,Native,122247,2032,556.46,6.1045,0.7457
2026-03-12,AdMob,IN,Banner,349756,6232,68.08,0.2534,0.7683
2026-03-12,AdMob,IN,Interstitial,85935,1671,46.37,0.7472,0.7222
2026-03-12,AdMob,IN,Rewarded,113931,2181,96.03,1.2205,0.6906
2026-03-12,AdMob,IN,Native,221773,5082,91.58,0.6031,0.6847
2026-03-12,AdMob,BR,Banner,153137,3412,48.51,0.3705,0.8549
2026-03-12,AdMob,BR,Interstitial,30459,672,28.06,1.1067,0.8325
2026-03-12,AdMob,BR,Rewarded,49324,905,62.26,1.6886,0.7475
2026-03-12,AdMob,BR,Native,75181,1312,41.8,0.7785,0.7142
2026-03-12,AdMob,ID,Banner,185885,3008,25.98,0.1874,0.7455
2026-03-12,AdMob,ID,Interstitial,40790,882,14.56,0.5443,0.6556
2026-03-12,AdMob,ID,Rewarded,64240,1469,39.71,0.9565,0.6463
2026-03-12,AdMob,ID,Native,90005,2014,21.17,0.399,0.5896
2026-03-12,AdMob,DE,Banner,91860,1526,128.58,1.5363,0.9111
2026-03-12,AdMob,DE,Interstitial,17269,372,71.08,5.0674,0.8123
2026-03-12,AdMob,DE,Rewarded,30560,687,187.23,7.7713,0.7884
2026-03-12,AdMob,DE,Native,50027,895,152.47,4.0029,0.7614
2026-03-12,AdMob,JP,Banner,142640,2745,220.46,1.8236,0.8475
2026-03-12,AdMob,JP,Interstitial,23720,546,117.04,5.6569,0.8722
2026-03-12,AdMob,JP,Rewarded,34115,602,242.17,8.7339,0.8128
2026-03-12,AdMob,JP,Native,64216,1390,213.03,4.3678,0.7595
2026-03-12,Unity,US,Banner,185851,4279,469.22,2.7871,0.9059
2026-03-12,Unity,US,Interstitial,29978,635,203.65,8.1399,0.8346
2026-03-12,Unity,US,Rewarded,46212,750,529.24,13.6316,0.8401
2026-03-12,Unity,US,Native,93137,1512,472.22,6.3808,0.7946
2026-03-12,Unity,IN,Banner,310065,5776,60.0,0.2512,0.7705
2026-03-12,Unity,IN,Interstitial,55660,935,34.54,0.8587,0.7226
2026-03-12,Unity,IN,Rewarded,93188,1718,73.98,1.0863,0.7309
2026-03-12,Unity,IN,Native,140345,3087,50.22,0.5188,0.6897
2026-03-12,Unity,BR,Banner,118360,2185,36.36,0.3732,0.8232
2026-03-12,Unity,BR,Interstitial,20917,398,21.59,1.2257,0.8419
2026-03-12,Unity,BR,Rewarded,33419,765,48.51,1.966,0.7384
2026-03-12,Unity,BR,Native,51251,956,31.88,0.879,0.7076
2026-03-12,Unity,ID,Banner,120139,2012,17.57,0.197,0.7426
2026-03-12,Unity,ID,Interstitial,32195,532,13.97,0.6126,0.7082
2026-03-12,Unity,ID,Rewarded,40607,808,23.52,0.9305,0.6225
2026-03-12,Unity,ID,Native,68796,1633,16.35,0.3961,0.5998
2026-03-12,Unity,DE,Banner,65561,1400,92.11,1.5554,0.9033
2026-03-12,Unity,DE,Interstitial,14945,286,70.43,5.7797,0.8154
2026-03-12,Unity,DE,Rewarded,22725,373,165.83,8.918,0.8183
2026-03-12,Unity,DE,Native,33914,559,93.65,3.5222,0.784
2026-03-12,Unity,JP,Banner,79250,1525,122.99,1.7701,0.8767
2026-03-12,Unity,JP,Interstitial,17307,352,89.33,6.2559,0.8251
2026-03-12,Unity,JP,Rewarded,24701,492,172.86,8.7365,0.801
2026-03-12,Unity,JP,Native,46677,912,152.92,4.2509,0.7707
2026-03-12,AppLovin,US,Banner,124663,2379,293.97,2.6367,0.8944
2026-03-12,AppLovin,US,Interstitial,25936,539,173.42,7.6991,0.8685
2026-03-12,AppLovin,US,Rewarded,42757,857,474.78,13.7114,0.8098
2026-03-12,AppLovin,US,Native,54182,920,245.6,5.6415,0.8035
2026-03-12,AppLovin,IN,Banner,185461,4127,39.03,0.2613,0.8053
2026-03-12,AppLovin,IN,Interstitial,44374,893,26.57,0.8399,0.7129
2026-03-12,AppLovin,IN,Rewarded,58996,1162,49.42,1.1547,0.7254
2026-03-12,AppLovin,IN,Native,86808,2005,29.94,0.5348,0.645
2026-03-12,AppLovin,BR,Banner,78317,1660,24.27,0.3643,0.8506
2026-03-12,AppLovin,BR,Interstitial,16146,384,16.51,1.2131,0.8429
2026-03-12,AppLovin,BR,Rewarded,25843,497,38.38,1.861,0.7981
2026-03-12,AppLovin,BR,Native,41545,940,28.38,0.9087,0.7517
2026-03-12,AppLovin,ID,Banner,97197,2151,11.54,0.1677,0.708
2026-03-12,AppLovin,ID,Interstitial,18397,383,7.57,0.5974,0.6885
2026-03-12,AppLovin,ID,Rewarded,33921,700,21.01,0.9291,0.6666
2026-03-12,AppLovin,ID,Native,55003,1287,13.08,0.4001,0.5942
2026-03-12,AppLovin,DE,Banner,52902,1005,80.99,1.7066,0.8971
2026-03-12,AppLovin,DE,Interstitial,10167,199,43.98,5.0826,0.8511
2026-03-12,AppLovin,DE,Rewarded,15172,321,108.88,8.4722,0.847
2026-03-12,AppLovin,DE,Native,27877,461,84.08,3.8934,0.7747
2026-03-12,AppLovin,JP,Banner,55623,1245,88.58,1.8287,0.8708
2026-03-12,AppLovin,JP,Interstitial,12661,217,71.59,6.4587,0.8755
2026-03-12,AppLovin,JP,Rewarded,18158,329,131.1,9.297,0.7766
2026-03-12,AppLovin,JP,Native,34191,690,120.96,4.6035,0.7685
2026-03-12,ironSource,US,Banner,98275,1967,231.52,2.5702,0.9166
2026-03-12,ironSource,US,Interstitial,18220,390,150.01,9.1864,0.8962
2026-03-12,ironSource,US,Rewarded,34049,769,329.55,12.2002,0.7933
2026-03-12,ironSource,US,Native,57476,1278,259.64,6.0433,0.7475
2026-03-12,ironSource,IN,Banner,139539,3254,25.74,0.2419,0.7626
2026-03-12,ironSource,IN,Interstitial,31532,602,19.78,0.8638,0.7261
2026-03-12,ironSource,IN,Rewarded,54438,1040,43.46,1.1283,0.7075
2026-03-12,ironSource,IN,Native,86580,1869,29.58,0.5185,0.6588
2026-03-12,ironSource,BR,Banner,58326,1168,16.61,0.3282,0.8674
2026-03-12,ironSource,BR,Interstitial,10240,172,10.57,1.227,0.8414
2026-03-12,ironSource,BR,Rewarded,18489,299,25.48,1.8823,0.7322
2026-03-12,ironSource,BR,Native,29677,673,18.41,0.8889,0.698
2026-03-12,ironSource,ID,Banner,83757,1987,10.51,0.174,0.7211
2026-03-12,ironSource,ID,Interstitial,14638,250,6.08,0.5999,0.6925
2026-03-12,ironSource,ID,Rewarded,20713,343,10.71,0.8124,0.6366
2026-03-12,ironSource,ID,Native,43645,849,11.79,0.4618,0.5852
2026-03-12,ironSource,DE,Banner,34308,656,46.38,1.5292,0.8841
2026-03-12,ironSource,DE,Interstitial,9055,162,41.68,5.3854,0.8547
2026-03-12,ironSource,DE,Rewarded,10200,241,70.53,8.9089,0.7761
2026-03-12,ironSource,DE,Native,17785,304,56.15,3.9308,0.8032
2026-03-12,ironSource,JP,Banner,48859,1051,77.91,1.901,0.8388
2026-03-12,ironSource,JP,Interstitial,8741,203,40.12,5.6838,0.8076
2026-03-12,ironSource,JP,Rewarded,13562,254,88.55,8.1728,0.7989
2026-03-12,ironSource,JP,Native,24292,505,72.25,3.88,0.7666
2026-03-13,AdMob,US,Banner,239816,5330,530.57,2.3825,0.9286
2026-03-13,AdMob,US,Interstitial,47185,1012,308.23,7.694,0.849
2026-03-13,AdMob,US,Rewarded,86004,1418,803.69,11.5091,0.8119
2026-03-13,AdMob,US,Native,118113,1965,561.92,5.838,0.8149
2026-03-13,AdMob,IN,Banner,433256,8711,81.88,0.235,0.8043
2026-03-13,AdMob,IN,Interstitial,68942,1432,42.66,0.8714,0.7101
2026-03-13,AdMob,IN,Rewarded,133596,3018,103.64,1.0991,0.7058
2026-03-13,AdMob,IN,Native,229179,4949,86.94,0.5851,0.6483
2026-03-13,AdMob,BR,Banner,159259,2659,52.48,0.3744,0.8801
2026-03-13,AdMob,BR,Interstitial,26475,522,27.57,1.2337,0.8442
2026-03-13,AdMob,BR,Rewarded,51217,1192,79.8,1.9577,0.7958
2026-03-13,AdMob,BR,Native,83962,1359,55.27,0.8937,0.7366
2026-03-13,AdMob,ID,Banner,177935,3013,20.36,0.1668,0.6857
2026-03-13,AdMob,ID,Interstitial,45036,1006,18.73,0.6197,0.6711
2026-03-13,AdMob,ID,Rewarded,59790,1118,33.62,0.8356,0.6729
2026-03-13,AdMob,ID,Native,105965,2387,26.1,0.4024,0.612
2026-03-13,AdMob,DE,Banner,89703,1818,139.65,1.8075,0.8613
2026-03-13,AdMob,DE,Interstitial,22496,385,112.13,5.9903,0.8321
2026-03-13,AdMob,DE,Rewarded,32019,716,194.08,7.4943,0.8088
2026-03-13,AdMob,DE,Native,50903,1189,140.39,3.6098,0.764
2026-03-13,AdMob,JP,Banner,129395,2265,210.54,1.8797,0.8656
2026-03-13,AdMob,JP,Interstitial,23167,471,114.41,6.0398,0.8176
2026-03-13,AdMob,JP,Rewarded,39837,876,287.3,9.4219,0.7654
2026-03-13,AdMob,JP,Native,65737,1391,178.14,3.7901,0.715
2026-03-13,Unity,US,Banner,168894,2917,351.41,2.3695,0.8781
2026-03-13,Unity,US,Interstitial,39803,936,310.01,8.8869,0.8764
2026-03-13,Unity,US,Rewarded,54375,1126,586.9,13.3254,0.81
2026-03-13,Unity,US,Native,78141,1385,339.99,5.8363,0.7455
2026-03-13,Unity,IN,Banner,244288,4647,46.24,0.2346,0.8068
2026-03-13,Unity,IN,Interstitial,61571,1101,37.68,0.825,0.7417
2026-03-13,Unity,IN,Rewarded,94638,1984,73.99,1.093,0.7153
2026-03-13,Unity,IN,Native,137523,3160,48.07,0.5309,0.6584
2026-03-13,Unity,BR,Banner,115608,2207,37.76,0.3918,0.8337
2026-03-13,Unity,BR,Interstitial,17967,345,18.63,1.3063,0.7937
2026-03-13,Unity,BR,Rewarded,35353,615,49.26,1.8096,0.7701
2026-03-13,Unity,BR,Native,52478,946,34.72,0.9103,0.7267
2026-03-13,Unity,ID,Banner,120309,1965,15.19,0.1741,0.7252
2026-03-13,Unity,ID,Interstitial,28922,469,12.26,0.6028,0.7034
2026-03-13,Unity,ID,Rewarded,45538,1080,26.32,0.9038,0.6396
2026-03-13,Unity,ID,Native,62862,1271,16.0,0.4235,0.601
2026-03-13,Unity,DE,Banner,71097,1498,98.47,1.5145,0.9145
2026-03-13,Unity,DE,Interstitial,15131,320,64.0,5.0497,0.8377
2026-03-13,Unity,DE,Rewarded,18711,349,123.77,8.543,0.7743
2026-03-13,Unity,DE,Native,38640,887,121.79,4.0612,0.7761
2026-03-13,Unity,JP,Banner,92993,2004,154.97,1.807,0.9222
2026-03-13,Unity,JP,Interstitial,18032,331,92.37,5.8906,0.8696
2026-03-13,Unity,JP,Rewarded,22385,415,144.03,8.4541,0.7611
2026-03-13,Unity,JP,Native,48027,1071,150.31,4.3273,0.7232
2026-03-13,AppLovin,US,Banner,125158,2868,290.31,2.5565,0.9073
2026-03-13,AppLovin,US,Interstitial,23637,513,158.16,7.81,0.8568
2026-03-13,AppLovin,US,Rewarded,39272,835,373.63,11.9544,0.7959
2026-03-13,AppLovin,US,Native,65807,1567,308.21,5.7907,0.8088
2026-03-13,AppLovin,IN,Banner,182338,3957,32.95,0.2437,0.7414
2026-03-13,AppLovin,IN,Interstitial,38971,876,22.23,0.7509,0.7597
2026-03-13,AppLovin,IN,Rewarded,53000,1113,39.88,1.0898,0.6904
2026-03-13,AppLovin,IN,Native,108802,2437,41.1,0.5652,0.6684
2026-03-13,AppLovin,BR,Banner,75648,1743,23.7,0.368,0.8514
2026-03-13,AppLovin,BR,Interstitial,13809,311,12.28,1.1434,0.7775
2026-03-13,AppLovin,BR,Rewarded,21904,512,30.65,1.7452,0.8018
2026-03-13,AppLovin,BR,Native,42809,797,25.07,0.7799,0.7508
2026-03-13,AppLovin,ID,Banner,85379,1439,10.83,0.1761,0.7207
2026-03-13,AppLovin,ID,Interstitial,20226,380,8.72,0.6383,0.6756
2026-03-13,AppLovin,ID,Rewarded,28549,558,17.24,0.9762,0.6188
2026-03-13,AppLovin,ID,Native,46468,896,12.36,0.4531,0.5873
2026-03-13,AppLovin,DE,Banner,48602,1028,75.57,1.7782,0.8744
2026-03-13,AppLovin,DE,Interstitial,8903,187,46.09,5.9994,0.863
2026-03-13,AppLovin,DE,Rewarded,14701,306,92.41,7.9898,0.7867
2026-03-13,AppLovin,DE,Native,28409,488,84.44,3.742,0.7943
2026-03-13,AppLovin,JP,Banner,70677,1392,107.3,1.7462,0.8694
2026-03-13,AppLovin,JP,Interstitial,13318,268,69.6,6.2636,0.8343
2026-03-13,AppLovin,JP,Rewarded,16106,329,108.61,8.6477,0.7798
2026-03-13,AppLovin,JP,Native,31796,568,106.34,4.3763,0.7642
2026-03-13,ironSource,US,Banner,108105,1817,234.2,2.305,0.9399
2026-03-13,ironSource,US,Interstitial,21377,460,158.67,8.5461,0.8685
2026-03-13,ironSource,US,Rewarded,25827,588,260.58,12.0448,0.8376
2026-03-13,ironSource,US,Native,48216,1011,213.92,5.6629,0.7835
2026-03-13,ironSource,IN,Banner,156164,2543,31.51,0.2581,0.7818
2026-03-13,ironSource,IN,Interstitial,29341,521,17.56,0.7921,0.7557
2026-03-13,ironSource,IN,Rewarded,54858,886,44.68,1.1565,0.7043
2026-03-13,ironSource,IN,Native,89237,2094,33.98,0.5923,0.6428
2026-03-13,ironSource,BR,Banner,56685,1242,18.59,0.3738,0.8771
2026-03-13,ironSource,BR,Interstitial,13503,235,14.73,1.2874,0.8474
2026-03-13,ironSource,BR,Rewarded,16945,343,24.53,1.849,0.7828
2026-03-13,ironSource,BR,Native,26165,503,17.75,0.8974,0.7558
2026-03-13,ironSource,ID,Banner,73395,1585,8.37,0.1627,0.7011
2026-03-13,ironSource,ID,Interstitial,17975,387,6.81,0.5512,0.6876
2026-03-13,ironSource,ID,Rewarded,22389,508,13.52,0.9126,0.6619
2026-03-13,ironSource,ID,Native,39429,698,10.43,0.4408,0.5999
2026-03-13,ironSource,DE,Banner,36247,662,49.88,1.6034,0.8582
2026-03-13,ironSource,DE,Interstitial,8365,153,38.77,5.6627,0.8185
2026-03-13,ironSource,DE,Rewarded,12250,265,78.24,7.9506,0.8034
2026-03-13,ironSource,DE,Native,17055,290,46.27,3.6778,0.7376
2026-03-13,ironSource,JP,Banner,56885,1244,88.12,1.7556,0.8824
2026-03-13,ironSource,JP,Interstitial,8642,197,42.47,5.6892,0.8638
2026-03-13,ironSource,JP,Rewarded,14428,264,102.84,8.7748,0.8123
2026-03-13,ironSource,JP,Native,22128,363,65.4,3.9963,0.7396
2026-03-14,AdMob,US,Banner,285661,4734,703.29,2.6724,0.9213
2026-03-14,AdMob,US,Interstitial,56467,930,417.71,8.8551,0.8354
2026-03-14,AdMob,US,Rewarded,82901,1711,857.52,11.9722,0.864
2026-03-14,AdMob,US,Native,134578,2295,643.67,6.1937,0.7722
2026-03-14,AdMob,IN,Banner,423738,7704,77.93,0.2469,0.745
2026-03-14,AdMob,IN,Interstitial,83949,1897,47.65,0.7522,0.7545
2026-03-14,AdMob,IN,Rewarded,146936,2419,132.69,1.235,0.7312
2026-03-14,AdMob,IN,Native,207056,4005,74.6,0.5504,0.6545
2026-03-14,AdMob,BR,Banner,157309,3684,44.8,0.3348,0.8508
2026-03-14,AdMob,BR,Interstitial,33381,611,30.0,1.0904,0.8241
2026-03-14,AdMob,BR,Rewarded,47792,1077,64.92,1.7367,0.7821
2026-03-14,AdMob,BR,Native,88528,1504,50.84,0.8102,0.7088
2026-03-14,AdMob,ID,Banner,259897,5535,32.98,0.185,0.6859
2026-03-14,AdMob,ID,Interstitial,45270,786,20.98,0.6567,0.7058
2026-03-14,AdMob,ID,Rewarded,73556,1588,41.44,0.8974,0.6277
2026-03-14,AdMob,ID,Native,116634,2458,27.56,0.3806,0.621
2026-03-14,AdMob,DE,Banner,102720,1757,149.2,1.6002,0.9077
2026-03-14,AdMob,DE,Interstitial,25433,430,104.0,4.9802,0.821
2026-03-14,AdMob,DE,Rewarded,34790,636,235.78,8.4482,0.8022
2026-03-14,AdMob,DE,Native,62835,1025,165.37,3.5176,0.7482
2026-03-14,AdMob,JP,Banner,122786,2228,183.03,1.7472,0.8531
2026-03-14,AdMob,JP,Interstitial,31518,674,151.57,5.5956,0.8594
2026-03-14,AdMob,JP,Rewarded,40879,696,292.46,9.0838,0.7876
2026-03-14,AdMob,JP,Native,80654,1822,266.68,4.2585,0.7764
2026-03-14,Unity,US,Banner,175878,3982,374.67,2.4007,0.8874
2026-03-14,Unity,US,Interstitial,44626,762,320.19,8.5476,0.8394
2026-03-14,Unity,US,Rewarded,66054,1062,734.43,13.8444,0.8031
2026-03-14,Unity,US,Native,95521,1903,415.92,5.3913,0.8076
2026-03-14,Unity,IN,Banner,335703,5967,60.78,0.2358,0.7679
2026-03-14,Unity,IN,Interstitial,69626,1292,42.29,0.8313,0.7307
2026-03-14,Unity,IN,Rewarded,82146,1652,63.94,1.0953,0.7107
2026-03-14,Unity,IN,Native,157850,3011,62.47,0.5967,0.6633
2026-03-14,Unity,BR,Banner,108479,1815,35.59,0.3831,0.8565
2026-03-14,Unity,BR,Interstitial,25228,589,24.83,1.182,0.8326
2026-03-14,Unity,BR,Rewarded,37316,764,51.38,1.8834,0.7311
2026-03-14,Unity,BR,Native,64999,1507,39.79,0.8395,0.7293
2026-03-14,Unity,ID,Banner,146418,3306,17.78,0.1655,0.7337
2026-03-14,Unity,ID,Interstitial,35585,768,15.52,0.617,0.7068
2026-03-14,Unity,ID,Rewarded,42321,757,25.14,0.9472,0.6272
2026-03-14,Unity,ID,Native,77955,1352,18.95,0.4044,0.6011
2026-03-14,Unity,DE,Banner,75521,1672,101.1,1.4915,0.8976
2026-03-14,Unity,DE,Interstitial,17849,389,88.57,5.8525,0.8479
2026-03-14,Unity,DE,Rewarded,22613,479,140.1,7.5167,0.8243
2026-03-14,Unity,DE,Native,43892,1001,127.74,3.9394,0.7388
2026-03-14,Unity,JP,Banner,104466,1920,180.47,1.9107,0.9041
2026-03-14,Unity,JP,Interstitial,17556,315,79.01,5.6118,0.802
2026-03-14,Unity,JP,Rewarded,29821,648,238.41,9.7323,0.8215
2026-03-14,Unity,JP,Native,43129,734,133.59,4.0668,0.7616
2026-03-14,AppLovin,US,Banner,156734,3392,392.38,2.7614,0.9066
2026-03-14,AppLovin,US,Interstitial,25715,442,188.84,8.8244,0.8322
2026-03-14,AppLovin,US,Rewarded,45840,908,511.56,13.2902,0.8397
2026-03-14,AppLovin,US,Native,75646,1748,388.57,6.2758,0.8185
2026-03-14,AppLovin,IN,Banner,250322,4246,49.05,0.2493,0.7858
2026-03-14,AppLovin,IN,Interstitial,41384,865,26.9,0.8512,0.7635
2026-03-14,AppLovin,IN,Rewarded,67733,1311,50.76,1.0862,0.6899
2026-03-14,AppLovin,IN,Native,114510,2307,44.36,0.6081,0.6371
2026-03-14,AppLovin,BR,Banner,82832,1616,28.84,0.3953,0.8808
2026-03-14,AppLovin,BR,Interstitial,19835,405,18.63,1.2034,0.7806
2026-03-14,AppLovin,BR,Rewarded,23749,529,35.06,1.8491,0.7985
2026-03-14,AppLovin,BR,Native,40190,734,22.39,0.8059,0.6914
2026-03-14,AppLovin,ID,Banner,100945,2221,13.35,0.18,0.735
2026-03-14,AppLovin,ID,Interstitial,19960,336,7.76,0.5808,0.6695
2026-03-14,AppLovin,ID,Rewarded,33076,762,18.76,0.8639,0.6567
2026-03-14,AppLovin,ID,Native,56721,1313,14.76,0.4407,0.5903
2026-03-14,AppLovin,DE,Banner,51507,951,68.95,1.5484,0.8646
2026-03-14,AppLovin,DE,Interstitial,11680,222,62.05,6.0368,0.8801
2026-03-14,AppLovin,DE,Rewarded,17642,386,124.7,8.4535,0.8361
2026-03-14,AppLovin,DE,Native,29347,500,91.56,3.9803,0.7838
2026-03-14,AppLovin,JP,Banner,65416,1260,111.3,1.8679,0.9108
2026-03-14,AppLovin,JP,Interstitial,16444,312,77.15,5.6593,0.829
2026-03-14,AppLovin,JP,Rewarded,24345,425,165.6,8.6137,0.7897
2026-03-14,AppLovin,JP,Native,36166,813,119.36,4.5002,0.7333
2026-03-14,ironSource,US,Banner,129190,2330,284.3,2.3322,0.9436
2026-03-14,ironSource,US,Interstitial,20759,397,160.57,8.6719,0.892
2026-03-14,ironSource,US,Rewarded,29730,540,347.35,13.7922,0.8471
2026-03-14,ironSource,US,Native,57445,1159,238.15,5.3881,0.7694
2026-03-14,ironSource,IN,Banner,184950,3401,33.5,0.226,0.8016
2026-03-14,ironSource,IN,Interstitial,37687,665,21.16,0.7634,0.7355
2026-03-14,ironSource,IN,Rewarded,57402,931,45.33,1.1821,0.668
2026-03-14,ironSource,IN,Native,91203,1757,31.99,0.5245,0.6686
2026-03-14,ironSource,BR,Banner,72196,1609,24.16,0.3926,0.8524
2026-03-14,ironSource,BR,Interstitial,14847,335,15.15,1.3012,0.7844
2026-03-14,ironSource,BR,Rewarded,23218,548,30.7,1.7614,0.7508
2026-03-14,ironSource,BR,Native,35820,660,21.84,0.82,0.7436
2026-03-14,ironSource,ID,Banner,83068,1877,10.93,0.1816,0.7248
2026-03-14,ironSource,ID,Interstitial,18162,374,7.77,0.6378,0.6711
2026-03-14,ironSource,ID,Rewarded,25186,446,14.87,0.8794,0.6712
2026-03-14,ironSource,ID,Native,50281,848,11.79,0.4018,0.5835
2026-03-14,ironSource,DE,Banner,49393,1066,70.94,1.5715,0.9139
2026-03-14,ironSource,DE,Interstitial,8772,206,40.65,5.4724,0.8468
2026-03-14,ironSource,DE,Rewarded,13054,278,80.61,7.7275,0.7991
2026-03-14,ironSource,DE,Native,24361,445,80.81,4.1765,0.7942
2026-03-14,ironSource,JP,Banner,56726,1060,98.23,1.889,0.9167
2026-03-14,ironSource,JP,Interstitial,11308,224,60.39,6.4794,0.8242
2026-03-14,ironSource,JP,Rewarded,19343,359,142.46,9.544,0.7717
2026-03-14,ironSource,JP,Native,27481,609,98.12,4.5467,0.7853
2026-03-15,AdMob,US,Banner,286148,5469,617.5,2.3002,0.9382
2026-03-15,AdMob,US,Interstitial,59794,1408,452.82,8.6814,0.8723
2026-03-15,AdMob,US,Rewarded,73911,1604,806.05,13.2909,0.8205
2026-03-15,AdMob,US,Native,151306,2649,621.42,5.3672,0.7652
2026-03-15,AdMob,IN,Banner,414044,8197,78.94,0.251,0.7597
2026-03-15,AdMob,IN,Interstitial,85016,1585,52.34,0.8128,0.7573
2026-03-15,AdMob,IN,Rewarded,142265,3085,122.45,1.278,0.6735
2026-03-15,AdMob,IN,Native,217797,3878,75.1,0.5177,0.666
2026-03-15,AdMob,BR,Banner,189130,3814,50.47,0.3271,0.8159
2026-03-15,AdMob,BR,Interstitial,35420,805,35.04,1.2552,0.7881
2026-03-15,AdMob,BR,Rewarded,58785,1187,83.04,1.7997,0.7849
2026-03-15,AdMob,BR,Native,75109,1795,42.18,0.8108,0.6927
2026-03-15,AdMob,ID,Banner,211302,4485,27.52,0.1849,0.7045
2026-03-15,AdMob,ID,Interstitial,42003,972,17.51,0.6342,0.6574
2026-03-15,AdMob,ID,Rewarded,76046,1343,43.95,0.9322,0.62
2026-03-15,AdMob,ID,Native,127397,2592,29.23,0.3882,0.5909
2026-03-15,AdMob,DE,Banner,107209,2034,151.5,1.5583,0.9068
2026-03-15,AdMob,DE,Interstitial,20519,448,96.07,5.5383,0.8453
2026-03-15,AdMob,DE,Rewarded,30388,584,206.65,8.449,0.8049
2026-03-15,AdMob,DE,Native,52881,984,146.03,3.4884,0.7916
2026-03-15,AdMob,JP,Banner,151559,2906,263.26,1.9611,0.8857
2026-03-15,AdMob,JP,Interstitial,26751,570,148.49,6.5209,0.8512
2026-03-15,AdMob,JP,Rewarded,42169,770,328.19,9.6211,0.8089
2026-03-15,AdMob,JP,Native,74022,1662,217.99,4.1414,0.7111
2026-03-15,Unity,US,Banner,178478,3344,412.67,2.5551,0.9049
2026-03-15,Unity,US,Interstitial,39976,697,323.51,9.3449,0.866
2026-03-15,Unity,US,Rewarded,62432,1023,599.71,12.0775,0.7953
2026-03-15,Unity,US,Native,86221,1507,392.76,5.8681,0.7763
2026-03-15,Unity,IN,Banner,349436,7233,63.08,0.2222,0.8124
2026-03-15,Unity,IN,Interstitial,55273,1083,35.11,0.8741,0.7268
2026-03-15,Unity,IN,Rewarded,90348,1541,79.47,1.2548,0.701
2026-03-15,Unity,IN,Native,141883,2426,53.61,0.5852,0.6456
2026-03-15,Unity,BR,Banner,120729,2198,38.31,0.3818,0.8312
2026-03-15,Unity,BR,Interstitial,26568,628,24.21,1.1155,0.8169
2026-03-15,Unity,BR,Rewarded,39934,684,49.27,1.6423,0.7512
2026-03-15,Unity,BR,Native,68511,1463,44.41,0.9216,0.7034
2026-03-15,Unity,ID,Banner,177500,2855,21.1,0.1704,0.6975
2026-03-15,Unity,ID,Interstitial,31349,533,14.45,0.6479,0.7116
2026-03-15,Unity,ID,Rewarded,44016,919,25.91,0.8834,0.6662
2026-03-15,Unity,ID,Native,80834,1602,20.31,0.4277,0.5873
2026-03-15,Unity,DE,Banner,92383,1696,126.14,1.5142,0.9017
2026-03-15,Unity,DE,Interstitial,16292,371,78.35,5.5812,0.8616
2026-03-15,Unity,DE,Rewarded,23351,521,148.9,8.277,0.7704
2026-03-15,Unity,DE,Native,37345,600,114.21,4.0937,0.7471
2026-03-15,Unity,JP,Banner,90205,1521,153.94,1.9748,0.8641
2026-03-15,Unity,JP,Interstitial,17823,358,82.03,5.7724,0.7973
2026-03-15,Unity,JP,Rewarded,27595,536,190.36,9.0348,0.7635
2026-03-15,Unity,JP,Native,51790,953,146.95,3.8321,0.7404
2026-03-15,AppLovin,US,Banner,132553,2789,320.28,2.6033,0.9281
2026-03-15,AppLovin,US,Interstitial,25807,524,178.18,8.1357,0.8486
2026-03-15,AppLovin,US,Rewarded,42621,713,447.11,12.3172,0.8517
2026-03-15,AppLovin,US,Native,82114,1555,362.4,5.4937,0.8034
2026-03-15,AppLovin,IN,Banner,255203,4768,43.16,0.2196,0.7702
2026-03-15,AppLovin,IN,Interstitial,52805,1110,33.28,0.8777,0.718
2026-03-15,AppLovin,IN,Rewarded,69735,1667,52.87,1.117,0.6787
2026-03-15,AppLovin,IN,Native,113369,2057,37.83,0.5181,0.6441
2026-03-15,AppLovin,BR,Banner,86532,1499,25.49,0.3482,0.8462
2026-03-15,AppLovin,BR,Interstitial,16353,287,15.05,1.0969,0.839
2026-03-15,AppLovin,BR,Rewarded,27869,510,37.13,1.7458,0.763
2026-03-15,AppLovin,BR,Native,45666,819,28.99,0.8979,0.7071
2026-03-15,AppLovin,ID,Banner,121259,2031,14.96,0.169,0.7301
2026-03-15,AppLovin,ID,Interstitial,23828,504,9.43,0.6016,0.6576
2026-03-15,AppLovin,ID,Rewarded,33946,676,18.4,0.8491,0.6385
2026-03-15,AppLovin,ID,Native,50454,848,14.39,0.4584,0.6221
2026-03-15,AppLovin,DE,Banner,63069,1148,91.21,1.5914,0.9087
2026-03-15,AppLovin,DE,Interstitial,12305,220,60.76,5.7453,0.8594
2026-03-15,AppLovin,DE,Rewarded,15975,298,100.55,8.0567,0.7812
2026-03-15,AppLovin,DE,Native,30340,542,93.68,4.1048,0.7522
2026-03-15,AppLovin,JP,Banner,79047,1281,133.78,1.9407,0.8721
2026-03-15,AppLovin,JP,Interstitial,15215,315,76.77,6.3408,0.7957
2026-03-15,AppLovin,JP,Rewarded,22134,429,157.79,8.7817,0.8118
2026-03-15,AppLovin,JP,Native,37843,789,116.29,4.2144,0.7292
2026-03-15,ironSource,US,Banner,123173,2034,312.56,2.7917,0.909
2026-03-15,ironSource,US,Interstitial,26367,443,209.69,8.7105,0.913
2026-03-15,ironSource,US,Rewarded,32865,757,332.34,11.8165,0.8558
2026-03-15,ironSource,US,Native,57522,1191,241.51,5.5771,0.7528
2026-03-15,ironSource,IN,Banner,184351,3543,35.16,0.2493,0.7648
2026-03-15,ironSource,IN,Interstitial,31515,736,18.95,0.8176,0.7353
2026-03-15,ironSource,IN,Rewarded,57547,1337,46.37,1.1757,0.6854
2026-03-15,ironSource,IN,Native,78648,1669,29.44,0.5406,0.6924
2026-03-15,ironSource,BR,Banner,69677,1228,20.73,0.3387,0.8783
2026-03-15,ironSource,BR,Interstitial,12757,301,11.2,1.126,0.7799
2026-03-15,ironSource,BR,Rewarded,21333,380,31.56,1.8496,0.7998
2026-03-15,ironSource,BR,Native,29386,582,18.2,0.8566,0.7231
2026-03-15,ironSource,ID,Banner,79907,1454,10.04,0.1784,0.7047
2026-03-15,ironSource,ID,Interstitial,16867,311,6.59,0.5799,0.674
2026-03-15,ironSource,ID,Rewarded,31564,752,20.15,0.9779,0.6528
2026-03-15,ironSource,ID,Native,52778,1249,13.1,0.4079,0.6086
2026-03-15,ironSource,DE,Banner,47499,838,67.75,1.5553,0.917
2026-03-15,ironSource,DE,Interstitial,8756,140,37.94,5.2003,0.8332
2026-03-15,ironSource,DE,Rewarded,15376,256,94.48,7.9134,0.7765
2026-03-15,ironSource,DE,Native,23386,392,72.98,4.2295,0.7378
2026-03-15,ironSource,JP,Banner,56435,1039,88.66,1.8228,0.8619
2026-03-15,ironSource,JP,Interstitial,11239,183,56.53,5.777,0.8707
2026-03-15,ironSource,JP,Rewarded,15876,268,124.16,9.5554,0.8184
2026-03-15,ironSource,JP,Native,32836,645,104.71,4.3624,0.731
2026-03-16,AdMob,US,Banner,234785,4846,501.55,2.3715,0.9008
2026-03-16,AdMob,US,Interstitial,54889,1083,390.61,8.268,0.8607
2026-03-16,AdMob,US,Rewarded,78252,1619,852.65,13.3916,0.8137
2026-03-16,AdMob,US,Native,120851,2182,566.97,6.2075,0.7558
2026-03-16,AdMob,IN,Banner,391127,9278,79.5,0.2587,0.7857
2026-03-16,AdMob,IN,Interstitial,70478,1466,41.11,0.7936,0.735
2026-03-16,AdMob,IN,Rewarded,131230,2773,120.11,1.2819,0.7139
2026-03-16,AdMob,IN,Native,226941,5304,85.04,0.547,0.6851
2026-03-16,AdMob,BR,Banner,149619,2584,47.29,0.3765,0.8395
2026-03-16,AdMob,BR,Interstitial,30778,707,27.89,1.1272,0.8041
2026-03-16,AdMob,BR,Rewarded,39411,734,49.7,1.631,0.7731
2026-03-16,AdMob,BR,Native,73153,1172,41.76,0.8242,0.6926
2026-03-16,AdMob,ID,Banner,223905,5323,27.18,0.1698,0.7147
2026-03-16,AdMob,ID,Interstitial,43921,959,16.63,0.553,0.6846
2026-03-16,AdMob,ID,Rewarded,63571,1106,38.84,0.947,0.6452
2026-03-16,AdMob,ID,Native,98946,1638,26.47,0.4324,0.6186
2026-03-16,AdMob,DE,Banner,86948,1595,136.22,1.8035,0.8687
2026-03-16,AdMob,DE,Interstitial,21605,426,96.58,5.4006,0.8278
2026-03-16,AdMob,DE,Rewarded,30620,559,211.18,8.1721,0.8439
2026-03-16,AdMob,DE,Native,52419,1149,140.88,3.5515,0.7568
2026-03-16,AdMob,JP,Banner,114680,1929,178.51,1.8323,0.8495
2026-03-16,AdMob,JP,Interstitial,25174,587,125.64,6.21,0.8037
2026-03-16,AdMob,JP,Rewarded,34414,597,219.92,8.316,0.7685
2026-03-16,AdMob,JP,Native,54825,1047,182.42,4.4502,0.7477
2026-03-16,Unity,US,Banner,198657,3614,438.91,2.4842,0.8894
2026-03-16,Unity,US,Interstitial,32259,649,234.6,8.4979,0.8558
2026-03-16,Unity,US,Rewarded,55166,973,627.6,13.4571,0.8454
2026-03-16,Unity,US,Native,77417,1291,352.33,6.0005,0.7585
2026-03-16,Unity,IN,Banner,282275,5225,52.32,0.2317,0.8
2026-03-16,Unity,IN,Interstitial,64042,1285,38.16,0.8414,0.7082
2026-03-16,Unity,IN,Rewarded,85578,1700,74.89,1.2469,0.7018
2026-03-16,Unity,IN,Native,134453,2492,49.76,0.5344,0.6926
2026-03-16,Unity,BR,Banner,91247,1888,26.99,0.336,0.8804
2026-03-16,Unity,BR,Interstitial,22756,464,24.17,1.2741,0.8336
2026-03-16,Unity,BR,Rewarded,28448,538,36.69,1.6734,0.7707
2026-03-16,Unity,BR,Native,53414,868,32.74,0.8397,0.7299
2026-03-16,Unity,ID,Banner,120379,2554,15.79,0.188,0.6979
2026-03-16,Unity,ID,Interstitial,28391,548,13.2,0.6578,0.7069
2026-03-16,Unity,ID,Rewarded,43466,950,23.14,0.8311,0.6406
2026-03-16,Unity,ID,Native,72576,1627,18.0,0.4187,0.5922
2026-03-16,Unity,DE,Banner,65236,1238,104.24,1.7558,0.91
2026-03-16,Unity,DE,Interstitial,12070,272,55.81,5.2057,0.8883
2026-03-16,Unity,DE,Rewarded,21471,423,144.61,8.1944,0.8219
2026-03-16,Unity,DE,Native,36515,789,106.9,3.7017,0.7909
2026-03-16,Unity,JP,Banner,83036,1444,140.05,1.919,0.8789
2026-03-16,Unity,JP,Interstitial,15282,343,82.63,6.2395,0.8665
2026-03-16,Unity,JP,Rewarded,27475,515,174.41,8.3545,0.7598
2026-03-16,Unity,JP,Native,48408,1069,161.83,4.5879,0.7287
2026-03-16,AppLovin,US,Banner,127770,2868,272.85,2.3112,0.9239
2026-03-16,AppLovin,US,Interstitial,23320,387,182.08,9.1755,0.8509
2026-03-16,AppLovin,US,Rewarded,33674,753,376.32,13.6094,0.8212
2026-03-16,AppLovin,US,Native,63085,1223,301.36,5.9269,0.806
2026-03-16,AppLovin,IN,Banner,218121,4715,38.08,0.2208,0.7906
2026-03-16,AppLovin,IN,Interstitial,44789,871,25.35,0.7559,0.7487
2026-03-16,AppLovin,IN,Rewarded,57889,1313,43.29,1.1056,0.6763
2026-03-16,AppLovin,IN,Native,107492,1789,40.25,0.5468,0.6848
2026-03-16,AppLovin,BR,Banner,77807,1476,26.43,0.3865,0.8788
2026-03-16,AppLovin,BR,Interstitial,16103,326,15.9,1.1826,0.835
2026-03-16,AppLovin,BR,Rewarded,24287,495,30.9,1.6483,0.7719
2026-03-16,AppLovin,BR,Native,38737,863,25.45,0.8729,0.7527
2026-03-16,AppLovin,ID,Banner,91589,1921,12.17,0.1917,0.6928
2026-03-16,AppLovin,ID,Interstitial,22296,499,8.71,0.5521,0.7079
2026-03-16,AppLovin,ID,Rewarded,30033,713,16.69,0.8656,0.6419
2026-03-16,AppLovin,ID,Native,45525,807,11.39,0.4267,0.5865
2026-03-16,AppLovin,DE,Banner,53949,1079,80.69,1.5849,0.9437
2026-03-16,AppLovin,DE,Interstitial,10049,174,44.83,4.9899,0.894
2026-03-16,AppLovin,DE,Rewarded,15172,320,98.43,8.0779,0.8032
2026-03-16,AppLovin,DE,Native,26215,585,71.87,3.5838,0.765
2026-03-16,AppLovin,JP,Banner,61436,1087,89.11,1.6797,0.8636
2026-03-16,AppLovin,JP,Interstitial,11096,183,54.52,5.8531,0.8394
2026-03-16,AppLovin,JP,Rewarded,19334,437,158.43,9.8874,0.8288
2026-03-16,AppLovin,JP,Native,29059,477,85.33,3.7988,0.7729
2026-03-16,ironSource,US,Banner,91168,2066,208.84,2.5727,0.8904
2026-03-16,ironSource,US,Interstitial,21662,384,174.51,8.9348,0.9016
2026-03-16,ironSource,US,Rewarded,32060,544,334.14,12.381,0.8418
2026-03-16,ironSource,US,Native,53083,889,257.97,6.5118,0.7463
2026-03-16,ironSource,IN,Banner,141934,3187,25.65,0.2367,0.7637
2026-03-16,ironSource,IN,Interstitial,31748,599,19.17,0.7975,0.7571
2026-03-16,ironSource,IN,Rewarded,45886,739,41.78,1.2617,0.7217
2026-03-16,ironSource,IN,Native,71450,1309,24.63,0.5279,0.6532
2026-03-16,ironSource,BR,Banner,63033,1292,19.92,0.3836,0.8238
2026-03-16,ironSource,BR,Interstitial,11524,266,11.31,1.2014,0.8173
2026-03-16,ironSource,BR,Rewarded,16338,312,20.9,1.6513,0.7747
2026-03-16,ironSource,BR,Native,26966,496,15.2,0.7757,0.7268
2026-03-16,ironSource,ID,Banner,91938,1933,11.35,0.1766,0.6993
2026-03-16,ironSource,ID,Interstitial,14772,289,6.04,0.5993,0.6828
2026-03-16,ironSource,ID,Rewarded,26131,583,14.96,0.849,0.6742
2026-03-16,ironSource,ID,Native,37997,709,8.94,0.3932,0.5985
2026-03-16,ironSource,DE,Banner,40683,683,57.21,1.5003,0.9373
2026-03-16,ironSource,DE,Interstitial,7470,169,31.59,5.0702,0.8342
2026-03-16,ironSource,DE,Rewarded,12414,278,81.35,7.8001,0.8401
2026-03-16,ironSource,DE,Native,21521,430,68.6,4.1177,0.7742
2026-03-16,ironSource,JP,Banner,48109,1112,72.41,1.7006,0.8851
2026-03-16,ironSource,JP,Interstitial,10281,221,55.1,6.5035,0.824
2026-03-16,ironSource,JP,Rewarded,15668,278,117.16,9.3068,0.8035
2026-03-16,ironSource,JP,Native,22326,440,73.36,4.602,0.714
2026-03-17,AdMob,US,Banner,244381,5367,572.98,2.4786,0.9459
2026-03-17,AdMob,US,Interstitial,56078,1297,410.51,8.3223,0.8796
2026-03-17,AdMob,US,Rewarded,86111,1476,1016.06,13.9467,0.846
2026-03-17,AdMob,US,Native,107119,2353,548.93,6.337,0.8087
2026-03-17,AdMob,IN,Banner,373590,7324,70.57,0.2467,0.7657
2026-03-17,AdMob,IN,Interstitial,77178,1591,48.22,0.8662,0.7213
2026-03-17,AdMob,IN,Rewarded,114995,2689,100.68,1.2391,0.7065
2026-03-17,AdMob,IN,Native,176096,3337,63.37,0.5287,0.6807
2026-03-17,AdMob,BR,Banner,202440,3311,62.93,0.3602,0.8629
2026-03-17,AdMob,BR,Interstitial,42186,686,43.5,1.2743,0.8091
2026-03-17,AdMob,BR,Rewarded,63084,1426,86.6,1.8501,0.742
2026-03-17,AdMob,BR,Native,118458,2266,74.45,0.8352,0.7525
2026-03-17,AdMob,ID,Banner,184104,3439,24.81,0.1858,0.7253
2026-03-17,AdMob,ID,Interstitial,38123,826,15.01,0.5878,0.6697
2026-03-17,AdMob,ID,Rewarded,62724,1186,35.78,0.8893,0.6414
2026-03-17,AdMob,ID,Native,93504,1736,21.53,0.3852,0.5978
2026-03-17,AdMob,DE,Banner,101430,2389,157.21,1.7404,0.8906
2026-03-17,AdMob,DE,Interstitial,21964,459,117.56,6.0333,0.8872
2026-03-17,AdMob,DE,Rewarded,30886,642,195.35,7.6387,0.828
2026-03-17,AdMob,DE,Native,50103,1011,152.41,3.9988,0.7607
2026-03-17,AdMob,JP,Banner,121188,2754,207.85,1.8783,0.9131
2026-03-17,AdMob,JP,Interstitial,27145,494,127.98,5.4165,0.8704
2026-03-17,AdMob,JP,Rewarded,41864,920,278.63,8.4545,0.7872
2026-03-17,AdMob,JP,Native,65130,1328,204.77,4.1294,0.7614
2026-03-17,Unity,US,Banner,163226,3517,382.48,2.6246,0.8928
2026-03-17,Unity,US,Interstitial,29782,548,221.2,8.5829,0.8654
2026-03-17,Unity,US,Rewarded,52747,1195,599.7,13.1205,0.8665
2026-03-17,Unity,US,Native,93200,1515,427.17,5.925,0.7736
2026-03-17,Unity,IN,Banner,268164,5280,53.08,0.2567,0.771
2026-03-17,Unity,IN,Interstitial,52166,1090,28.23,0.7639,0.7085
2026-03-17,Unity,IN,Rewarded,82691,1851,71.47,1.2254,0.7053
2026-03-17,Unity,IN,Native,150542,2834,58.92,0.5904,0.6629
2026-03-17,Unity,BR,Banner,177979,3445,47.88,0.3279,0.8205
2026-03-17,Unity,BR,Interstitial,32575,666,29.08,1.082,0.8252
2026-03-17,Unity,BR,Rewarded,47032,813,63.9,1.7725,0.7665
2026-03-17,Unity,BR,Native,69505,1439,41.25,0.8047,0.7376
2026-03-17,Unity,ID,Banner,139165,2568,18.4,0.1826,0.7243
2026-03-17,Unity,ID,Interstitial,24618,531,11.01,0.6476,0.6908
2026-03-17,Unity,ID,Rewarded,41546,682,25.69,0.9462,0.6535
2026-03-17,Unity,ID,Native,78192,1306,18.62,0.4037,0.5898
2026-03-17,Unity,DE,Banner,74629,1740,117.65,1.7173,0.918
2026-03-17,Unity,DE,Interstitial,13365,318,64.38,5.5672,0.8652
2026-03-17,Unity,DE,Rewarded,19817,438,139.44,9.0029,0.7815
2026-03-17,Unity,DE,Native,36395,605,108.61,4.094,0.7289
2026-03-17,Unity,JP,Banner,76204,1771,124.22,1.8335,0.8891
2026-03-17,Unity,JP,Interstitial,17329,278,77.11,5.4817,0.8117
2026-03-17,Unity,JP,Rewarded,28429,548,226.16,9.5681,0.8314
2026-03-17,Unity,JP,Native,37440,887,112.36,3.9772,0.7546
2026-03-17,AppLovin,US,Banner,110134,2350,243.64,2.357,0.9386
2026-03-17,AppLovin,US,Interstitial,23128,541,175.8,9.0323,0.8416
2026-03-17,AppLovin,US,Rewarded,34136,597,324.9,11.6824,0.8147
2026-03-17,AppLovin,US,Native,63005,1341,303.83,6.1723,0.7813
2026-03-17,AppLovin,IN,Banner,191895,4328,34.07,0.2173,0.817
2026-03-17,AppLovin,IN,Interstitial,34881,611,20.74,0.7919,0.751
2026-03-17,AppLovin,IN,Rewarded,61403,1051,50.55,1.2081,0.6815
2026-03-17,AppLovin,IN,Native,107768,2360,37.6,0.5401,0.646
2026-03-17,AppLovin,BR,Banner,120466,2590,36.53,0.3439,0.8817
2026-03-17,AppLovin,BR,Interstitial,21457,379,20.95,1.1826,0.8258
2026-03-17,AppLovin,BR,Rewarded,33433,697,47.64,1.8553,0.768
2026-03-17,AppLovin,BR,Native,57028,1155,32.24,0.7895,0.716
2026-03-17,AppLovin,ID,Banner,108401,2579,14.37,0.1855,0.7147
2026-03-17,AppLovin,ID,Interstitial,17646,314,6.71,0.5648,0.6731
2026-03-17,AppLovin,ID,Rewarded,31128,571,15.95,0.8171,0.6271
2026-03-17,AppLovin,ID,Native,52750,920,15.01,0.4516,0.6303
2026-03-17,AppLovin,DE,Banner,50981,1144,67.29,1.4949,0.8829
2026-03-17,AppLovin,DE,Interstitial,9869,173,42.89,5.1149,0.8497
2026-03-17,AppLovin,DE,Rewarded,14519,341,95.33,8.2299,0.7978
2026-03-17,AppLovin,DE,Native,25468,542,82.24,4.114,0.7849
2026-03-17,AppLovin,JP,Banner,62441,1176,90.07,1.6208,0.89
2026-03-17,AppLovin,JP,Interstitial,11066,262,56.19,5.9336,0.8557
2026-03-17,AppLovin,JP,Rewarded,18041,336,134.25,9.0769,0.8198
2026-03-17,AppLovin,JP,Native,27896,481,87.16,4.0168,0.7779
2026-03-17,ironSource,US,Banner,94876,2229,228.68,2.532,0.9519
2026-03-17,ironSource,US,Interstitial,19554,337,152.47,9.2343,0.8444
2026-03-17,ironSource,US,Rewarded,34043,677,348.78,12.7747,0.802
2026-03-17,ironSource,US,Native,54248,1115,278.7,6.339,0.8105
2026-03-17,ironSource,IN,Banner,177613,3919,33.67,0.2405,0.7884
2026-03-17,ironSource,IN,Interstitial,31284,656,16.71,0.7318,0.7299
2026-03-17,ironSource,IN,Rewarded,43569,708,33.42,1.1156,0.6875
2026-03-17,ironSource,IN,Native,85842,1853,29.19,0.533,0.6381
2026-03-17,ironSource,BR,Banner,99258,2338,26.72,0.3254,0.8274
2026-03-17,ironSource,BR,Interstitial,17379,308,17.9,1.3053,0.7893
2026-03-17,ironSource,BR,Rewarded,24684,588,32.41,1.6507,0.7953
2026-03-17,ironSource,BR,Native,51135,1088,34.37,0.8991,0.7476
2026-03-17,ironSource,ID,Banner,87829,1855,10.6,0.1695,0.7119
2026-03-17,ironSource,ID,Interstitial,17798,352,7.79,0.6193,0.7072
2026-03-17,ironSource,ID,Rewarded,25564,598,15.77,0.9864,0.6255
2026-03-17,ironSource,ID,Native,40268,776,11.05,0.432,0.6351
2026-03-17,ironSource,DE,Banner,39024,779,55.46,1.659,0.8567
2026-03-17,ironSource,DE,Interstitial,7498,147,36.7,5.9707,0.8198
2026-03-17,ironSource,DE,Rewarded,13610,281,100.22,8.9117,0.8263
2026-03-17,ironSource,DE,Native,18684,416,51.37,3.7476,0.7336
2026-03-17,ironSource,JP,Banner,47358,933,76.43,1.8604,0.8675
2026-03-17,ironSource,JP,Interstitial,10165,195,52.5,6.3622,0.8119
2026-03-17,ironSource,JP,Rewarded,13335,233,87.9,8.2364,0.8003
2026-03-17,ironSource,JP,Native,21698,370,73.83,4.5336,0.7506
2026-03-18,AdMob,US,Banner,216506,4621,467.96,2.3561,0.9174
2026-03-18,AdMob,US,Interstitial,52119,1002,364.46,7.8955,0.8857
2026-03-18,AdMob,US,Rewarded,74206,1274,816.71,13.5186,0.8141
2026-03-18,AdMob,US,Native,139004,3009,596.98,5.6074,0.7659
2026-03-18,AdMob,IN,Banner,422026,7941,81.1,0.2544,0.7553
2026-03-18,AdMob,IN,Interstitial,71021,1527,41.57,0.8066,0.7256
2026-03-18,AdMob,IN,Rewarded,102012,2414,77.84,1.0943,0.6973
2026-03-18,AdMob,IN,Native,223451,3658,90.4,0.6153,0.6575
2026-03-18,AdMob,BR,Banner,141268,2599,43.12,0.3727,0.819
2026-03-18,AdMob,BR,Interstitial,26005,435,24.34,1.194,0.784
2026-03-18,AdMob,BR,Rewarded,43801,963,58.74,1.7464,0.7679
2026-03-18,AdMob,BR,Native,66282,1295,40.55,0.8889,0.6883
2026-03-18,AdMob,ID,Banner,205245,3544,29.25,0.1965,0.7253
2026-03-18,AdMob,ID,Interstitial,40210,706,16.12,0.5875,0.6826
2026-03-18,AdMob,ID,Rewarded,60014,1245,33.34,0.837,0.6638
2026-03-18,AdMob,ID,Native,87355,1618,24.49,0.4527,0.6191
2026-03-18,AdMob,DE,Banner,86369,2009,129.98,1.6936,0.8886
2026-03-18,AdMob,DE,Interstitial,17209,408,76.77,4.993,0.8934
2026-03-18,AdMob,DE,Rewarded,25749,556,174.5,8.6065,0.7874
2026-03-18,AdMob,DE,Native,55530,899,146.56,3.5426,0.745
2026-03-18,AdMob,JP,Banner,107893,1983,159.48,1.6307,0.9065
2026-03-18,AdMob,JP,Interstitial,24949,484,132.28,6.3454,0.8356
2026-03-18,AdMob,JP,Rewarded,32005,707,222.56,9.1225,0.7623
2026-03-18,AdMob,JP,Native,57957,1213,191.18,4.3463,0.7589
2026-03-18,Unity,US,Banner,162764,2620,377.27,2.4312,0.9534
2026-03-18,Unity,US,Interstitial,31655,597,247.97,8.6873,0.9017
2026-03-18,Unity,US,Rewarded,54916,1151,560.84,12.8957,0.7919
2026-03-18,Unity,US,Native,95739,2037,466.32,6.536,0.7452
2026-03-18,Unity,IN,Banner,272822,4632,46.59,0.2165,0.7889
2026-03-18,Unity,IN,Interstitial,53959,1076,30.04,0.7618,0.7307
2026-03-18,Unity,IN,Rewarded,80452,1696,66.7,1.2127,0.6837
2026-03-18,Unity,IN,Native,154858,3281,54.37,0.5291,0.6635
2026-03-18,Unity,BR,Banner,107035,1736,32.33,0.3503,0.8621
2026-03-18,Unity,BR,Interstitial,20180,404,18.74,1.2078,0.7688
2026-03-18,Unity,BR,Rewarded,32957,788,45.89,1.8933,0.7354
2026-03-18,Unity,BR,Native,54172,1115,31.18,0.817,0.7044
2026-03-18,Unity,ID,Banner,156031,2942,20.63,0.1807,0.7316
2026-03-18,Unity,ID,Interstitial,27060,510,10.85,0.5743,0.6981
2026-03-18,Unity,ID,Rewarded,38103,834,22.41,0.8765,0.6709
2026-03-18,Unity,ID,Native,66527,1090,17.71,0.4542,0.586
2026-03-18,Unity,DE,Banner,62176,1323,81.74,1.5234,0.8629
2026-03-18,Unity,DE,Interstitial,14423,318,71.14,5.6624,0.8711
2026-03-18,Unity,DE,Rewarded,19155,451,132.18,8.4518,0.8165
2026-03-18,Unity,DE,Native,32189,705,87.76,3.5102,0.7767
2026-03-18,Unity,JP,Banner,81808,1937,125.63,1.8255,0.8412
2026-03-18,Unity,JP,Interstitial,15452,300,67.58,5.4811,0.7979
2026-03-18,Unity,JP,Rewarded,23077,417,179.42,9.4404,0.8236
2026-03-18,Unity,JP,Native,45440,833,128.22,3.8156,0.7395
2026-03-18,AppLovin,US,Banner,114823,2627,266.92,2.6238,0.886
2026-03-18,AppLovin,US,Interstitial,26236,617,211.96,8.8582,0.912
2026-03-18,AppLovin,US,Rewarded,38081,827,395.04,12.7382,0.8144
2026-03-18,AppLovin,US,Native,63216,1168,311.25,6.4651,0.7616
2026-03-18,AppLovin,IN,Banner,188965,3712,36.03,0.2547,0.7487
2026-03-18,AppLovin,IN,Interstitial,39130,786,21.03,0.7317,0.7344
2026-03-18,AppLovin,IN,Rewarded,52171,1243,46.06,1.2024,0.7342
2026-03-18,AppLovin,IN,Native,100950,2420,36.79,0.5617,0.6488
2026-03-18,AppLovin,BR,Banner,69920,1314,20.14,0.3566,0.8077
2026-03-18,AppLovin,BR,Interstitial,13071,268,13.36,1.2585,0.8124
2026-03-18,AppLovin,BR,Rewarded,21058,393,29.29,1.9134,0.727
2026-03-18,AppLovin,BR,Native,39294,798,25.11,0.9085,0.7033
2026-03-18,AppLovin,ID,Banner,101139,1961,13.46,0.1935,0.6876
2026-03-18,AppLovin,ID,Interstitial,18094,430,6.48,0.5426,0.6599
2026-03-18,AppLovin,ID,Rewarded,27433,643,16.88,0.9783,0.6289
2026-03-18,AppLovin,ID,Native,52319,970,12.51,0.3875,0.617
2026-03-18,AppLovin,DE,Banner,48247,1028,70.24,1.6303,0.893
2026-03-18,AppLovin,DE,Interstitial,10805,254,51.16,5.3121,0.8913
2026-03-18,AppLovin,DE,Rewarded,12933,268,77.46,7.4496,0.8039
2026-03-18,AppLovin,DE,Native,23334,485,66.58,3.6647,0.7786
2026-03-18,AppLovin,JP,Banner,56259,1063,97.69,1.9384,0.8958
2026-03-18,AppLovin,JP,Interstitial,13188,228,60.83,5.5352,0.8333
2026-03-18,AppLovin,JP,Rewarded,16170,340,107.64,8.709,0.7643
2026-03-18,AppLovin,JP,Native,32881,734,91.48,3.9049,0.7124
2026-03-18,ironSource,US,Banner,85061,1918,193.22,2.4704,0.9195
2026-03-18,ironSource,US,Interstitial,22031,479,166.71,8.8824,0.8519
2026-03-18,ironSource,US,Rewarded,27718,594,277.22,12.0223,0.8319
2026-03-18,ironSource,US,Native,43295,990,188.94,5.4264,0.8042
2026-03-18,ironSource,IN,Banner,165013,3602,31.5,0.2366,0.8069
2026-03-18,ironSource,IN,Interstitial,32764,633,18.16,0.7712,0.7186
2026-03-18,ironSource,IN,Rewarded,44930,779,36.69,1.1614,0.7031
2026-03-18,ironSource,IN,Native,87348,1918,30.07,0.5203,0.6617
2026-03-18,ironSource,BR,Banner,59730,1361,17.72,0.35,0.8479
2026-03-18,ironSource,BR,Interstitial,13765,221,14.09,1.2315,0.8312
2026-03-18,ironSource,BR,Rewarded,20053,441,30.35,1.9635,0.7708
2026-03-18,ironSource,BR,Native,30114,625,18.11,0.8041,0.7479
2026-03-18,ironSource,ID,Banner,81905,1790,11.34,0.1857,0.7456
2026-03-18,ironSource,ID,Interstitial,14613,298,6.24,0.596,0.7169
2026-03-18,ironSource,ID,Rewarded,27155,510,17.11,0.9564,0.6588
2026-03-18,ironSource,ID,Native,37651,843,9.89,0.432,0.6079
2026-03-18,ironSource,DE,Banner,43125,860,62.88,1.588,0.9182
2026-03-18,ironSource,DE,Interstitial,7575,142,36.39,5.4043,0.8888
2026-03-18,ironSource,DE,Rewarded,11234,228,70.77,8.0055,0.7869
2026-03-18,ironSource,DE,Native,17884,371,54.48,4.0944,0.744
2026-03-18,ironSource,JP,Banner,44375,1001,76.67,1.9722,0.876
2026-03-18,ironSource,JP,Interstitial,10805,181,58.36,6.2564,0.8634
2026-03-18,ironSource,JP,Rewarded,15803,373,110.44,8.5785,0.8146
2026-03-18,ironSource,JP,Native,28011,529,80.16,3.8766,0.7382
2026-03-19,AdMob,US,Banner,221672,5306,472.74,2.345,0.9094
2026-03-19,AdMob,US,Interstitial,51034,1086,387.24,8.707,0.8715
2026-03-19,AdMob,US,Rewarded,85274,1700,876.36,12.9762,0.792
2026-03-19,AdMob,US,Native,143478,2418,658.68,5.816,0.7893
2026-03-19,AdMob,IN,Banner,356941,6583,70.39,0.258,0.7644
2026-03-19,AdMob,IN,Interstitial,77293,1742,48.01,0.8746,0.7102
2026-03-19,AdMob,IN,Rewarded,114296,2147,108.08,1.2839,0.7365
2026-03-19,AdMob,IN,Native,177761,3050,62.89,0.5202,0.6802
2026-03-19,AdMob,BR,Banner,139218,2310,39.5,0.3387,0.8377
2026-03-19,AdMob,BR,Interstitial,33210,693,34.2,1.2864,0.8005
2026-03-19,AdMob,BR,Rewarded,46916,942,67.96,1.8897,0.7666
2026-03-19,AdMob,BR,Native,77954,1453,48.48,0.8741,0.7114
2026-03-19,AdMob,ID,Banner,186183,3783,24.02,0.1818,0.7099
2026-03-19,AdMob,ID,Interstitial,38871,799,16.3,0.6404,0.6548
2026-03-19,AdMob,ID,Rewarded,61361,1374,34.68,0.8791,0.6429
2026-03-19,AdMob,ID,Native,93420,1980,26.82,0.4512,0.6363
2026-03-19,AdMob,DE,Banner,108185,2567,164.7,1.6873,0.9023
2026-03-19,AdMob,DE,Interstitial,18695,391,80.09,5.1196,0.8368
2026-03-19,AdMob,DE,Rewarded,27166,619,194.63,8.9245,0.8028
2026-03-19,AdMob,DE,Native,46238,835,125.32,3.7061,0.7313
2026-03-19,AdMob,JP,Banner,124636,2632,212.65,1.9606,0.8702
2026-03-19,AdMob,JP,Interstitial,24457,404,111.6,5.4562,0.8363
2026-03-19,AdMob,JP,Rewarded,41816,883,309.35,9.4555,0.7824
2026-03-19,AdMob,JP,Native,55225,1246,186.35,4.3701,0.7721
2026-03-19,Unity,US,Banner,163674,3885,366.62,2.4295,0.922
2026-03-19,Unity,US,Interstitial,39415,921,292.56,8.2614,0.8985
2026-03-19,Unity,US,Rewarded,48734,913,535.74,13.5923,0.8088
2026-03-19,Unity,US,Native,79594,1609,383.6,5.9584,0.8088
2026-03-19,Unity,IN,Banner,248368,5132,44.46,0.2281,0.7849
2026-03-19,Unity,IN,Interstitial,57292,1333,31.88,0.7323,0.7598
2026-03-19,Unity,IN,Rewarded,84265,1781,77.16,1.2525,0.7311
2026-03-19,Unity,IN,Native,147321,3043,55.75,0.5848,0.6471
2026-03-19,Unity,BR,Banner,115778,2427,35.33,0.3453,0.8838
2026-03-19,Unity,BR,Interstitial,20516,465,20.17,1.2296,0.7996
2026-03-19,Unity,BR,Rewarded,31332,666,46.65,1.9444,0.7658
2026-03-19,Unity,BR,Native,60339,1032,34.84,0.7807,0.7396
2026-03-19,Unity,ID,Banner,154232,3536,21.27,0.1835,0.7515
2026-03-19,Unity,ID,Interstitial,24428,492,9.39,0.5565,0.6909
2026-03-19,Unity,ID,Rewarded,37823,619,20.55,0.8333,0.6521
2026-03-19,Unity,ID,Native,77848,1255,21.85,0.4458,0.6295
2026-03-19,Unity,DE,Banner,60500,1133,95.22,1.6664,0.9445
2026-03-19,Unity,DE,Interstitial,13346,282,59.18,5.0977,0.8699
2026-03-19,Unity,DE,Rewarded,18488,368,124.79,8.1962,0.8235
2026-03-19,Unity,DE,Native,36830,770,117.48,4.0935,0.7792
2026-03-19,Unity,JP,Banner,96781,1682,163.74,1.9442,0.8702
2026-03-19,Unity,JP,Interstitial,19168,310,94.53,5.6565,0.8719
2026-03-19,Unity,JP,Rewarded,29567,567,220.41,9.1605,0.8138
2026-03-19,Unity,JP,Native,50203,823,145.61,3.9711,0.7304
2026-03-19,AppLovin,US,Banner,141517,3042,334.83,2.5276,0.9361
2026-03-19,AppLovin,US,Interstitial,27808,602,214.72,8.7804,0.8794
2026-03-19,AppLovin,US,Rewarded,40323,669,383.38,11.9491,0.7957
2026-03-19,AppLovin,US,Native,60138,1423,282.94,5.9476,0.791
2026-03-19,AppLovin,IN,Banner,189847,3371,37.51,0.2525,0.7824
2026-03-19,AppLovin,IN,Interstitial,41383,830,25.82,0.8747,0.7132
2026-03-19,AppLovin,IN,Rewarded,51928,1180,42.69,1.1571,0.7105
2026-03-19,AppLovin,IN,Native,106909,1969,41.01,0.5558,0.6901
2026-03-19,AppLovin,BR,Banner,80714,1806,25.55,0.3581,0.8839
2026-03-19,AppLovin,BR,Interstitial,16806,368,15.61,1.1314,0.8211
2026-03-19,AppLovin,BR,Rewarded,24136,436,31.64,1.8014,0.7276
2026-03-19,AppLovin,BR,Native,35512,597,23.86,0.8991,0.7471
2026-03-19,AppLovin,ID,Banner,113495,2011,13.66,0.1686,0.7138
2026-03-19,AppLovin,ID,Interstitial,22161,475,9.41,0.6299,0.674
2026-03-19,AppLovin,ID,Rewarded,27159,486,15.28,0.8788,0.64
2026-03-19,AppLovin,ID,Native,55644,998,14.49,0.435,0.5985
2026-03-19,AppLovin,DE,Banner,42769,779,61.73,1.5994,0.9024
2026-03-19,AppLovin,DE,Interstitial,10601,249,48.07,5.4029,0.8393
2026-03-19,AppLovin,DE,Rewarded,13932,249,90.13,8.0821,0.8005
2026-03-19,AppLovin,DE,Native,22881,506,67.08,3.6978,0.7929
2026-03-19,AppLovin,JP,Banner,65893,1195,103.56,1.7846,0.8807
2026-03-19,AppLovin,JP,Interstitial,10903,179,52.82,5.7972,0.8356
2026-03-19,AppLovin,JP,Rewarded,16433,314,110.1,8.5734,0.7815
2026-03-19,AppLovin,JP,Native,27667,457,80.19,3.9697,0.7302
2026-03-19,ironSource,US,Banner,94782,1809,207.47,2.3318,0.9387
2026-03-19,ironSource,US,Interstitial,18960,338,126.77,7.8651,0.8501
2026-03-19,ironSource,US,Rewarded,34366,719,368.37,13.6051,0.7879
2026-03-19,ironSource,US,Native,46338,790,202.63,5.4792,0.7981
2026-03-19,ironSource,IN,Banner,157299,3747,30.39,0.2463,0.7843
2026-03-19,ironSource,IN,Interstitial,34743,558,21.41,0.8439,0.7303
2026-03-19,ironSource,IN,Rewarded,51375,1227,47.16,1.3199,0.6954
2026-03-19,ironSource,IN,Native,71400,1413,24.59,0.5372,0.6412
2026-03-19,ironSource,BR,Banner,65345,1330,20.14,0.3485,0.8845
2026-03-19,ironSource,BR,Interstitial,11875,263,11.68,1.2689,0.7753
2026-03-19,ironSource,BR,Rewarded,16611,385,22.09,1.7211,0.7726
2026-03-19,ironSource,BR,Native,30705,554,19.72,0.865,0.7425
2026-03-19,ironSource,ID,Banner,87853,1651,10.84,0.177,0.6966
2026-03-19,ironSource,ID,Interstitial,14781,257,5.61,0.5674,0.6691
2026-03-19,ironSource,ID,Rewarded,25207,472,15.16,0.9144,0.6576
2026-03-19,ironSource,ID,Native,43236,787,10.36,0.3889,0.6164
2026-03-19,ironSource,DE,Banner,40331,932,59.46,1.5918,0.9261
2026-03-19,ironSource,DE,Interstitial,8582,200,36.89,5.1431,0.8358
2026-03-19,ironSource,DE,Rewarded,11773,278,84.69,8.9779,0.8013
2026-03-19,ironSource,DE,Native,22554,433,65.19,3.9736,0.7274
2026-03-19,ironSource,JP,Banner,56168,1078,92.83,1.9386,0.8525
2026-03-19,ironSource,JP,Interstitial,11006,248,58.01,6.0935,0.865
2026-03-19,ironSource,JP,Rewarded,16833,280,106.87,8.311,0.7639
2026-03-19,ironSource,JP,Native,28264,524,84.5,4.1791,0.7154
2026-03-20,AdMob,US,Banner,238855,5138,609.06,2.7079,0.9417
2026-03-20,AdMob,US,Interstitial,42827,900,334.5,9.1982,0.8491
2026-03-20,AdMob,US,Rewarded,65140,1337,599.22,11.6829,0.7874
2026-03-20,AdMob,US,Native,129851,2962,538.34,5.4151,0.7656
2026-03-20,AdMob,IN,Banner,352157,8007,61.72,0.2264,0.7741
2026-03-20,AdMob,IN,Interstitial,74116,1414,47.61,0.8795,0.7303
2026-03-20,AdMob,IN,Rewarded,106395,2237,90.48,1.2432,0.684
2026-03-20,AdMob,IN,Native,183389,4018,68.94,0.5474,0.6866
2026-03-20,AdMob,BR,Banner,134456,2248,42.57,0.3678,0.8609
2026-03-20,AdMob,BR,Interstitial,29692,659,27.3,1.1426,0.8048
2026-03-20,AdMob,BR,Rewarded,40386,953,50.24,1.6644,0.7474
2026-03-20,AdMob,BR,Native,80576,1455,43.76,0.7593,0.7153
2026-03-20,AdMob,ID,Banner,208288,3697,28.02,0.1785,0.7534
2026-03-20,AdMob,ID,Interstitial,41054,790,18.09,0.624,0.7063
2026-03-20,AdMob,ID,Rewarded,63364,1467,35.27,0.8646,0.6438
2026-03-20,AdMob,ID,Native,113497,2560,30.07,0.4384,0.6043
2026-03-20,AdMob,DE,Banner,85776,1572,119.15,1.5189,0.9145
2026-03-20,AdMob,DE,Interstitial,22708,486,104.67,5.4297,0.849
2026-03-20,AdMob,DE,Rewarded,32408,719,209.34,8.2097,0.7868
2026-03-20,AdMob,DE,Native,47305,791,131.99,3.5998,0.7751
2026-03-20,AdMob,JP,Banner,142675,2669,243.25,1.8477,0.9228
2026-03-20,AdMob,JP,Interstitial,28534,464,126.87,5.5747,0.7976
2026-03-20,AdMob,JP,Rewarded,37104,690,242.72,8.2494,0.793
2026-03-20,AdMob,JP,Native,59418,1315,185.27,4.3139,0.7228
2026-03-20,Unity,US,Banner,179306,4278,449.4,2.7616,0.9076
2026-03-20,Unity,US,Interstitial,35796,781,277.34,9.3048,0.8327
2026-03-20,Unity,US,Rewarded,57486,1288,557.01,11.6106,0.8345
2026-03-20,Unity,US,Native,89102,1468,385.74,5.4309,0.7971
2026-03-20,Unity,IN,Banner,306667,5581,50.27,0.2181,0.7517
2026-03-20,Unity,IN,Interstitial,58240,998,36.37,0.8762,0.7127
2026-03-20,Unity,IN,Rewarded,80695,1498,72.31,1.2807,0.6997
2026-03-20,Unity,IN,Native,142570,2660,49.9,0.5332,0.6564
2026-03-20,Unity,BR,Banner,114580,2235,39.02,0.3905,0.8721
2026-03-20,Unity,BR,Interstitial,21027,436,19.31,1.11,0.8274
2026-03-20,Unity,BR,Rewarded,35303,758,46.89,1.6922,0.7849
2026-03-20,Unity,BR,Native,48812,1139,31.91,0.8681,0.7532
2026-03-20,Unity,ID,Banner,149224,3172,18.25,0.1637,0.7468
2026-03-20,Unity,ID,Interstitial,26407,433,9.77,0.5625,0.6577
2026-03-20,Unity,ID,Rewarded,45201,866,23.78,0.8525,0.6172
2026-03-20,Unity,ID,Native,69634,1219,15.95,0.3922,0.5841
2026-03-20,Unity,DE,Banner,73761,1266,100.94,1.5121,0.905
2026-03-20,Unity,DE,Interstitial,12721,221,56.2,5.3824,0.8209
2026-03-20,Unity,DE,Rewarded,20048,332,132.63,7.969,0.8302
2026-03-20,Unity,DE,Native,38784,716,124.68,4.0935,0.7853
2026-03-20,Unity,JP,Banner,95975,1570,137.03,1.6858,0.8469
2026-03-20,Unity,JP,Interstitial,19806,360,99.52,5.7696,0.8709
2026-03-20,Unity,JP,Rewarded,29459,588,236.56,9.7271,0.8256
2026-03-20,Unity,JP,Native,48553,939,163.37,4.5786,0.7349
2026-03-20,AppLovin,US,Banner,133221,2210,307.67,2.4482,0.9434
2026-03-20,AppLovin,US,Interstitial,25176,454,169.33,7.8579,0.8559
2026-03-20,AppLovin,US,Rewarded,41312,923,422.03,11.9685,0.8535
2026-03-20,AppLovin,US,Native,62479,1232,267.72,5.6333,0.7606
2026-03-20,AppLovin,IN,Banner,170528,2939,33.58,0.2415,0.8153
2026-03-20,AppLovin,IN,Interstitial,40880,932,27.43,0.8739,0.7677
2026-03-20,AppLovin,IN,Rewarded,65793,1548,55.39,1.1542,0.7294
2026-03-20,AppLovin,IN,Native,99873,1864,35.69,0.5437,0.6573
2026-03-20,AppLovin,BR,Banner,68529,1350,21.6,0.3685,0.8553
2026-03-20,AppLovin,BR,Interstitial,13181,222,13.09,1.2713,0.7813
2026-03-20,AppLovin,BR,Rewarded,23330,439,30.09,1.7635,0.7313
2026-03-20,AppLovin,BR,Native,40557,711,24.84,0.8594,0.7126
2026-03-20,AppLovin,ID,Banner,103953,2339,14.73,0.194,0.7305
2026-03-20,AppLovin,ID,Interstitial,20129,446,8.96,0.6262,0.7111
2026-03-20,AppLovin,ID,Rewarded,33688,706,20.16,0.8876,0.6742
2026-03-20,AppLovin,ID,Native,55550,1265,13.17,0.3813,0.6217
2026-03-20,AppLovin,DE,Banner,45113,825,71.41,1.7034,0.9292
2026-03-20,AppLovin,DE,Interstitial,9715,158,46.41,5.5765,0.8566
2026-03-20,AppLovin,DE,Rewarded,13194,237,79.2,7.5908,0.7907
2026-03-20,AppLovin,DE,Native,26816,444,82.24,3.906,0.7852
2026-03-20,AppLovin,JP,Banner,62222,1347,98.41,1.7366,0.9108
2026-03-20,AppLovin,JP,Interstitial,13884,282,64.72,5.4557,0.8545
2026-03-20,AppLovin,JP,Rewarded,20578,337,147.48,9.0129,0.7952
2026-03-20,AppLovin,JP,Native,32829,542,93.73,4.0094,0.7121
2026-03-20,ironSource,US,Banner,113718,2692,268.09,2.4715,0.9539
2026-03-20,ironSource,US,Interstitial,22659,414,188.34,9.1489,0.9085
2026-03-20,ironSource,US,Rewarded,26863,451,291.14,13.1051,0.827
2026-03-20,ironSource,US,Native,52663,1099,257.12,6.0248,0.8104
2026-03-20,ironSource,IN,Banner,163549,3865,30.14,0.2372,0.7771
2026-03-20,ironSource,IN,Interstitial,28529,555,16.99,0.7914,0.7525
2026-03-20,ironSource,IN,Rewarded,44878,841,35.23,1.149,0.6833
2026-03-20,ironSource,IN,Native,88920,1696,32.19,0.5606,0.6458
2026-03-20,ironSource,BR,Banner,52904,1261,17.34,0.3891,0.8422
2026-03-20,ironSource,BR,Interstitial,11451,190,11.55,1.2807,0.7878
2026-03-20,ironSource,BR,Rewarded,15471,302,21.35,1.8382,0.7506
2026-03-20,ironSource,BR,Native,32867,748,18.58,0.7977,0.7087
2026-03-20,ironSource,ID,Banner,79826,1531,10.89,0.1918,0.711
2026-03-20,ironSource,ID,Interstitial,14402,343,6.66,0.65,0.7111
2026-03-20,ironSource,ID,Rewarded,23297,457,14.33,0.9574,0.6425
2026-03-20,ironSource,ID,Native,43959,814,10.27,0.3929,0.5949
2026-03-20,ironSource,DE,Banner,43458,1042,62.0,1.608,0.8872
2026-03-20,ironSource,DE,Interstitial,7721,173,34.9,5.2225,0.8655
2026-03-20,ironSource,DE,Rewarded,10450,211,68.17,8.4462,0.7724
2026-03-20,ironSource,DE,Native,18541,434,52.32,3.7011,0.7625
2026-03-20,ironSource,JP,Banner,53160,853,93.03,1.9573,0.8941
2026-03-20,ironSource,JP,Interstitial,9296,221,51.14,6.4869,0.848
2026-03-20,ironSource,JP,Rewarded,13451,250,90.72,8.6341,0.7811
2026-03-20,ironSource,JP,Native,23139,427,72.89,4.1525,0.7586
2026-03-21,AdMob,US,Banner,251249,5138,611.5,2.6564,0.9162
2026-03-21,AdMob,US,Interstitial,56730,1326,457.02,9.1636,0.8791
2026-03-21,AdMob,US,Rewarded,86523,1745,862.88,12.2211,0.816
2026-03-21,AdMob,US,Native,145043,3085,680.87,6.1729,0.7605
2026-03-21,AdMob,IN,Banner,498445,11929,96.43,0.2485,0.7786
2026-03-21,AdMob,IN,Interstitial,89372,1581,50.38,0.7371,0.7648
2026-03-21,AdMob,IN,Rewarded,146830,2536,110.16,1.123,0.6681
2026-03-21,AdMob,IN,Native,221512,4899,73.48,0.5159,0.643
2026-03-21,AdMob,BR,Banner,186466,3610,62.75,0.3829,0.879
2026-03-21,AdMob,BR,Interstitial,38304,833,37.2,1.2062,0.8051
2026-03-21,AdMob,BR,Rewarded,47307,805,68.43,1.9042,0.7596
2026-03-21,AdMob,BR,Native,76399,1828,44.95,0.7837,0.7507
2026-03-21,AdMob,ID,Banner,220131,4972,26.57,0.1725,0.6998
2026-03-21,AdMob,ID,Interstitial,41987,973,19.01,0.6509,0.6954
2026-03-21,AdMob,ID,Rewarded,70118,1588,42.96,0.9343,0.6557
2026-03-21,AdMob,ID,Native,126587,2958,33.56,0.4275,0.6201
2026-03-21,AdMob,DE,Banner,129830,2185,189.33,1.7042,0.8557
2026-03-21,AdMob,DE,Interstitial,25469,454,106.67,5.0432,0.8305
2026-03-21,AdMob,DE,Rewarded,35537,627,236.04,8.3764,0.7929
2026-03-21,AdMob,DE,Native,62063,1059,189.82,4.1853,0.7308
2026-03-21,AdMob,JP,Banner,149880,3261,259.2,1.9096,0.9056
2026-03-21,AdMob,JP,Interstitial,32091,671,145.9,5.6608,0.8032
2026-03-21,AdMob,JP,Rewarded,47294,1057,358.51,9.1477,0.8287
2026-03-21,AdMob,JP,Native,76204,1697,209.78,3.8306,0.7187
2026-03-21,Unity,US,Banner,183031,4232,404.9,2.3097,0.9578
2026-03-21,Unity,US,Interstitial,36850,673,276.03,8.9764,0.8345
2026-03-21,Unity,US,Rewarded,62614,1165,661.74,13.4211,0.7875
2026-03-21,Unity,US,Native,92001,1770,478.82,6.5435,0.7954
2026-03-21,Unity,IN,Banner,281008,6331,54.4,0.2447,0.7911
2026-03-21,Unity,IN,Interstitial,60315,1107,38.96,0.877,0.7365
2026-03-21,Unity,IN,Rewarded,92208,2017,81.39,1.2047,0.7327
2026-03-21,Unity,IN,Native,164724,3297,55.03,0.5222,0.6398
2026-03-21,Unity,BR,Banner,129034,2167,40.33,0.3781,0.8267
2026-03-21,Unity,BR,Interstitial,23312,432,24.59,1.3004,0.8112
2026-03-21,Unity,BR,Rewarded,34308,766,43.65,1.6676,0.763
2026-03-21,Unity,BR,Native,68861,1478,40.41,0.8403,0.6985
2026-03-21,Unity,ID,Banner,173403,3924,21.27,0.1646,0.7452
2026-03-21,Unity,ID,Interstitial,31934,683,13.55,0.6073,0.6986
2026-03-21,Unity,ID,Rewarded,41294,910,21.51,0.832,0.6261
2026-03-21,Unity,ID,Native,79053,1480,21.06,0.4238,0.6287
2026-03-21,Unity,DE,Banner,86510,1614,125.43,1.631,0.8889
2026-03-21,Unity,DE,Interstitial,18345,434,86.6,5.7992,0.814
2026-03-21,Unity,DE,Rewarded,26145,482,155.57,7.6711,0.7757
2026-03-21,Unity,DE,Native,41749,816,123.01,3.9397,0.7479
2026-03-21,Unity,JP,Banner,91927,1726,132.75,1.6382,0.8815
2026-03-21,Unity,JP,Interstitial,20383,326,107.4,6.5358,0.8062
2026-03-21,Unity,JP,Rewarded,26355,544,190.32,8.9329,0.8084
2026-03-21,Unity,JP,Native,50235,954,150.3,4.0773,0.7338
2026-03-21,AppLovin,US,Banner,148564,3060,334.2,2.3806,0.945
2026-03-21,AppLovin,US,Interstitial,26758,432,208.03,8.502,0.9144
2026-03-21,AppLovin,US,Rewarded,39237,694,415.62,12.6184,0.8395
2026-03-21,AppLovin,US,Native,81177,1512,403.14,6.1197,0.8115
2026-03-21,AppLovin,IN,Banner,252697,5886,45.01,0.2342,0.7607
2026-03-21,AppLovin,IN,Interstitial,40372,966,25.94,0.8709,0.7379
2026-03-21,AppLovin,IN,Rewarded,69819,1394,58.8,1.2618,0.6674
2026-03-21,AppLovin,IN,Native,123192,2383,46.67,0.5917,0.6403
2026-03-21,AppLovin,BR,Banner,84155,1889,23.58,0.3315,0.8452
2026-03-21,AppLovin,BR,Interstitial,16215,263,16.21,1.1838,0.8447
2026-03-21,AppLovin,BR,Rewarded,26585,577,39.39,1.8876,0.785
2026-03-21,AppLovin,BR,Native,46054,1025,25.57,0.7659,0.725
2026-03-21,AppLovin,ID,Banner,100995,2191,12.18,0.1624,0.7426
2026-03-21,AppLovin,ID,Interstitial,22394,531,10.27,0.6528,0.7022
2026-03-21,AppLovin,ID,Rewarded,38943,831,23.2,0.8966,0.6645
2026-03-21,AppLovin,ID,Native,62872,1123,16.5,0.4442,0.5908
2026-03-21,AppLovin,DE,Banner,53458,1067,87.07,1.7551,0.928
2026-03-21,AppLovin,DE,Interstitial,11778,193,57.9,5.8596,0.839
2026-03-21,AppLovin,DE,Rewarded,17159,324,127.76,8.9326,0.8335
2026-03-21,AppLovin,DE,Native,24996,532,78.17,3.9554,0.7906
2026-03-21,AppLovin,JP,Banner,70259,1279,107.13,1.6644,0.9161
2026-03-21,AppLovin,JP,Interstitial,13185,280,73.7,6.3792,0.8762
2026-03-21,AppLovin,JP,Rewarded,22369,392,146.32,8.675,0.754
2026-03-21,AppLovin,JP,Native,36847,645,111.82,3.9071,0.7767
2026-03-21,ironSource,US,Banner,115762,2155,275.06,2.5561,0.9296
2026-03-21,ironSource,US,Interstitial,25577,539,191.66,8.4053,0.8915
2026-03-21,ironSource,US,Rewarded,30537,708,331.96,13.0627,0.8322
2026-03-21,ironSource,US,Native,64070,1176,265.7,5.5346,0.7493
2026-03-21,ironSource,IN,Banner,210861,4400,36.31,0.217,0.7935
2026-03-21,ironSource,IN,Interstitial,38418,747,20.9,0.7549,0.7207
2026-03-21,ironSource,IN,Rewarded,48507,998,35.85,1.0979,0.6731
2026-03-21,ironSource,IN,Native,89177,1574,31.16,0.5369,0.6508
2026-03-21,ironSource,BR,Banner,67168,1141,19.72,0.3386,0.8668
2026-03-21,ironSource,BR,Interstitial,15655,354,14.54,1.1016,0.8433
2026-03-21,ironSource,BR,Rewarded,21822,379,31.35,1.9484,0.7374
2026-03-21,ironSource,BR,Native,31934,658,18.04,0.7971,0.7088
2026-03-21,ironSource,ID,Banner,78977,1646,9.74,0.1758,0.7017
2026-03-21,ironSource,ID,Interstitial,21078,399,8.62,0.6021,0.6789
2026-03-21,ironSource,ID,Rewarded,29959,579,16.71,0.823,0.6778
2026-03-21,ironSource,ID,Native,43429,917,12.75,0.4598,0.6387
2026-03-21,ironSource,DE,Banner,39355,751,60.34,1.732,0.8852
2026-03-21,ironSource,DE,Interstitial,8258,150,39.97,5.5258,0.8759
2026-03-21,ironSource,DE,Rewarded,15616,330,93.73,7.7463,0.7749
2026-03-21,ironSource,DE,Native,25410,447,83.8,4.1989,0.7854
2026-03-21,ironSource,JP,Banner,65739,1345,109.06,1.951,0.8504
2026-03-21,ironSource,JP,Interstitial,11691,192,60.78,5.931,0.8765
2026-03-21,ironSource,JP,Rewarded,17908,398,120.45,8.4695,0.7942
2026-03-21,ironSource,JP,Native,26565,586,85.36,4.1104,0.7817
2026-03-22,AdMob,US,Banner,220329,4889,484.51,2.4082,0.9131
2026-03-22,AdMob,US,Interstitial,47271,792,338.64,8.0658,0.8882
2026-03-22,AdMob,US,Rewarded,55434,921,574.63,12.8741,0.8052
2026-03-22,AdMob,US,Native,115245,2456,551.89,5.9476,0.8052
2026-03-22,AdMob,IN,Banner,368784,7673,64.81,0.2308,0.7615
2026-03-22,AdMob,IN,Interstitial,62791,1118,39.66,0.8505,0.7427
2026-03-22,AdMob,IN,Rewarded,107385,1812,94.4,1.3068,0.6727
2026-03-22,AdMob,IN,Native,190293,3574,62.14,0.5163,0.6325
2026-03-22,AdMob,BR,Banner,128082,2985,39.77,0.365,0.8506
2026-03-22,AdMob,BR,Interstitial,27960,466,29.64,1.3161,0.8056
2026-03-22,AdMob,BR,Rewarded,44116,716,56.23,1.6215,0.7861
2026-03-22,AdMob,BR,Native,69756,1250,45.53,0.9136,0.7145
2026-03-22,AdMob,ID,Banner,158334,3385,19.81,0.1797,0.6963
2026-03-22,AdMob,ID,Interstitial,33137,674,13.07,0.5788,0.6814
2026-03-22,AdMob,ID,Rewarded,46190,841,29.13,0.9374,0.6728
2026-03-22,AdMob,ID,Native,77979,1273,20.42,0.4419,0.5926
2026-03-22,AdMob,DE,Banner,89334,2130,121.63,1.5641,0.8705
2026-03-22,AdMob,DE,Interstitial,16172,364,79.54,5.9438,0.8275
2026-03-22,AdMob,DE,Rewarded,25890,599,162.13,7.5547,0.8289
2026-03-22,AdMob,DE,Native,38765,854,118.67,4.0237,0.7608
2026-03-22,AdMob,JP,Banner,114731,2268,159.24,1.6296,0.8517
2026-03-22,AdMob,JP,Interstitial,24366,392,119.88,5.8105,0.8468
2026-03-22,AdMob,JP,Rewarded,34392,799,255.59,9.1855,0.8091
2026-03-22,AdMob,JP,Native,48189,831,151.32,3.9997,0.7851
2026-03-22,Unity,US,Banner,160927,2867,401.75,2.6648,0.9368
2026-03-22,Unity,US,Interstitial,27607,587,205.27,8.7828,0.8466
2026-03-22,Unity,US,Rewarded,45179,1065,456.83,12.4609,0.8115
2026-03-22,Unity,US,Native,75651,1606,372.32,6.0229,0.8171
2026-03-22,Unity,IN,Banner,274671,5131,49.01,0.2211,0.807
2026-03-22,Unity,IN,Interstitial,52798,1017,32.76,0.8569,0.7241
2026-03-22,Unity,IN,Rewarded,77361,1306,61.47,1.1038,0.7199
2026-03-22,Unity,IN,Native,135763,2299,48.52,0.535,0.668
2026-03-22,Unity,BR,Banner,84299,1348,25.27,0.3531,0.8489
2026-03-22,Unity,BR,Interstitial,20223,399,18.15,1.0818,0.8296
2026-03-22,Unity,BR,Rewarded,27363,555,35.86,1.695,0.7732
2026-03-22,Unity,BR,Native,40719,673,22.4,0.796,0.6912
2026-03-22,Unity,ID,Banner,103136,1911,12.85,0.1699,0.7329
2026-03-22,Unity,ID,Interstitial,23010,431,8.81,0.5558,0.6892
2026-03-22,Unity,ID,Rewarded,38140,694,23.51,0.9435,0.6535
2026-03-22,Unity,ID,Native,60530,1339,15.38,0.3992,0.6367
2026-03-22,Unity,DE,Banner,60248,1122,98.25,1.8036,0.9042
2026-03-22,Unity,DE,Interstitial,10609,243,52.14,5.5481,0.8858
2026-03-22,Unity,DE,Rewarded,18680,412,124.0,8.0742,0.8222
2026-03-22,Unity,DE,Native,29386,676,87.69,3.8317,0.7788
2026-03-22,Unity,JP,Banner,82056,1872,113.15,1.6281,0.8469
2026-03-22,Unity,JP,Interstitial,16605,386,82.12,5.8666,0.843
2026-03-22,Unity,JP,Rewarded,25435,555,186.0,9.5096,0.769
2026-03-22,Unity,JP,Native,33218,707,108.63,4.5309,0.7218
2026-03-22,AppLovin,US,Banner,111378,1835,277.19,2.6912,0.9247
2026-03-22,AppLovin,US,Interstitial,22893,547,163.11,8.3014,0.8583
2026-03-22,AppLovin,US,Rewarded,33220,736,366.45,13.2873,0.8302
2026-03-22,AppLovin,US,Native,57982,1140,292.11,6.137,0.8209
2026-03-22,AppLovin,IN,Banner,183170,3600,35.88,0.2543,0.7703
2026-03-22,AppLovin,IN,Interstitial,39355,782,20.8,0.7252,0.7288
2026-03-22,AppLovin,IN,Rewarded,44010,794,39.18,1.2958,0.687
2026-03-22,AppLovin,IN,Native,94538,2133,34.07,0.5351,0.6735
2026-03-22,AppLovin,BR,Banner,70362,1170,21.81,0.3803,0.815
2026-03-22,AppLovin,BR,Interstitial,12187,233,10.71,1.0886,0.8075
2026-03-22,AppLovin,BR,Rewarded,19737,368,26.05,1.7276,0.7639
2026-03-22,AppLovin,BR,Native,29385,665,18.69,0.8651,0.735
2026-03-22,AppLovin,ID,Banner,95946,1578,13.19,0.1874,0.7335
2026-03-22,AppLovin,ID,Interstitial,15230,287,6.46,0.6375,0.6657
2026-03-22,AppLovin,ID,Rewarded,23121,418,13.01,0.8451,0.6658
2026-03-22,AppLovin,ID,Native,42465,926,10.34,0.3907,0.6229
2026-03-22,AppLovin,DE,Banner,41335,890,63.19,1.744,0.8766
2026-03-22,AppLovin,DE,Interstitial,9219,154,46.15,6.0155,0.8321
2026-03-22,AppLovin,DE,Rewarded,12017,224,71.79,7.6277,0.7832
2026-03-22,AppLovin,DE,Native,21006,499,64.83,4.1609,0.7417
2026-03-22,AppLovin,JP,Banner,58921,1297,104.77,1.9373,0.9178
2026-03-22,AppLovin,JP,Interstitial,11715,274,58.09,5.9254,0.8369
2026-03-22,AppLovin,JP,Rewarded,15580,320,103.53,8.1755,0.8128
2026-03-22,AppLovin,JP,Native,29499,530,85.84,3.8435,0.7571
2026-03-22,ironSource,US,Banner,96684,1615,216.3,2.3511,0.9516
2026-03-22,ironSource,US,Interstitial,14792,310,102.33,8.0496,0.8594
2026-03-22,ironSource,US,Rewarded,23016,525,232.84,12.5902,0.8035
2026-03-22,ironSource,US,Native,37237,867,170.48,5.7786,0.7923
2026-03-22,ironSource,IN,Banner,153234,3482,29.6,0.259,0.7459
2026-03-22,ironSource,IN,Interstitial,29917,696,18.8,0.8644,0.727
2026-03-22,ironSource,IN,Rewarded,40190,780,34.5,1.2322,0.6967
2026-03-22,ironSource,IN,Native,69965,1474,25.97,0.5439,0.6824
2026-03-22,ironSource,BR,Banner,54695,1163,16.58,0.3406,0.8899
2026-03-22,ironSource,BR,Interstitial,9409,155,9.26,1.2601,0.7812
2026-03-22,ironSource,BR,Rewarded,15653,294,21.11,1.8193,0.7412
2026-03-22,ironSource,BR,Native,29334,702,16.45,0.8039,0.6976
2026-03-22,ironSource,ID,Banner,64907,1324,8.48,0.1865,0.7007
2026-03-22,ironSource,ID,Interstitial,13329,275,5.94,0.6554,0.6794
2026-03-22,ironSource,ID,Rewarded,23461,531,14.42,0.9881,0.6222
2026-03-22,ironSource,ID,Native,33279,639,8.61,0.428,0.6044
2026-03-22,ironSource,DE,Banner,30969,542,46.88,1.674,0.9042
2026-03-22,ironSource,DE,Interstitial,6986,138,36.73,6.0204,0.8733
2026-03-22,ironSource,DE,Rewarded,11641,237,76.08,8.3743,0.7804
2026-03-22,ironSource,DE,Native,15598,294,50.66,4.056,0.8007
2026-03-22,ironSource,JP,Banner,42282,945,64.51,1.7717,0.8611
2026-03-22,ironSource,JP,Interstitial,8929,156,42.27,5.4769,0.8643
2026-03-22,ironSource,JP,Rewarded,14796,245,104.06,8.778,0.8012
2026-03-22,ironSource,JP,Native,20557,477,68.33,4.454,0.7463
2026-03-23,AdMob,US,Banner,255635,5018,682.55,2.7686,0.9644
2026-03-23,AdMob,US,Interstitial,50977,1167,392.82,9.0694,0.8497
2026-03-23,AdMob,US,Rewarded,77068,1705,814.58,13.325,0.7932
2026-03-23,AdMob,US,Native,117904,2145,582.62,6.3132,0.7827
2026-03-23,AdMob,IN,Banner,454331,8594,93.91,0.2527,0.8179
2026-03-23,AdMob,IN,Interstitial,83581,1362,51.6,0.8179,0.7549
2026-03-23,AdMob,IN,Rewarded,112501,2664,101.75,1.2982,0.6967
2026-03-23,AdMob,IN,Native,182810,4060,76.1,0.6157,0.6761
2026-03-23,AdMob,BR,Banner,145358,3117,48.32,0.3893,0.8539
2026-03-23,AdMob,BR,Interstitial,26353,459,27.2,1.2316,0.8381
2026-03-23,AdMob,BR,Rewarded,48209,1150,62.64,1.6291,0.7976
2026-03-23,AdMob,BR,Native,71719,1164,40.74,0.774,0.734
2026-03-23,AdMob,ID,Banner,198949,3212,24.54,0.1718,0.7181
2026-03-23,AdMob,ID,Interstitial,34619,709,12.99,0.5419,0.6921
2026-03-23,AdMob,ID,Rewarded,55196,1005,34.41,0.9264,0.6729
2026-03-23,AdMob,ID,Native,109959,2089,27.82,0.4337,0.5835
2026-03-23,AdMob,DE,Banner,100232,2391,152.43,1.7265,0.8808
2026-03-23,AdMob,DE,Interstitial,21107,368,92.83,5.3601,0.8205
2026-03-23,AdMob,DE,Rewarded,29888,651,204.86,8.2412,0.8317
2026-03-23,AdMob,DE,Native,45519,873,130.06,3.9231,0.7283
2026-03-23,AdMob,JP,Banner,134903,3211,216.42,1.7638,0.9095
2026-03-23,AdMob,JP,Interstitial,25804,414,118.8,5.574,0.8259
2026-03-23,AdMob,JP,Rewarded,38655,861,297.06,9.5788,0.8023
2026-03-23,AdMob,JP,Native,68123,1564,223.7,4.4949,0.7305
2026-03-23,Unity,US,Banner,183089,4321,431.51,2.4428,0.9648
2026-03-23,Unity,US,Interstitial,35781,691,277.29,9.0835,0.8532
2026-03-23,Unity,US,Rewarded,47522,841,503.51,12.8013,0.8277
2026-03-23,Unity,US,Native,92036,1755,378.16,5.4952,0.7477
2026-03-23,Unity,IN,Banner,272425,5097,47.97,0.2313,0.7611
2026-03-23,Unity,IN,Interstitial,50344,895,30.45,0.7846,0.771
2026-03-23,Unity,IN,Rewarded,88648,1646,68.31,1.114,0.6917
2026-03-23,Unity,IN,Native,158355,3296,59.05,0.5519,0.6756
2026-03-23,Unity,BR,Banner,93692,1532,30.71,0.3916,0.8369
2026-03-23,Unity,BR,Interstitial,19742,413,17.75,1.1606,0.7746
2026-03-23,Unity,BR,Rewarded,30051,716,40.36,1.8465,0.7273
2026-03-23,Unity,BR,Native,47310,821,30.27,0.8668,0.7381
2026-03-23,Unity,ID,Banner,123691,2145,14.54,0.1675,0.7018
2026-03-23,Unity,ID,Interstitial,29461,482,11.94,0.5905,0.6866
2026-03-23,Unity,ID,Rewarded,46551,771,25.01,0.8407,0.6389
2026-03-23,Unity,ID,Native,62372,1335,16.88,0.4339,0.6238
2026-03-23,Unity,DE,Banner,71094,1393,115.21,1.7993,0.9006
2026-03-23,Unity,DE,Interstitial,12939,239,56.23,5.0587,0.8591
2026-03-23,Unity,DE,Rewarded,21151,507,137.53,7.7651,0.8374
2026-03-23,Unity,DE,Native,33135,794,108.16,4.1136,0.7935
2026-03-23,Unity,JP,Banner,83371,1750,135.06,1.8922,0.8561
2026-03-23,Unity,JP,Interstitial,18575,423,94.81,6.2893,0.8115
2026-03-23,Unity,JP,Rewarded,25627,587,173.04,8.4895,0.7954
2026-03-23,Unity,JP,Native,49880,851,156.35,4.4085,0.711
2026-03-23,AppLovin,US,Banner,109110,2041,232.8,2.3466,0.9092
2026-03-23,AppLovin,US,Interstitial,22102,494,178.79,9.1498,0.8841
2026-03-23,AppLovin,US,Rewarded,36054,703,366.97,12.5211,0.8129
2026-03-23,AppLovin,US,Native,64569,1498,310.15,5.9417,0.8084
2026-03-23,AppLovin,IN,Banner,198181,4336,36.73,0.2275,0.8147
2026-03-23,AppLovin,IN,Interstitial,41681,689,24.82,0.8393,0.7096
2026-03-23,AppLovin,IN,Rewarded,53756,927,41.76,1.1154,0.6964
2026-03-23,AppLovin,IN,Native,110635,1831,41.17,0.5687,0.6543
2026-03-23,AppLovin,BR,Banner,77048,1727,22.3,0.3324,0.8707
2026-03-23,AppLovin,BR,Interstitial,15197,280,14.09,1.1159,0.8307
2026-03-23,AppLovin,BR,Rewarded,20627,379,29.43,1.7894,0.7973
2026-03-23,AppLovin,BR,Native,42062,908,22.28,0.765,0.6924
2026-03-23,AppLovin,ID,Banner,90717,1692,10.91,0.1734,0.6938
2026-03-23,AppLovin,ID,Interstitial,18682,441,8.19,0.6284,0.6978
2026-03-23,AppLovin,ID,Rewarded,32019,738,19.78,0.9351,0.6606
2026-03-23,AppLovin,ID,Native,46943,836,11.86,0.4032,0.6268
2026-03-23,AppLovin,DE,Banner,56180,1247,82.33,1.6615,0.882
2026-03-23,AppLovin,DE,Interstitial,9436,201,50.83,6.0096,0.8963
2026-03-23,AppLovin,DE,Rewarded,13261,302,84.55,7.8593,0.8112
2026-03-23,AppLovin,DE,Native,22636,453,58.78,3.5454,0.7324
2026-03-23,AppLovin,JP,Banner,69713,1502,97.43,1.6352,0.8547
2026-03-23,AppLovin,JP,Interstitial,13721,233,75.14,6.3689,0.8598
2026-03-23,AppLovin,JP,Rewarded,18171,378,149.03,9.8725,0.8307
2026-03-23,AppLovin,JP,Native,33211,567,113.18,4.5791,0.7443
2026-03-23,ironSource,US,Banner,105068,2356,274.48,2.7847,0.9381
2026-03-23,ironSource,US,Interstitial,19536,466,129.0,7.814,0.8451
2026-03-23,ironSource,US,Rewarded,29938,598,298.2,11.5057,0.8657
2026-03-23,ironSource,US,Native,55044,1151,248.3,6.0077,0.7509
2026-03-23,ironSource,IN,Banner,183875,3288,32.29,0.2177,0.8067
2026-03-23,ironSource,IN,Interstitial,30981,620,18.61,0.7796,0.7706
2026-03-23,ironSource,IN,Rewarded,47239,788,40.42,1.2763,0.6703
2026-03-23,ironSource,IN,Native,68520,1576,26.46,0.5811,0.6647
2026-03-23,ironSource,BR,Banner,59973,1100,17.86,0.34,0.8759
2026-03-23,ironSource,BR,Interstitial,13568,270,12.08,1.1401,0.7807
2026-03-23,ironSource,BR,Rewarded,15572,275,19.45,1.6331,0.7647
2026-03-23,ironSource,BR,Native,25584,490,14.86,0.8057,0.7209
2026-03-23,ironSource,ID,Banner,71251,1525,9.58,0.1829,0.7351
2026-03-23,ironSource,ID,Interstitial,15490,358,5.9,0.5565,0.684
2026-03-23,ironSource,ID,Rewarded,23774,559,12.49,0.8452,0.6216
2026-03-23,ironSource,ID,Native,42916,994,10.4,0.4043,0.5995
2026-03-23,ironSource,DE,Banner,36130,692,55.18,1.6616,0.9192
2026-03-23,ironSource,DE,Interstitial,6895,139,31.89,5.2005,0.8894
2026-03-23,ironSource,DE,Rewarded,13135,305,92.69,8.3419,0.8459
2026-03-23,ironSource,DE,Native,19897,425,57.05,3.7101,0.7728
2026-03-23,ironSource,JP,Banner,49975,933,81.59,1.916,0.8521
2026-03-23,ironSource,JP,Interstitial,10559,250,49.98,5.696,0.831
2026-03-23,ironSource,JP,Rewarded,15566,339,123.61,9.8083,0.8096
2026-03-23,ironSource,JP,Native,25688,462,75.07,3.8995,0.7495
2026-03-24,AdMob,US,Banner,287400,6032,625.5,2.4312,0.8952
2026-03-24,AdMob,US,Interstitial,50164,1128,324.51,7.6863,0.8416
2026-03-24,AdMob,US,Rewarded,74633,1345,729.57,11.8473,0.8251
2026-03-24,AdMob,US,Native,114634,1876,574.18,6.4947,0.7712
2026-03-24,AdMob,IN,Banner,456439,8796,88.26,0.2542,0.7608
2026-03-24,AdMob,IN,Interstitial,88694,1798,51.42,0.7772,0.746
2026-03-24,AdMob,IN,Rewarded,116446,1882,100.56,1.2335,0.7001
2026-03-24,AdMob,IN,Native,218862,4517,74.7,0.5167,0.6606
2026-03-24,AdMob,BR,Banner,159247,2715,48.99,0.3536,0.87
2026-03-24,AdMob,BR,Interstitial,31381,647,33.65,1.2783,0.8389
2026-03-24,AdMob,BR,Rewarded,42474,863,53.71,1.6788,0.7532
2026-03-24,AdMob,BR,Native,68167,1108,46.91,0.916,0.7512
2026-03-24,AdMob,ID,Banner,203717,4113,27.22,0.1904,0.7017
2026-03-24,AdMob,ID,Interstitial,38871,930,15.16,0.5636,0.6918
2026-03-24,AdMob,ID,Rewarded,57575,1325,33.35,0.9094,0.6368
2026-03-24,AdMob,ID,Native,110938,1909,27.75,0.393,0.6365
2026-03-24,AdMob,DE,Banner,87863,1778,132.93,1.7005,0.8897
2026-03-24,AdMob,DE,Interstitial,20915,411,87.7,5.0081,0.8373
2026-03-24,AdMob,DE,Rewarded,27899,625,162.61,7.5058,0.7765
2026-03-24,AdMob,DE,Native,56170,1191,150.07,3.5822,0.7458
2026-03-24,AdMob,JP,Banner,142035,2847,223.64,1.7279,0.9113
2026-03-24,AdMob,JP,Interstitial,28424,555,138.46,5.5635,0.8756
2026-03-24,AdMob,JP,Rewarded,42595,955,302.01,8.9256,0.7944
2026-03-24,AdMob,JP,Native,66674,1489,212.69,4.3005,0.7418
2026-03-24,Unity,US,Banner,198531,4551,423.78,2.3,0.9281
2026-03-24,Unity,US,Interstitial,36607,805,299.71,9.0114,0.9085
2026-03-24,Unity,US,Rewarded,55918,1259,668.66,13.9351,0.8581
2026-03-24,Unity,US,Native,76643,1661,339.92,5.6394,0.7864
2026-03-24,Unity,IN,Banner,263470,5840,44.45,0.2205,0.7653
2026-03-24,Unity,IN,Interstitial,62340,1183,39.52,0.8661,0.732
2026-03-24,Unity,IN,Rewarded,81649,1540,68.19,1.1702,0.7137
2026-03-24,Unity,IN,Native,119854,1945,42.74,0.5532,0.6447
2026-03-24,Unity,BR,Banner,104081,1896,29.83,0.3388,0.846
2026-03-24,Unity,BR,Interstitial,21653,458,23.15,1.3178,0.8113
2026-03-24,Unity,BR,Rewarded,35462,647,46.01,1.7546,0.7395
2026-03-24,Unity,BR,Native,50969,1163,30.25,0.8644,0.6867
2026-03-24,Unity,ID,Banner,122195,2923,17.87,0.1944,0.7524
2026-03-24,Unity,ID,Interstitial,30599,539,11.9,0.557,0.6981
2026-03-24,Unity,ID,Rewarded,47003,1097,25.95,0.867,0.6368
2026-03-24,Unity,ID,Native,59777,1291,14.31,0.3943,0.6072
2026-03-24,Unity,DE,Banner,73098,1240,116.49,1.7059,0.9342
2026-03-24,Unity,DE,Interstitial,14093,276,70.2,5.748,0.8666
2026-03-24,Unity,DE,Rewarded,17957,336,105.28,7.5247,0.7791
2026-03-24,Unity,DE,Native,30985,688,87.02,3.7931,0.7404
2026-03-24,Unity,JP,Banner,97251,2297,150.82,1.7603,0.881
2026-03-24,Unity,JP,Interstitial,17686,404,94.01,6.5941,0.8061
2026-03-24,Unity,JP,Rewarded,26227,622,177.09,8.1409,0.8294
2026-03-24,Unity,JP,Native,42217,905,139.48,4.5815,0.7211
2026-03-24,AppLovin,US,Banner,113447,2157,259.72,2.4208,0.9457
2026-03-24,AppLovin,US,Interstitial,21303,457,151.32,8.3542,0.8502
2026-03-24,AppLovin,US,Rewarded,34062,652,375.26,13.6227,0.8087
2026-03-24,AppLovin,US,Native,58713,1163,269.84,6.1213,0.7508
2026-03-24,AppLovin,IN,Banner,190067,4302,36.68,0.2584,0.7467
2026-03-24,AppLovin,IN,Interstitial,36012,605,19.01,0.7342,0.7189
2026-03-24,AppLovin,IN,Rewarded,60377,1188,53.23,1.3172,0.6693
2026-03-24,AppLovin,IN,Native,96582,2236,34.13,0.542,0.6519
2026-03-24,AppLovin,BR,Banner,64176,1223,20.21,0.3798,0.829
2026-03-24,AppLovin,BR,Interstitial,14640,247,13.08,1.1531,0.7747
2026-03-24,AppLovin,BR,Rewarded,21137,463,29.85,1.9159,0.737
2026-03-24,AppLovin,BR,Native,35124,610,22.79,0.9044,0.7173
2026-03-24,AppLovin,ID,Banner,114575,2355,13.98,0.1684,0.7249
2026-03-24,AppLovin,ID,Interstitial,19236,435,8.9,0.6542,0.7075
2026-03-24,AppLovin,ID,Rewarded,34267,758,19.01,0.8923,0.6219
2026-03-24,AppLovin,ID,Native,48212,1128,11.61,0.394,0.611
2026-03-24,AppLovin,DE,Banner,45070,770,71.01,1.7651,0.8926
2026-03-24,AppLovin,DE,Interstitial,11045,203,55.63,6.0166,0.8372
2026-03-24,AppLovin,DE,Rewarded,14507,258,97.99,8.7683,0.7703
2026-03-24,AppLovin,DE,Native,26544,609,75.4,3.7773,0.752
2026-03-24,AppLovin,JP,Banner,70325,1638,118.61,1.9613,0.86
2026-03-24,AppLovin,JP,Interstitial,13388,217,63.2,5.5851,0.8452
2026-03-24,AppLovin,JP,Rewarded,19922,346,152.94,9.4204,0.8149
2026-03-24,AppLovin,JP,Native,32452,694,99.66,3.9302,0.7814
2026-03-24,ironSource,US,Banner,87859,1740,196.37,2.3904,0.935
2026-03-24,ironSource,US,Interstitial,21417,372,154.53,8.1273,0.8878
2026-03-24,ironSource,US,Rewarded,30393,498,354.73,13.9174,0.8386
2026-03-24,ironSource,US,Native,57331,1161,253.87,5.5417,0.7991
2026-03-24,ironSource,IN,Banner,150129,3433,25.44,0.2245,0.7549
2026-03-24,ironSource,IN,Interstitial,35579,820,20.11,0.7944,0.7116
2026-03-24,ironSource,IN,Rewarded,47813,904,39.42,1.1853,0.6955
2026-03-24,ironSource,IN,Native,80624,1868,30.46,0.5717,0.6608
2026-03-24,ironSource,BR,Banner,56717,1249,17.27,0.3656,0.833
2026-03-24,ironSource,BR,Interstitial,10567,184,9.89,1.1253,0.8318
2026-03-24,ironSource,BR,Rewarded,18679,326,28.2,1.9693,0.7668
2026-03-24,ironSource,BR,Native,28386,618,18.07,0.8943,0.7118
2026-03-24,ironSource,ID,Banner,86656,1606,11.55,0.18,0.7404
2026-03-24,ironSource,ID,Interstitial,16077,292,6.62,0.6224,0.6613
2026-03-24,ironSource,ID,Rewarded,25094,561,15.08,0.928,0.6476
2026-03-24,ironSource,ID,Native,39784,736,11.27,0.452,0.6264
2026-03-24,ironSource,DE,Banner,38743,675,61.81,1.7053,0.9355
2026-03-24,ironSource,DE,Interstitial,8035,172,34.13,5.0807,0.8361
2026-03-24,ironSource,DE,Rewarded,10479,248,75.2,8.5179,0.8425
2026-03-24,ironSource,DE,Native,18299,306,58.99,4.0417,0.7976
2026-03-24,ironSource,JP,Banner,48710,1143,81.14,1.951,0.8538
2026-03-24,ironSource,JP,Interstitial,10081,187,46.29,5.5199,0.8318
2026-03-24,ironSource,JP,Rewarded,14019,278,100.59,9.0747,0.7907
2026-03-24,ironSource,JP,Native,21911,494,72.86,4.4539,0.7466
2026-03-25,AdMob,US,Banner,274344,6389,589.34,2.4567,0.8744
2026-03-25,AdMob,US,Interstitial,53910,871,376.48,7.8323,0.8916
2026-03-25,AdMob,US,Rewarded,64374,1526,655.51,12.8158,0.7946
2026-03-25,AdMob,US,Native,139768,2599,640.59,6.1283,0.7479
2026-03-25,AdMob,IN,Banner,384606,7930,69.35,0.2391,0.7542
2026-03-25,AdMob,IN,Interstitial,78458,1610,52.88,0.8716,0.7733
2026-03-25,AdMob,IN,Rewarded,125196,2905,95.12,1.1131,0.6826
2026-03-25,AdMob,IN,Native,211949,4976,74.32,0.5252,0.6677
2026-03-25,AdMob,BR,Banner,143032,2816,42.83,0.3374,0.8876
2026-03-25,AdMob,BR,Interstitial,29255,665,28.09,1.1442,0.8391
2026-03-25,AdMob,BR,Rewarded,43690,762,54.22,1.631,0.7609
2026-03-25,AdMob,BR,Native,66961,1584,38.18,0.822,0.6935
2026-03-25,AdMob,ID,Banner,172852,3718,21.22,0.1764,0.6957
2026-03-25,AdMob,ID,Interstitial,34945,824,14.87,0.6056,0.7027
2026-03-25,AdMob,ID,Rewarded,63573,1389,32.7,0.8279,0.6213
2026-03-25,AdMob,ID,Native,91459,2063,24.37,0.4156,0.6412
2026-03-25,AdMob,DE,Banner,110397,2423,177.87,1.7691,0.9108
2026-03-25,AdMob,DE,Interstitial,19153,396,96.86,6.0483,0.8362
2026-03-25,AdMob,DE,Rewarded,28038,527,174.0,7.6099,0.8155
2026-03-25,AdMob,DE,Native,51248,870,153.35,3.8952,0.7682
2026-03-25,AdMob,JP,Banner,122756,2399,202.76,1.9123,0.8637
2026-03-25,AdMob,JP,Interstitial,24953,419,136.33,6.4353,0.849
2026-03-25,AdMob,JP,Rewarded,41608,820,324.3,9.5977,0.8121
2026-03-25,AdMob,JP,Native,67328,1551,215.6,4.1821,0.7657
2026-03-25,Unity,US,Banner,195503,3286,470.82,2.5268,0.9531
2026-03-25,Unity,US,Interstitial,30819,530,234.67,8.5821,0.8873
2026-03-25,Unity,US,Rewarded,52061,1189,510.18,11.7156,0.8365
2026-03-25,Unity,US,Native,93738,1996,446.55,5.8052,0.8206
2026-03-25,Unity,IN,Banner,306480,6917,62.22,0.2481,0.8182
2026-03-25,Unity,IN,Interstitial,56326,1167,33.09,0.7787,0.7545
2026-03-25,Unity,IN,Rewarded,87259,1785,70.69,1.1623,0.697
2026-03-25,Unity,IN,Native,154249,2770,57.98,0.5894,0.6377
2026-03-25,Unity,BR,Banner,90089,2017,24.17,0.3246,0.8266
2026-03-25,Unity,BR,Interstitial,23549,509,22.47,1.174,0.8126
2026-03-25,Unity,BR,Rewarded,35780,643,50.98,1.9487,0.7311
2026-03-25,Unity,BR,Native,45399,838,28.79,0.8596,0.7377
2026-03-25,Unity,ID,Banner,154861,2478,20.87,0.1783,0.7559
2026-03-25,Unity,ID,Interstitial,24719,550,9.28,0.5762,0.6515
2026-03-25,Unity,ID,Rewarded,36364,655,21.27,0.9448,0.619
2026-03-25,Unity,ID,Native,77166,1833,21.44,0.4579,0.6068
2026-03-25,Unity,DE,Banner,72664,1334,109.3,1.6222,0.9273
2026-03-25,Unity,DE,Interstitial,13016,222,62.43,5.6722,0.8456
2026-03-25,Unity,DE,Rewarded,18271,352,131.4,8.7249,0.8242
2026-03-25,Unity,DE,Native,39160,911,115.66,3.7814,0.7811
2026-03-25,Unity,JP,Banner,96443,1862,155.87,1.804,0.8959
2026-03-25,Unity,JP,Interstitial,18272,322,86.64,5.7091,0.8305
2026-03-25,Unity,JP,Rewarded,22613,366,170.02,9.1594,0.8209
2026-03-25,Unity,JP,Native,39760,690,125.97,4.1666,0.7604
2026-03-25,AppLovin,US,Banner,108376,1764,263.35,2.5597,0.9493
2026-03-25,AppLovin,US,Interstitial,23870,426,176.37,8.778,0.8417
2026-03-25,AppLovin,US,Rewarded,37899,754,427.09,13.9057,0.8104
2026-03-25,AppLovin,US,Native,60623,1244,291.46,6.4229,0.7485
2026-03-25,AppLovin,IN,Banner,220767,4203,46.26,0.2634,0.7955
2026-03-25,AppLovin,IN,Interstitial,38941,853,22.63,0.7763,0.7487
2026-03-25,AppLovin,IN,Rewarded,65750,1533,55.64,1.18,0.7172
2026-03-25,AppLovin,IN,Native,112624,2280,44.12,0.5829,0.6721
2026-03-25,AppLovin,BR,Banner,67871,1172,19.18,0.3329,0.8488
2026-03-25,AppLovin,BR,Interstitial,15346,250,15.34,1.235,0.8096
2026-03-25,AppLovin,BR,Rewarded,19514,466,23.93,1.6608,0.7385
2026-03-25,AppLovin,BR,Native,35750,753,19.86,0.8051,0.6902
2026-03-25,AppLovin,ID,Banner,104565,2342,13.2,0.1683,0.7502
2026-03-25,AppLovin,ID,Interstitial,18381,345,7.49,0.5983,0.6812
2026-03-25,AppLovin,ID,Rewarded,32858,638,17.52,0.8297,0.6425
2026-03-25,AppLovin,ID,Native,49530,833,13.27,0.4504,0.5948
2026-03-25,AppLovin,DE,Banner,51767,1004,68.8,1.5424,0.8617
2026-03-25,AppLovin,DE,Interstitial,9158,153,40.86,5.3473,0.8345
2026-03-25,AppLovin,DE,Rewarded,15271,286,96.7,7.4696,0.8478
2026-03-25,AppLovin,DE,Native,26463,581,80.95,4.089,0.7481
2026-03-25,AppLovin,JP,Banner,68732,1111,108.32,1.7069,0.9233
2026-03-25,AppLovin,JP,Interstitial,11438,246,58.73,6.336,0.8104
2026-03-25,AppLovin,JP,Rewarded,20749,493,161.07,9.8266,0.79
2026-03-25,AppLovin,JP,Native,30421,644,90.31,3.9632,0.749
2026-03-25,ironSource,US,Banner,98738,1994,232.78,2.5842,0.9123
2026-03-25,ironSource,US,Interstitial,22715,501,164.58,8.4997,0.8524
2026-03-25,ironSource,US,Rewarded,28538,532,306.13,13.5563,0.7913
2026-03-25,ironSource,US,Native,43915,838,190.35,5.4565,0.7944
2026-03-25,ironSource,IN,Banner,177830,3870,32.72,0.2408,0.764
2026-03-25,ironSource,IN,Interstitial,33190,575,21.15,0.8479,0.7516
2026-03-25,ironSource,IN,Rewarded,50452,1179,41.43,1.174,0.6994
2026-03-25,ironSource,IN,Native,76639,1284,28.69,0.5725,0.6539
2026-03-25,ironSource,BR,Banner,59163,1131,18.28,0.367,0.8421
2026-03-25,ironSource,BR,Interstitial,13153,295,11.31,1.0871,0.791
2026-03-25,ironSource,BR,Rewarded,20270,356,28.49,1.7684,0.7947
2026-03-25,ironSource,BR,Native,27492,488,18.56,0.8982,0.7516
2026-03-25,ironSource,ID,Banner,69423,1533,8.06,0.1653,0.7028
2026-03-25,ironSource,ID,Interstitial,16047,371,6.58,0.5947,0.6898
2026-03-25,ironSource,ID,Rewarded,21051,372,13.3,0.9351,0.6757
2026-03-25,ironSource,ID,Native,44053,786,11.2,0.4366,0.5823
2026-03-25,ironSource,DE,Banner,41270,736,61.49,1.6508,0.9025
2026-03-25,ironSource,DE,Interstitial,8420,159,37.33,5.2431,0.8455
2026-03-25,ironSource,DE,Rewarded,12619,222,75.14,7.5739,0.7861
2026-03-25,ironSource,DE,Native,17650,385,49.47,3.6248,0.7732
2026-03-25,ironSource,JP,Banner,52404,1240,78.9,1.7911,0.8406
2026-03-25,ironSource,JP,Interstitial,9004,194,48.61,6.2021,0.8705
2026-03-25,ironSource,JP,Rewarded,13731,287,89.84,8.6684,0.7548
2026-03-25,ironSource,JP,Native,25847,582,80.71,4.3894,0.7114
2026-03-26,AdMob,US,Banner,267903,5654,574.47,2.3669,0.906
2026-03-26,AdMob,US,Interstitial,49936,1111,328.29,7.8457,0.8379
2026-03-26,AdMob,US,Rewarded,67259,1405,685.44,11.9138,0.8554
2026-03-26,AdMob,US,Native,128926,2683,601.52,5.9254,0.7874
2026-03-26,AdMob,IN,Banner,456139,7507,78.36,0.2267,0.7577
2026-03-26,AdMob,IN,Interstitial,83796,1585,48.21,0.8078,0.7122
2026-03-26,AdMob,IN,Rewarded,108431,2327,92.25,1.1596,0.7337
2026-03-26,AdMob,IN,Native,170454,3702,57.21,0.5323,0.6305
2026-03-26,AdMob,BR,Banner,148623,2993,51.14,0.3956,0.8699
2026-03-26,AdMob,BR,Interstitial,32742,662,32.18,1.2492,0.7868
2026-03-26,AdMob,BR,Rewarded,45755,813,60.39,1.7824,0.7405
2026-03-26,AdMob,BR,Native,70073,1505,39.96,0.7577,0.7526
2026-03-26,AdMob,ID,Banner,211377,5042,28.32,0.1826,0.7336
2026-03-26,AdMob,ID,Interstitial,38621,881,16.29,0.6255,0.6744
2026-03-26,AdMob,ID,Rewarded,66444,1221,39.8,0.9724,0.616
2026-03-26,AdMob,ID,Native,89017,1606,22.66,0.4161,0.6117
2026-03-26,AdMob,DE,Banner,106703,1858,156.51,1.574,0.9319
2026-03-26,AdMob,DE,Interstitial,19203,319,93.48,5.6345,0.864
2026-03-26,AdMob,DE,Rewarded,33116,759,233.98,8.4118,0.84
2026-03-26,AdMob,DE,Native,50688,1199,167.18,4.1663,0.7917
2026-03-26,AdMob,JP,Banner,138143,2444,232.16,1.9156,0.8773
2026-03-26,AdMob,JP,Interstitial,28080,525,143.91,6.2671,0.8178
2026-03-26,AdMob,JP,Rewarded,39593,678,269.21,8.9601,0.7589
2026-03-26,AdMob,JP,Native,67105,1485,203.74,4.056,0.7486
2026-03-26,Unity,US,Banner,188186,3900,395.53,2.3802,0.8831
2026-03-26,Unity,US,Interstitial,37537,861,255.97,7.9034,0.8628
2026-03-26,Unity,US,Rewarded,59496,1074,596.16,12.6329,0.7932
2026-03-26,Unity,US,Native,80490,1663,354.74,5.6394,0.7815
2026-03-26,Unity,IN,Banner,248290,5158,50.7,0.2587,0.7894
2026-03-26,Unity,IN,Interstitial,64186,1173,40.7,0.8205,0.7728
2026-03-26,Unity,IN,Rewarded,77451,1379,65.52,1.204,0.7026
2026-03-26,Unity,IN,Native,148385,2916,50.86,0.5073,0.6756
2026-03-26,Unity,BR,Banner,110953,2072,35.41,0.3583,0.8906
2026-03-26,Unity,BR,Interstitial,24040,471,21.66,1.0956,0.8223
2026-03-26,Unity,BR,Rewarded,34544,578,51.83,1.9043,0.788
2026-03-26,Unity,BR,Native,57577,1021,31.38,0.792,0.6882
2026-03-26,Unity,ID,Banner,139129,2351,18.37,0.1887,0.6997
2026-03-26,Unity,ID,Interstitial,29226,629,13.29,0.6581,0.6909
2026-03-26,Unity,ID,Rewarded,42770,870,27.61,0.9508,0.6788
2026-03-26,Unity,ID,Native,68252,1162,19.69,0.4503,0.6407
2026-03-26,Unity,DE,Banner,71641,1380,112.99,1.7465,0.903
2026-03-26,Unity,DE,Interstitial,14651,350,64.74,5.2471,0.8421
2026-03-26,Unity,DE,Rewarded,21859,463,161.8,8.8653,0.8349
2026-03-26,Unity,DE,Native,38577,799,110.27,3.6861,0.7755
2026-03-26,Unity,JP,Banner,90713,1659,131.18,1.6807,0.8604
2026-03-26,Unity,JP,Interstitial,18035,321,103.51,6.5671,0.874
2026-03-26,Unity,JP,Rewarded,24713,560,158.19,8.1649,0.784
2026-03-26,Unity,JP,Native,49206,874,143.01,3.9787,0.7305
2026-03-26,AppLovin,US,Banner,119378,2660,301.49,2.7054,0.9335
2026-03-26,AppLovin,US,Interstitial,25622,411,176.2,8.0881,0.8502
2026-03-26,AppLovin,US,Rewarded,40661,674,471.37,13.6352,0.8502
2026-03-26,AppLovin,US,Native,67416,1316,273.94,5.4095,0.7512
2026-03-26,AppLovin,IN,Banner,198568,3420,40.23,0.2552,0.794
2026-03-26,AppLovin,IN,Interstitial,36713,671,20.05,0.7657,0.7131
2026-03-26,AppLovin,IN,Rewarded,64114,1266,52.93,1.1379,0.7255
2026-03-26,AppLovin,IN,Native,94688,1906,35.26,0.5502,0.6769
2026-03-26,AppLovin,BR,Banner,63913,1502,20.29,0.3904,0.8131
2026-03-26,AppLovin,BR,Interstitial,12876,258,13.2,1.265,0.8103
2026-03-26,AppLovin,BR,Rewarded,19616,453,26.31,1.7059,0.7862
2026-03-26,AppLovin,BR,Native,37827,811,21.3,0.8154,0.6907
2026-03-26,AppLovin,ID,Banner,93353,1856,11.2,0.164,0.7319
2026-03-26,AppLovin,ID,Interstitial,17071,281,6.59,0.5533,0.6976
2026-03-26,AppLovin,ID,Rewarded,33293,735,17.92,0.866,0.6213
2026-03-26,AppLovin,ID,Native,50366,814,12.33,0.4038,0.6063
2026-03-26,AppLovin,DE,Banner,52440,1102,77.4,1.6057,0.9193
2026-03-26,AppLovin,DE,Interstitial,10453,202,52.72,5.8222,0.8662
2026-03-26,AppLovin,DE,Rewarded,14504,320,92.05,7.6223,0.8326
2026-03-26,AppLovin,DE,Native,23097,458,73.61,4.1293,0.7718
2026-03-26,AppLovin,JP,Banner,53453,893,83.85,1.7578,0.8924
2026-03-26,AppLovin,JP,Interstitial,12348,251,69.52,6.5921,0.8541
2026-03-26,AppLovin,JP,Rewarded,18935,443,128.26,8.1788,0.8282
2026-03-26,AppLovin,JP,Native,32960,575,92.46,3.8632,0.7261
2026-03-26,ironSource,US,Banner,100587,2048,226.54,2.401,0.938
2026-03-26,ironSource,US,Interstitial,17105,386,129.13,8.9149,0.8468
2026-03-26,ironSource,US,Rewarded,28695,685,278.84,12.3385,0.7876
2026-03-26,ironSource,US,Native,51680,1115,227.2,5.858,0.7505
2026-03-26,ironSource,IN,Banner,149571,3272,32.12,0.2634,0.8151
2026-03-26,ironSource,IN,Interstitial,36522,658,19.5,0.7369,0.7247
2026-03-26,ironSource,IN,Rewarded,41836,956,36.87,1.3133,0.6711
2026-03-26,ironSource,IN,Native,86435,1387,29.79,0.5461,0.6311
2026-03-26,ironSource,BR,Banner,54671,1130,16.64,0.3596,0.8464
2026-03-26,ironSource,BR,Interstitial,12979,290,11.85,1.1706,0.7801
2026-03-26,ironSource,BR,Rewarded,17096,401,23.13,1.7233,0.7852
2026-03-26,ironSource,BR,Native,33734,564,18.99,0.7791,0.7227
2026-03-26,ironSource,ID,Banner,91063,2104,10.79,0.1697,0.6982
2026-03-26,ironSource,ID,Interstitial,18245,362,7.49,0.6237,0.6581
2026-03-26,ironSource,ID,Rewarded,26279,456,14.98,0.913,0.6242
2026-03-26,ironSource,ID,Native,44369,842,11.7,0.4223,0.6246
2026-03-26,ironSource,DE,Banner,40389,864,64.58,1.8074,0.8847
2026-03-26,ironSource,DE,Interstitial,7214,164,32.25,5.0839,0.8793
2026-03-26,ironSource,DE,Rewarded,12605,293,76.44,7.686,0.789
2026-03-26,ironSource,DE,Native,18732,440,57.43,4.0955,0.7486
2026-03-26,ironSource,JP,Banner,56216,975,83.1,1.6356,0.9038
2026-03-26,ironSource,JP,Interstitial,9145,170,45.85,5.9518,0.8424
2026-03-26,ironSource,JP,Rewarded,15339,315,97.26,8.4072,0.7542
2026-03-26,ironSource,JP,Native,25130,582,83.17,4.3593,0.7592
2026-03-27,AdMob,US,Banner,246960,5285,529.23,2.2993,0.932
2026-03-27,AdMob,US,Interstitial,50322,865,381.15,8.8218,0.8586
2026-03-27,AdMob,US,Rewarded,78702,1568,785.07,12.1002,0.8244
2026-03-27,AdMob,US,Native,124144,2969,561.29,6.0672,0.7452
2026-03-27,AdMob,IN,Banner,425957,7088,76.12,0.2364,0.7559
2026-03-27,AdMob,IN,Interstitial,84132,1601,46.75,0.7707,0.721
2026-03-27,AdMob,IN,Rewarded,123345,2825,109.03,1.2412,0.7122
2026-03-27,AdMob,IN,Native,183125,3732,67.06,0.5753,0.6366
2026-03-27,AdMob,BR,Banner,153778,3478,43.9,0.3396,0.8408
2026-03-27,AdMob,BR,Interstitial,26835,537,26.77,1.1843,0.8424
2026-03-27,AdMob,BR,Rewarded,48039,852,68.39,1.9177,0.7423
2026-03-27,AdMob,BR,Native,80818,1501,49.27,0.8826,0.6907
2026-03-27,AdMob,ID,Banner,193911,4538,26.58,0.1918,0.7144
2026-03-27,AdMob,ID,Interstitial,45959,879,20.25,0.6337,0.6954
2026-03-27,AdMob,ID,Rewarded,52206,981,30.46,0.9132,0.639
2026-03-27,AdMob,ID,Native,105631,2026,27.63,0.4169,0.6274
2026-03-27,AdMob,DE,Banner,89525,2006,137.87,1.6372,0.9406
2026-03-27,AdMob,DE,Interstitial,18234,309,87.47,5.3804,0.8916
2026-03-27,AdMob,DE,Rewarded,27785,535,178.1,7.8577,0.8157
2026-03-27,AdMob,DE,Native,43698,911,126.73,3.9495,0.7343
2026-03-27,AdMob,JP,Banner,125262,2644,189.59,1.7977,0.8419
2026-03-27,AdMob,JP,Interstitial,24484,510,121.79,5.8933,0.8441
2026-03-27,AdMob,JP,Rewarded,32044,686,205.72,8.3254,0.7711
2026-03-27,AdMob,JP,Native,63938,1459,216.3,4.4164,0.766
2026-03-27,Unity,US,Banner,168532,3016,395.81,2.471,0.9505
2026-03-27,Unity,US,Interstitial,34592,666,251.26,7.9804,0.9102
2026-03-27,Unity,US,Rewarded,47971,1129,512.45,13.2396,0.8069
2026-03-27,Unity,US,Native,84024,1887,397.58,6.1459,0.7699
2026-03-27,Unity,IN,Banner,313341,5268,64.2,0.2538,0.8072
2026-03-27,Unity,IN,Interstitial,63124,1355,39.77,0.8199,0.7684
2026-03-27,Unity,IN,Rewarded,76486,1649,63.15,1.2263,0.6733
2026-03-27,Unity,IN,Native,136178,3160,49.29,0.521,0.6948
2026-03-27,Unity,BR,Banner,117396,2493,38.73,0.3808,0.8663
2026-03-27,Unity,BR,Interstitial,18518,407,20.12,1.2961,0.8383
2026-03-27,Unity,BR,Rewarded,35538,843,49.2,1.8191,0.761
2026-03-27,Unity,BR,Native,51935,1095,32.0,0.8637,0.7133
2026-03-27,Unity,ID,Banner,149244,2746,19.85,0.1845,0.721
2026-03-27,Unity,ID,Interstitial,29208,498,12.33,0.649,0.6503
2026-03-27,Unity,ID,Rewarded,37209,878,23.92,0.9762,0.6585
2026-03-27,Unity,ID,Native,71739,1240,18.83,0.4168,0.6299
2026-03-27,Unity,DE,Banner,67508,1280,97.57,1.6389,0.8819
2026-03-27,Unity,DE,Interstitial,12228,273,53.14,5.1678,0.8409
2026-03-27,Unity,DE,Rewarded,18999,388,117.71,7.997,0.7748
2026-03-27,Unity,DE,Native,36168,661,117.96,4.1314,0.7894
2026-03-27,Unity,JP,Banner,77970,1667,120.4,1.6762,0.9213
2026-03-27,Unity,JP,Interstitial,15098,266,70.13,5.5641,0.8348
2026-03-27,Unity,JP,Rewarded,28641,564,209.48,9.1318,0.8009
2026-03-27,Unity,JP,Native,40548,769,132.48,4.2751,0.7642
2026-03-27,AppLovin,US,Banner,125185,2548,302.62,2.7232,0.8877
2026-03-27,AppLovin,US,Interstitial,23863,509,175.59,8.8448,0.8319
2026-03-27,AppLovin,US,Rewarded,33032,697,325.52,11.6402,0.8466
2026-03-27,AppLovin,US,Native,69905,1513,327.52,5.9734,0.7843
2026-03-27,AppLovin,IN,Banner,189403,3391,31.3,0.2178,0.7589
2026-03-27,AppLovin,IN,Interstitial,38027,893,25.29,0.871,0.7636
2026-03-27,AppLovin,IN,Rewarded,68974,1412,55.77,1.1841,0.6828
2026-03-27,AppLovin,IN,Native,111434,1902,41.11,0.5562,0.6634
2026-03-27,AppLovin,BR,Banner,73210,1691,21.57,0.3519,0.8374
2026-03-27,AppLovin,BR,Interstitial,13016,306,13.12,1.3133,0.7678
2026-03-27,AppLovin,BR,Rewarded,22824,484,31.68,1.8729,0.7411
2026-03-27,AppLovin,BR,Native,41797,770,22.66,0.7794,0.6956
2026-03-27,AppLovin,ID,Banner,89851,1591,10.93,0.166,0.7328
2026-03-27,AppLovin,ID,Interstitial,21002,356,9.38,0.6434,0.6944
2026-03-27,AppLovin,ID,Rewarded,30662,568,17.23,0.8809,0.6379
2026-03-27,AppLovin,ID,Native,56441,1117,14.65,0.4404,0.5896
2026-03-27,AppLovin,DE,Banner,47273,877,80.59,1.8077,0.943
2026-03-27,AppLovin,DE,Interstitial,9556,169,45.74,5.6094,0.8532
2026-03-27,AppLovin,DE,Rewarded,15721,299,103.13,7.9763,0.8225
2026-03-27,AppLovin,DE,Native,26501,573,80.74,3.9792,0.7657
2026-03-27,AppLovin,JP,Banner,61768,1109,87.46,1.6618,0.852
2026-03-27,AppLovin,JP,Interstitial,10862,181,56.03,6.2537,0.8249
2026-03-27,AppLovin,JP,Rewarded,20549,369,151.13,9.3306,0.7882
2026-03-27,AppLovin,JP,Native,27985,489,90.54,4.165,0.7768
2026-03-27,ironSource,US,Banner,102059,1992,265.12,2.7855,0.9326
2026-03-27,ironSource,US,Interstitial,21298,489,170.02,9.0518,0.8819
2026-03-27,ironSource,US,Rewarded,30131,602,354.42,13.5916,0.8654
2026-03-27,ironSource,US,Native,51575,1164,252.13,6.0803,0.804
2026-03-27,ironSource,IN,Banner,137307,2966,27.67,0.2512,0.8021
2026-03-27,ironSource,IN,Interstitial,34051,767,18.23,0.7266,0.7367
2026-03-27,ironSource,IN,Rewarded,54249,1217,43.57,1.1351,0.7076
2026-03-27,ironSource,IN,Native,86057,1875,31.14,0.5733,0.6311
2026-03-27,ironSource,BR,Banner,64918,1262,21.3,0.376,0.8726
2026-03-27,ironSource,BR,Interstitial,13777,323,14.18,1.265,0.8139
2026-03-27,ironSource,BR,Rewarded,20204,408,29.76,1.9132,0.7699
2026-03-27,ironSource,BR,Native,28458,586,16.43,0.7981,0.7234
2026-03-27,ironSource,ID,Banner,73868,1493,10.44,0.1952,0.7241
2026-03-27,ironSource,ID,Interstitial,15691,290,6.09,0.547,0.7102
2026-03-27,ironSource,ID,Rewarded,25025,505,15.03,0.9193,0.6535
2026-03-27,ironSource,ID,Native,36177,807,8.91,0.4016,0.6135
2026-03-27,ironSource,DE,Banner,39183,834,52.49,1.5523,0.8629
2026-03-27,ironSource,DE,Interstitial,7816,138,34.59,5.0879,0.8699
2026-03-27,ironSource,DE,Rewarded,12032,214,80.62,7.9302,0.845
2026-03-27,ironSource,DE,Native,19519,412,61.63,4.2038,0.7511
2026-03-27,ironSource,JP,Banner,47250,1102,69.9,1.6598,0.8912
2026-03-27,ironSource,JP,Interstitial,9857,190,51.24,6.1514,0.8451
2026-03-27,ironSource,JP,Rewarded,15517,303,104.0,8.5668,0.7823
2026-03-27,ironSource,JP,Native,27730,491,85.62,4.0726,0.7581
2026-03-28,AdMob,US,Banner,266159,5242,659.81,2.6257,0.9441
2026-03-28,AdMob,US,Interstitial,54655,1189,423.35,9.1975,0.8422
2026-03-28,AdMob,US,Rewarded,91170,1989,1042.61,13.2351,0.8641
2026-03-28,AdMob,US,Native,135192,2196,603.94,5.7756,0.7735
2026-03-28,AdMob,IN,Banner,517064,11293,90.31,0.2195,0.7956
2026-03-28,AdMob,IN,Interstitial,101486,1869,62.17,0.8085,0.7577
2026-03-28,AdMob,IN,Rewarded,148167,2564,125.78,1.1624,0.7303
2026-03-28,AdMob,IN,Native,217287,4778,82.88,0.5599,0.6813
2026-03-28,AdMob,BR,Banner,157529,3130,43.9,0.3344,0.8333
2026-03-28,AdMob,BR,Interstitial,34903,677,33.89,1.183,0.8207
2026-03-28,AdMob,BR,Rewarded,58679,1225,77.92,1.7139,0.7747
2026-03-28,AdMob,BR,Native,80598,1400,47.4,0.8252,0.7128
2026-03-28,AdMob,ID,Banner,228433,4477,28.0,0.1759,0.6968
2026-03-28,AdMob,ID,Interstitial,44921,951,16.45,0.5558,0.6588
2026-03-28,AdMob,ID,Rewarded,73276,1241,44.58,0.9794,0.6212
2026-03-28,AdMob,ID,Native,99537,1913,26.07,0.4227,0.6195
2026-03-28,AdMob,DE,Banner,125277,2142,202.36,1.7116,0.9437
2026-03-28,AdMob,DE,Interstitial,19952,468,85.29,5.2523,0.8139
2026-03-28,AdMob,DE,Rewarded,32470,583,215.27,8.3365,0.7953
2026-03-28,AdMob,DE,Native,51503,1224,147.93,3.7117,0.7738
2026-03-28,AdMob,JP,Banner,146255,3323,222.35,1.8118,0.8391
2026-03-28,AdMob,JP,Interstitial,24824,430,135.15,6.4875,0.8392
2026-03-28,AdMob,JP,Rewarded,42500,771,326.44,9.891,0.7766
2026-03-28,AdMob,JP,Native,63638,1408,195.44,4.2816,0.7173
2026-03-28,Unity,US,Banner,226560,4636,554.78,2.7703,0.8839
2026-03-28,Unity,US,Interstitial,35385,718,275.06,8.6224,0.9015
2026-03-28,Unity,US,Rewarded,67113,1412,734.47,13.5193,0.8095
2026-03-28,Unity,US,Native,85755,2014,380.48,5.8263,0.7615
2026-03-28,Unity,IN,Banner,312860,6941,61.77,0.2474,0.7981
2026-03-28,Unity,IN,Interstitial,68955,1406,39.88,0.7663,0.7548
2026-03-28,Unity,IN,Rewarded,99421,2330,73.57,1.0802,0.685
2026-03-28,Unity,IN,Native,150860,2581,53.58,0.5531,0.6422
2026-03-28,Unity,BR,Banner,110196,2050,35.51,0.3639,0.8856
2026-03-28,Unity,BR,Interstitial,22870,532,22.12,1.2154,0.7959
2026-03-28,Unity,BR,Rewarded,34897,776,48.12,1.7966,0.7676
2026-03-28,Unity,BR,Native,61532,1446,34.06,0.7962,0.6953
2026-03-28,Unity,ID,Banner,175565,3638,21.24,0.1628,0.7432
2026-03-28,Unity,ID,Interstitial,32382,569,12.33,0.5415,0.7032
2026-03-28,Unity,ID,Rewarded,51603,835,27.99,0.8129,0.6672
2026-03-28,Unity,ID,Native,74121,1471,17.55,0.4005,0.591
2026-03-28,Unity,DE,Banner,75276,1545,123.8,1.8128,0.9072
2026-03-28,Unity,DE,Interstitial,14751,326,65.54,5.3996,0.8229
2026-03-28,Unity,DE,Rewarded,22926,548,158.86,8.6657,0.7996
2026-03-28,Unity,DE,Native,36278,857,97.11,3.4662,0.7723
2026-03-28,Unity,JP,Banner,105064,2445,153.25,1.6509,0.8836
2026-03-28,Unity,JP,Interstitial,17145,396,82.8,5.6003,0.8623
2026-03-28,Unity,JP,Rewarded,32063,652,240.73,9.8848,0.7595
2026-03-28,Unity,JP,Native,53104,1239,178.69,4.3702,0.77
2026-03-28,AppLovin,US,Banner,137783,2944,289.65,2.3169,0.9073
2026-03-28,AppLovin,US,Interstitial,26278,422,201.51,9.027,0.8495
2026-03-28,AppLovin,US,Rewarded,43229,950,469.87,13.3275,0.8156
2026-03-28,AppLovin,US,Native,70546,1529,294.13,5.5593,0.75
2026-03-28,AppLovin,IN,Banner,222114,4172,45.19,0.2598,0.7831
2026-03-28,AppLovin,IN,Interstitial,43916,907,24.34,0.741,0.7479
2026-03-28,AppLovin,IN,Rewarded,75209,1261,58.32,1.1283,0.6873
2026-03-28,AppLovin,IN,Native,107939,2290,41.33,0.5519,0.6938
2026-03-28,AppLovin,BR,Banner,93569,1689,26.65,0.3474,0.8198
2026-03-28,AppLovin,BR,Interstitial,15989,365,15.5,1.2199,0.7947
2026-03-28,AppLovin,BR,Rewarded,29667,630,40.38,1.7436,0.7807
2026-03-28,AppLovin,BR,Native,39172,857,24.99,0.9102,0.7008
2026-03-28,AppLovin,ID,Banner,109742,2514,13.78,0.1752,0.7168
2026-03-28,AppLovin,ID,Interstitial,20517,337,7.59,0.5465,0.6773
2026-03-28,AppLovin,ID,Rewarded,36441,799,23.15,0.9469,0.671
2026-03-28,AppLovin,ID,Native,64682,1134,18.21,0.4409,0.6387
2026-03-28,AppLovin,DE,Banner,57497,1324,95.52,1.813,0.9163
2026-03-28,AppLovin,DE,Interstitial,9879,171,50.9,5.9089,0.8719
2026-03-28,AppLovin,DE,Rewarded,14795,315,98.03,7.8539,0.8437
2026-03-28,AppLovin,DE,Native,32367,637,98.42,3.8085,0.7984
2026-03-28,AppLovin,JP,Banner,65497,1222,101.28,1.6745,0.9235
2026-03-28,AppLovin,JP,Interstitial,12908,298,57.13,5.4101,0.8181
2026-03-28,AppLovin,JP,Rewarded,21782,437,166.11,9.2384,0.8255
2026-03-28,AppLovin,JP,Native,39584,658,125.7,4.052,0.7837
2026-03-28,ironSource,US,Banner,122756,2345,288.07,2.6319,0.8916
2026-03-28,ironSource,US,Interstitial,21708,519,149.45,7.8106,0.8814
2026-03-28,ironSource,US,Rewarded,35116,600,356.88,12.8654,0.7899
2026-03-28,ironSource,US,Native,57728,1080,305.76,6.5274,0.8115
2026-03-28,ironSource,IN,Banner,186373,4007,35.91,0.2425,0.7945
2026-03-28,ironSource,IN,Interstitial,39999,662,22.41,0.724,0.7739
2026-03-28,ironSource,IN,Rewarded,54805,904,49.98,1.3007,0.7011
2026-03-28,ironSource,IN,Native,84527,1638,30.56,0.5688,0.6357
2026-03-28,ironSource,BR,Banner,65462,1404,20.46,0.3827,0.8169
2026-03-28,ironSource,BR,Interstitial,13413,280,12.84,1.2211,0.7837
2026-03-28,ironSource,BR,Rewarded,21780,498,28.3,1.6453,0.7898
2026-03-28,ironSource,BR,Native,29982,482,18.75,0.8573,0.7293
2026-03-28,ironSource,ID,Banner,87648,2056,12.49,0.1969,0.724
2026-03-28,ironSource,ID,Interstitial,19369,421,6.9,0.5434,0.6551
2026-03-28,ironSource,ID,Rewarded,28051,630,15.31,0.8329,0.6554
2026-03-28,ironSource,ID,Native,49491,1175,11.78,0.3987,0.5972
2026-03-28,ironSource,DE,Banner,51346,887,75.86,1.5901,0.9292
2026-03-28,ironSource,DE,Interstitial,8363,190,35.3,5.1493,0.8198
2026-03-28,ironSource,DE,Rewarded,14126,316,92.98,7.8523,0.8382
2026-03-28,ironSource,DE,Native,20246,439,62.71,3.961,0.782
2026-03-28,ironSource,JP,Banner,61349,1395,89.07,1.681,0.8637
2026-03-28,ironSource,JP,Interstitial,12874,294,58.78,5.735,0.7961
2026-03-28,ironSource,JP,Rewarded,16613,321,112.63,8.693,0.7799
2026-03-28,ironSource,JP,Native,27700,658,84.47,4.2558,0.7165
2026-03-29,AdMob,US,Banner,325143,6919,860.5,2.7715,0.9549
2026-03-29,AdMob,US,Interstitial,52689,979,341.89,7.7341,0.839
2026-03-29,AdMob,US,Rewarded,86350,1744,995.06,14.0078,0.8227
2026-03-29,AdMob,US,Native,152166,3078,691.49,5.5701,0.8158
2026-03-29,AdMob,IN,Banner,429123,8526,88.42,0.2609,0.7898
2026-03-29,AdMob,IN,Interstitial,94212,2159,56.6,0.8397,0.7154
2026-03-29,AdMob,IN,Rewarded,157023,3592,136.49,1.2161,0.7148
2026-03-29,AdMob,IN,Native,221361,4292,91.92,0.6152,0.675
2026-03-29,AdMob,BR,Banner,181677,4063,53.67,0.3616,0.817
2026-03-29,AdMob,BR,Interstitial,35166,714,34.85,1.271,0.7796
2026-03-29,AdMob,BR,Rewarded,55889,1280,87.72,1.9758,0.7944
2026-03-29,AdMob,BR,Native,79715,1401,49.94,0.8968,0.6986
2026-03-29,AdMob,ID,Banner,203098,3473,27.1,0.1929,0.6918
2026-03-29,AdMob,ID,Interstitial,42493,822,18.37,0.6087,0.71
2026-03-29,AdMob,ID,Rewarded,69958,1194,37.19,0.84,0.6328
2026-03-29,AdMob,ID,Native,111892,2547,28.65,0.4276,0.5988
2026-03-29,AdMob,DE,Banner,131602,2937,171.88,1.5247,0.8566
2026-03-29,AdMob,DE,Interstitial,20865,486,94.23,5.3385,0.846
2026-03-29,AdMob,DE,Rewarded,36143,635,208.69,7.492,0.7707
2026-03-29,AdMob,DE,Native,54363,1006,165.01,3.8381,0.7908
2026-03-29,AdMob,JP,Banner,138425,3272,201.38,1.7386,0.8368
2026-03-29,AdMob,JP,Interstitial,25636,510,118.57,5.7452,0.805
2026-03-29,AdMob,JP,Rewarded,48716,788,317.63,8.2813,0.7873
2026-03-29,AdMob,JP,Native,77716,1537,256.06,4.3186,0.7629
2026-03-29,Unity,US,Banner,225860,4870,521.02,2.5039,0.9213
2026-03-29,Unity,US,Interstitial,40498,677,277.0,7.9719,0.858
2026-03-29,Unity,US,Rewarded,59154,1244,613.81,13.0289,0.7964
2026-03-29,Unity,US,Native,112484,2603,492.31,5.7569,0.7603
2026-03-29,Unity,IN,Banner,340541,7285,58.18,0.2211,0.7728
2026-03-29,Unity,IN,Interstitial,65837,1473,40.22,0.819,0.746
2026-03-29,Unity,IN,Rewarded,91395,1747,84.14,1.25,0.7365
2026-03-29,Unity,IN,Native,175057,4110,60.35,0.5316,0.6485
2026-03-29,Unity,BR,Banner,103577,1990,29.85,0.3397,0.8485
2026-03-29,Unity,BR,Interstitial,25085,475,21.83,1.1263,0.7728
2026-03-29,Unity,BR,Rewarded,36489,743,51.38,1.8223,0.7728
2026-03-29,Unity,BR,Native,55769,980,34.17,0.8844,0.6927
2026-03-29,Unity,ID,Banner,172561,3212,21.36,0.1721,0.7195
2026-03-29,Unity,ID,Interstitial,32267,608,13.47,0.5816,0.7178
2026-03-29,Unity,ID,Rewarded,50140,1029,31.95,0.9699,0.6569
2026-03-29,Unity,ID,Native,82171,1347,21.76,0.4197,0.6308
2026-03-29,Unity,DE,Banner,89800,1444,140.39,1.6785,0.9314
2026-03-29,Unity,DE,Interstitial,17883,345,79.42,5.0822,0.8739
2026-03-29,Unity,DE,Rewarded,25461,512,168.63,8.4615,0.7827
2026-03-29,Unity,DE,Native,37560,625,114.63,3.8965,0.7832
2026-03-29,Unity,JP,Banner,101100,2388,160.56,1.8423,0.862
2026-03-29,Unity,JP,Interstitial,20247,411,91.38,5.619,0.8032
2026-03-29,Unity,JP,Rewarded,29057,596,185.26,8.4466,0.7548
2026-03-29,Unity,JP,Native,51800,1223,152.61,3.8991,0.7556
2026-03-29,AppLovin,US,Banner,164376,2905,428.35,2.7481,0.9483
2026-03-29,AppLovin,US,Interstitial,25786,588,191.72,8.4064,0.8845
2026-03-29,AppLovin,US,Rewarded,39657,775,423.1,12.6981,0.8402
2026-03-29,AppLovin,US,Native,70887,1403,326.87,5.6229,0.8201
2026-03-29,AppLovin,IN,Banner,232259,4190,41.09,0.2265,0.7811
2026-03-29,AppLovin,IN,Interstitial,41892,861,22.54,0.7641,0.7042
2026-03-29,AppLovin,IN,Rewarded,66670,1089,57.86,1.2957,0.6698
2026-03-29,AppLovin,IN,Native,128312,2236,41.89,0.5182,0.63
2026-03-29,AppLovin,BR,Banner,94630,2019,30.22,0.3818,0.8364
2026-03-29,AppLovin,BR,Interstitial,17287,389,17.3,1.2971,0.7717
2026-03-29,AppLovin,BR,Rewarded,23318,504,30.45,1.761,0.7414
2026-03-29,AppLovin,BR,Native,45432,959,28.39,0.848,0.7368
2026-03-29,AppLovin,ID,Banner,124537,2143,15.19,0.1706,0.7149
2026-03-29,AppLovin,ID,Interstitial,22514,488,9.8,0.6242,0.6971
2026-03-29,AppLovin,ID,Rewarded,32520,766,19.32,0.9292,0.6394
2026-03-29,AppLovin,ID,Native,54798,1274,14.74,0.4287,0.6273
2026-03-29,AppLovin,DE,Banner,56429,1048,80.89,1.604,0.8937
2026-03-29,AppLovin,DE,Interstitial,12031,246,59.17,5.976,0.823
2026-03-29,AppLovin,DE,Rewarded,19307,442,118.63,7.5902,0.8095
2026-03-29,AppLovin,DE,Native,32203,542,90.6,3.8611,0.7287
2026-03-29,AppLovin,JP,Banner,73744,1635,104.24,1.6646,0.8491
2026-03-29,AppLovin,JP,Interstitial,15456,271,79.58,6.4113,0.803
2026-03-29,AppLovin,JP,Rewarded,23716,567,181.92,9.398,0.8162
2026-03-29,AppLovin,JP,Native,39866,819,123.38,4.2172,0.7338
2026-03-29,ironSource,US,Banner,119781,2005,279.11,2.466,0.9449
2026-03-29,ironSource,US,Interstitial,24927,570,167.82,7.7044,0.8738
2026-03-29,ironSource,US,Rewarded,30220,699,309.26,12.7952,0.7998
2026-03-29,ironSource,US,Native,63232,1384,331.73,6.4664,0.8113
2026-03-29,ironSource,IN,Banner,166605,3450,29.95,0.2305,0.7798
2026-03-29,ironSource,IN,Interstitial,39915,792,21.54,0.7563,0.7135
2026-03-29,ironSource,IN,Rewarded,49533,1086,43.67,1.2465,0.7073
2026-03-29,ironSource,IN,Native,79950,1487,30.82,0.612,0.6299
2026-03-29,ironSource,BR,Banner,72718,1208,19.38,0.3273,0.8146
2026-03-29,ironSource,BR,Interstitial,14137,294,14.87,1.295,0.812
2026-03-29,ironSource,BR,Rewarded,19743,456,23.39,1.6267,0.7284
2026-03-29,ironSource,BR,Native,30386,650,19.6,0.924,0.6983
2026-03-29,ironSource,ID,Banner,104391,1963,13.46,0.175,0.7369
2026-03-29,ironSource,ID,Interstitial,17323,312,6.9,0.5642,0.706
2026-03-29,ironSource,ID,Rewarded,25804,500,16.26,0.9898,0.6368
2026-03-29,ironSource,ID,Native,52762,1193,13.03,0.409,0.6038
2026-03-29,ironSource,DE,Banner,43404,937,60.55,1.5621,0.8931
2026-03-29,ironSource,DE,Interstitial,7939,142,35.83,5.3613,0.8419
2026-03-29,ironSource,DE,Rewarded,14438,289,93.42,7.9035,0.8186
2026-03-29,ironSource,DE,Native,21048,346,57.15,3.6703,0.7398
2026-03-29,ironSource,JP,Banner,59556,1246,94.34,1.8622,0.8506
2026-03-29,ironSource,JP,Interstitial,13163,287,60.35,5.4893,0.8352
2026-03-29,ironSource,JP,Rewarded,14900,248,117.49,9.5009,0.83
2026-03-29,ironSource,JP,Native,31529,628,93.21,4.098,0.7214
2026-03-30,AdMob,US,Banner,217863,4755,488.69,2.5613,0.8758
2026-03-30,AdMob,US,Interstitial,49819,941,355.91,8.4302,0.8474
2026-03-30,AdMob,US,Rewarded,67842,1420,727.35,13.3502,0.8031
2026-03-30,AdMob,US,Native,116735,2263,562.48,6.1368,0.7852
2026-03-30,AdMob,IN,Banner,420760,9188,79.93,0.236,0.8051
2026-03-30,AdMob,IN,Interstitial,80975,1640,53.32,0.8603,0.7654
2026-03-30,AdMob,IN,Rewarded,104464,2122,87.87,1.2158,0.6918
2026-03-30,AdMob,IN,Native,208827,4476,81.16,0.5762,0.6745
2026-03-30,AdMob,BR,Banner,132417,2551,38.52,0.3378,0.8611
2026-03-30,AdMob,BR,Interstitial,32365,662,28.11,1.11,0.7826
2026-03-30,AdMob,BR,Rewarded,45010,732,58.54,1.7159,0.758
2026-03-30,AdMob,BR,Native,64583,1479,36.3,0.7719,0.728
2026-03-30,AdMob,ID,Banner,185613,4239,22.27,0.1632,0.735
2026-03-30,AdMob,ID,Interstitial,35658,600,13.81,0.5863,0.6607
2026-03-30,AdMob,ID,Rewarded,62667,1496,40.68,0.9842,0.6595
2026-03-30,AdMob,ID,Native,98031,1660,26.4,0.4534,0.594
2026-03-30,AdMob,DE,Banner,106075,2266,150.67,1.6076,0.8836
2026-03-30,AdMob,DE,Interstitial,19000,423,88.83,5.5798,0.8379
2026-03-30,AdMob,DE,Rewarded,28311,632,181.43,8.3077,0.7714
2026-03-30,AdMob,DE,Native,51805,937,139.11,3.613,0.7432
2026-03-30,AdMob,JP,Banner,127869,2755,199.88,1.8174,0.8601
2026-03-30,AdMob,JP,Interstitial,27917,579,126.19,5.4522,0.8291
2026-03-30,AdMob,JP,Rewarded,38472,634,240.7,8.1352,0.7691
2026-03-30,AdMob,JP,Native,63793,1190,199.22,4.3221,0.7225
2026-03-30,Unity,US,Banner,166064,3385,401.85,2.7131,0.8919
2026-03-30,Unity,US,Interstitial,37970,698,305.68,9.0603,0.8886
2026-03-30,Unity,US,Rewarded,57587,952,650.42,13.3675,0.8449
2026-03-30,Unity,US,Native,75510,1675,381.31,6.1825,0.8168
2026-03-30,Unity,IN,Banner,307843,6594,57.01,0.2422,0.7648
2026-03-30,Unity,IN,Interstitial,59561,1127,38.18,0.8281,0.7741
2026-03-30,Unity,IN,Rewarded,72399,1562,63.73,1.298,0.6782
2026-03-30,Unity,IN,Native,155674,2904,57.44,0.5387,0.6849
2026-03-30,Unity,BR,Banner,114269,2447,32.45,0.329,0.8632
2026-03-30,Unity,BR,Interstitial,20945,458,21.95,1.2449,0.8417
2026-03-30,Unity,BR,Rewarded,35859,649,49.01,1.7815,0.7672
2026-03-30,Unity,BR,Native,60148,1105,32.79,0.7653,0.7123
2026-03-30,Unity,ID,Banner,135233,3155,18.74,0.195,0.7105
2026-03-30,Unity,ID,Interstitial,27356,505,12.05,0.6426,0.6855
2026-03-30,Unity,ID,Rewarded,41361,757,23.19,0.8864,0.6324
2026-03-30,Unity,ID,Native,63415,1210,15.96,0.4062,0.6196
2026-03-30,Unity,DE,Banner,74458,1466,119.85,1.8107,0.8889
2026-03-30,Unity,DE,Interstitial,12589,223,59.24,5.3814,0.8744
2026-03-30,Unity,DE,Rewarded,18996,398,127.75,8.046,0.8358
2026-03-30,Unity,DE,Native,39804,650,122.3,4.1615,0.7383
2026-03-30,Unity,JP,Banner,84851,1448,135.21,1.8079,0.8814
2026-03-30,Unity,JP,Interstitial,15530,366,73.32,5.4562,0.8653
2026-03-30,Unity,JP,Rewarded,23223,534,149.64,8.4836,0.7595
2026-03-30,Unity,JP,Native,49770,940,145.98,3.9999,0.7333
2026-03-30,AppLovin,US,Banner,125092,2953,304.31,2.6431,0.9204
2026-03-30,AppLovin,US,Interstitial,21999,418,170.32,9.0076,0.8595
2026-03-30,AppLovin,US,Rewarded,39849,884,466.69,13.8449,0.8459
2026-03-30,AppLovin,US,Native,67202,1497,309.23,5.737,0.8021
2026-03-30,AppLovin,IN,Banner,202004,4552,39.08,0.2418,0.8003
2026-03-30,AppLovin,IN,Interstitial,38046,679,24.67,0.8482,0.7643
2026-03-30,AppLovin,IN,Rewarded,63905,1316,48.41,1.1248,0.6734
2026-03-30,AppLovin,IN,Native,112259,2250,39.04,0.508,0.6846
2026-03-30,AppLovin,BR,Banner,83120,1841,28.2,0.3847,0.8819
2026-03-30,AppLovin,BR,Interstitial,16543,296,14.7,1.1222,0.7917
2026-03-30,AppLovin,BR,Rewarded,24136,555,29.95,1.6753,0.7407
2026-03-30,AppLovin,BR,Native,39816,764,25.04,0.9031,0.6964
2026-03-30,AppLovin,ID,Banner,93494,1779,10.69,0.1623,0.7045
2026-03-30,AppLovin,ID,Interstitial,17553,287,7.21,0.608,0.676
2026-03-30,AppLovin,ID,Rewarded,31835,633,20.07,0.9413,0.6697
2026-03-30,AppLovin,ID,Native,57029,1115,15.95,0.4548,0.6151
2026-03-30,AppLovin,DE,Banner,42545,999,66.27,1.7196,0.9058
2026-03-30,AppLovin,DE,Interstitial,10282,242,55.0,6.0421,0.8853
2026-03-30,AppLovin,DE,Rewarded,14224,317,91.01,7.6714,0.834
2026-03-30,AppLovin,DE,Native,22835,385,71.4,4.0539,0.7713
2026-03-30,AppLovin,JP,Banner,62533,1395,107.66,1.9552,0.8806
2026-03-30,AppLovin,JP,Interstitial,10733,214,58.81,6.2737,0.8734
2026-03-30,AppLovin,JP,Rewarded,17837,310,136.32,9.264,0.825
2026-03-30,AppLovin,JP,Native,30347,616,88.75,3.9113,0.7477
2026-03-30,ironSource,US,Banner,113326,2615,262.96,2.5054,0.9262
2026-03-30,ironSource,US,Interstitial,18928,352,149.26,8.7961,0.8965
2026-03-30,ironSource,US,Rewarded,26979,489,280.9,12.7574,0.8161
2026-03-30,ironSource,US,Native,57101,1002,275.27,5.9526,0.8099
2026-03-30,ironSource,IN,Banner,181093,3462,37.0,0.2541,0.8041
2026-03-30,ironSource,IN,Interstitial,31862,726,19.8,0.8149,0.7625
2026-03-30,ironSource,IN,Rewarded,41923,869,39.84,1.297,0.7327
2026-03-30,ironSource,IN,Native,72482,1633,28.76,0.5957,0.6662
2026-03-30,ironSource,BR,Banner,65666,1304,18.63,0.3302,0.8591
2026-03-30,ironSource,BR,Interstitial,13606,315,12.28,1.1512,0.7838
2026-03-30,ironSource,BR,Rewarded,16103,330,22.54,1.8671,0.7497
2026-03-30,ironSource,BR,Native,31045,529,19.41,0.8261,0.7568
2026-03-30,ironSource,ID,Banner,77393,1490,10.02,0.1775,0.7294
2026-03-30,ironSource,ID,Interstitial,14065,263,6.24,0.6537,0.6783
2026-03-30,ironSource,ID,Rewarded,23616,405,12.47,0.849,0.6221
2026-03-30,ironSource,ID,Native,35999,755,8.62,0.3946,0.6071
2026-03-30,ironSource,DE,Banner,41546,938,57.86,1.485,0.9379
2026-03-30,ironSource,DE,Interstitial,9113,158,42.34,5.346,0.8691
2026-03-30,ironSource,DE,Rewarded,13141,261,80.44,7.6913,0.7959
2026-03-30,ironSource,DE,Native,20567,398,58.86,3.8959,0.7346
2026-03-30,ironSource,JP,Banner,56343,1159,96.76,1.9341,0.888
2026-03-30,ironSource,JP,Interstitial,8835,175,40.63,5.6403,0.8153
2026-03-30,ironSource,JP,Rewarded,16041,313,109.2,8.9293,0.7624
2026-03-30,ironSource,JP,Native,22469,446,71.66,4.411,0.7231
2026-03-31,AdMob,US,Banner,264506,5424,561.92,2.4114,0.881
2026-03-31,AdMob,US,Interstitial,43313,807,335.72,8.6492,0.8962
2026-03-31,AdMob,US,Rewarded,74737,1791,854.18,13.8433,0.8256
2026-03-31,AdMob,US,Native,112137,2576,551.86,6.1986,0.7939
2026-03-31,AdMob,IN,Banner,351093,8238,60.52,0.2294,0.7513
2026-03-31,AdMob,IN,Interstitial,78239,1330,49.15,0.8656,0.7258
2026-03-31,AdMob,IN,Rewarded,112675,2150,100.1,1.2233,0.7262
2026-03-31,AdMob,IN,Native,224888,4921,80.76,0.5314,0.6758
2026-03-31,AdMob,BR,Banner,139828,2287,38.22,0.3259,0.8385
2026-03-31,AdMob,BR,Interstitial,33606,733,36.35,1.3088,0.8265
2026-03-31,AdMob,BR,Rewarded,41502,849,53.86,1.6466,0.7881
2026-03-31,AdMob,BR,Native,79086,1356,50.22,0.887,0.716
2026-03-31,AdMob,ID,Banner,217702,4245,28.87,0.1783,0.7435
2026-03-31,AdMob,ID,Interstitial,36604,754,14.38,0.5605,0.7007
2026-03-31,AdMob,ID,Rewarded,58282,1044,34.1,0.8986,0.6512
2026-03-31,AdMob,ID,Native,96344,1927,23.47,0.4026,0.6052
2026-03-31,AdMob,DE,Banner,90200,1649,129.59,1.6149,0.8897
2026-03-31,AdMob,DE,Interstitial,22990,399,100.31,5.031,0.8672
2026-03-31,AdMob,DE,Rewarded,33055,746,236.83,8.9334,0.802
2026-03-31,AdMob,DE,Native,46248,866,124.08,3.5729,0.7509
2026-03-31,AdMob,JP,Banner,121150,2626,185.36,1.7543,0.8722
2026-03-31,AdMob,JP,Interstitial,23091,452,104.56,5.4223,0.8351
2026-03-31,AdMob,JP,Rewarded,32550,581,215.24,8.3408,0.7928
2026-03-31,AdMob,JP,Native,69579,1362,194.5,3.9256,0.7121
2026-03-31,Unity,US,Banner,200523,3235,475.97,2.6183,0.9066
2026-03-31,Unity,US,Interstitial,34841,719,247.24,8.001,0.8869
2026-03-31,Unity,US,Rewarded,48802,1009,482.79,11.6507,0.8491
2026-03-31,Unity,US,Native,96480,1635,433.88,5.6642,0.794
2026-03-31,Unity,IN,Banner,262512,4874,52.33,0.2475,0.8054
2026-03-31,Unity,IN,Interstitial,61020,1404,36.89,0.8284,0.7298
2026-03-31,Unity,IN,Rewarded,84232,1652,73.03,1.2356,0.7017
2026-03-31,Unity,IN,Native,154615,3562,52.5,0.537,0.6323
2026-03-31,Unity,BR,Banner,115238,2466,33.24,0.3504,0.8233
2026-03-31,Unity,BR,Interstitial,18346,381,16.78,1.1817,0.7741
2026-03-31,Unity,BR,Rewarded,27032,537,38.85,1.8465,0.7783
2026-03-31,Unity,BR,Native,47381,934,25.97,0.773,0.709
2026-03-31,Unity,ID,Banner,145972,3167,17.39,0.162,0.7352
2026-03-31,Unity,ID,Interstitial,27534,613,11.32,0.5812,0.7074
2026-03-31,Unity,ID,Rewarded,48089,803,28.44,0.8769,0.6744
2026-03-31,Unity,ID,Native,68140,1430,17.29,0.4171,0.6084
2026-03-31,Unity,DE,Banner,63074,1465,101.05,1.7709,0.9047
2026-03-31,Unity,DE,Interstitial,11911,238,56.96,5.643,0.8475
2026-03-31,Unity,DE,Rewarded,22535,487,138.17,7.7998,0.7861
2026-03-31,Unity,DE,Native,35224,693,98.06,3.6449,0.7638
2026-03-31,Unity,JP,Banner,92525,1928,133.13,1.621,0.8876
2026-03-31,Unity,JP,Interstitial,18788,352,100.97,6.4671,0.831
2026-03-31,Unity,JP,Rewarded,23118,518,152.53,8.7063,0.7578
2026-03-31,Unity,JP,Native,47779,809,144.07,4.1305,0.73
2026-03-31,AppLovin,US,Banner,138171,2898,340.47,2.7425,0.8985
2026-03-31,AppLovin,US,Interstitial,23189,478,155.01,8.0327,0.8322
2026-03-31,AppLovin,US,Rewarded,33561,621,307.11,11.5065,0.7953
2026-03-31,AppLovin,US,Native,65671,1202,298.53,5.5961,0.8123
2026-03-31,AppLovin,IN,Banner,189873,3150,32.71,0.2265,0.7608
2026-03-31,AppLovin,IN,Interstitial,37537,863,24.3,0.8575,0.755
2026-03-31,AppLovin,IN,Rewarded,52887,1151,42.96,1.1893,0.683
2026-03-31,AppLovin,IN,Native,114107,2114,42.94,0.5953,0.6322
2026-03-31,AppLovin,BR,Banner,64393,1172,17.14,0.3269,0.8143
2026-03-31,AppLovin,BR,Interstitial,14118,313,13.28,1.1761,0.7998
2026-03-31,AppLovin,BR,Rewarded,20079,413,26.08,1.6768,0.7747
2026-03-31,AppLovin,BR,Native,33607,636,21.46,0.8992,0.7101
2026-03-31,AppLovin,ID,Banner,97613,1865,12.27,0.1736,0.7241
2026-03-31,AppLovin,ID,Interstitial,18556,400,8.07,0.6485,0.6709
2026-03-31,AppLovin,ID,Rewarded,28625,630,16.04,0.8883,0.6309
2026-03-31,AppLovin,ID,Native,53558,1252,11.9,0.3799,0.5851
2026-03-31,AppLovin,DE,Banner,55832,1256,82.96,1.652,0.8994
2026-03-31,AppLovin,DE,Interstitial,8915,195,43.11,5.6691,0.8529
2026-03-31,AppLovin,DE,Rewarded,12885,292,88.2,8.403,0.8146
2026-03-31,AppLovin,DE,Native,26326,507,86.66,4.1427,0.7946
2026-03-31,AppLovin,JP,Banner,55701,924,93.91,1.8469,0.9129
2026-03-31,AppLovin,JP,Interstitial,12717,272,56.09,5.538,0.7965
2026-03-31,AppLovin,JP,Rewarded,19772,329,148.94,9.1812,0.8205
2026-03-31,AppLovin,JP,Native,27549,500,92.89,4.5062,0.7482
2026-03-31,ironSource,US,Banner,107144,2393,276.33,2.7511,0.9374
2026-03-31,ironSource,US,Interstitial,18694,391,137.85,8.1409,0.9058
2026-03-31,ironSource,US,Rewarded,27607,489,298.3,12.8116,0.8434
2026-03-31,ironSource,US,Native,52323,1119,216.82,5.4052,0.7666
2026-03-31,ironSource,IN,Banner,143168,3063,26.27,0.2267,0.8096
2026-03-31,ironSource,IN,Interstitial,31989,658,17.58,0.7537,0.7292
2026-03-31,ironSource,IN,Rewarded,43036,852,35.79,1.1956,0.6956
2026-03-31,ironSource,IN,Native,70533,1681,25.25,0.5159,0.6938
2026-03-31,ironSource,BR,Banner,58670,993,19.29,0.3808,0.8632
2026-03-31,ironSource,BR,Interstitial,11268,232,10.61,1.1553,0.8152
2026-03-31,ironSource,BR,Rewarded,20286,469,30.61,1.9044,0.7923
2026-03-31,ironSource,BR,Native,32711,673,18.64,0.8119,0.7019
2026-03-31,ironSource,ID,Banner,84549,2002,11.08,0.1759,0.7451
2026-03-31,ironSource,ID,Interstitial,16333,264,6.87,0.5948,0.7075
2026-03-31,ironSource,ID,Rewarded,21328,412,13.61,0.9622,0.663
2026-03-31,ironSource,ID,Native,44666,941,11.29,0.4075,0.6202
2026-03-31,ironSource,DE,Banner,36211,632,53.6,1.579,0.9374
2026-03-31,ironSource,DE,Interstitial,7216,167,32.42,5.4776,0.8201
2026-03-31,ironSource,DE,Rewarded,10560,236,71.06,8.4423,0.797
2026-03-31,ironSource,DE,Native,20538,339,62.0,3.764,0.802
2026-03-31,ironSource,JP,Banner,51166,1121,90.68,1.9762,0.8968
2026-03-31,ironSource,JP,Interstitial,8596,205,37.18,5.4256,0.7972
2026-03-31,ironSource,JP,Rewarded,17157,294,115.78,8.7021,0.7754
2026-03-31,ironSource,JP,Native,23718,543,74.38,4.0909,0.7666
